Player,Nation,Pos,Squad,Age,Born,MP,Min,Mn/MP,Min%,90s,Starts,Mn/Start,Compl,Subs,Mn/Sub,unSub,PPM,onG,onGA,+/-,+/-90,On-Off,onxG,onxGA,xG+/-,xG+/-90,On-Off
Brenden Aaronson,us USA,MF,Union Berlin,23-089,2000,12,395,33,27.4,4.4,5,53,0,7,18,2,1.08,5,9,-4,-0.91,-0.05,3.4,8.0,-4.5,-1.03,-0.93
Paxten Aaronson,us USA,MF,Eint Frankfurt,20-146,2003,7,101,14,6.6,1.1,1,45,0,6,9,6,0.86,2,2,0,0.00,-0.44,1.1,2.6,-1.5,-1.30,-1.08
Junior Adamu,at AUT,"FW,MF",Freiburg,22-227,2001,12,95,8,6.2,1.1,0,,0,12,8,2,1.42,1,5,-4,-3.79,-3.73,0.9,3.4,-2.4,-2.30,-2.54
Sargis Adamyan,am ARM,"FW,MF",Köln,30-241,1993,5,142,28,9.3,1.6,0,,0,5,28,3,0.20,1,4,-3,-1.90,-0.93,2.1,2.1,0.0,0.00,+1.07
Karim Adeyemi,de GER,"FW,MF",Dortmund,22-001,2002,11,370,34,24.2,4.1,3,55,0,8,26,2,1.45,9,9,0,0.00,-0.62,8.4,9.5,-1.1,-0.27,-0.65
Amine Adli,ma MAR,"MF,DF",Leverkusen,23-254,2000,11,265,24,17.3,2.9,2,62,0,9,16,2,2.45,9,3,+6,+2.04,-0.03,7.0,4.6,+2.3,+0.80,-0.44
Felix Agu,de GER,"MF,DF",Werder Bremen,24-114,1999,7,275,39,18.0,3.1,3,77,0,4,11,5,1.29,1,4,-3,-0.98,-0.69,2.8,5.2,-2.5,-0.80,-0.46
Ludovic Ajorque,fr FRA,FW,Mainz 05,29-328,1994,13,878,68,57.4,9.8,10,83,8,3,16,3,0.62,7,17,-10,-1.03,-0.33,12.8,12.0,+0.8,+0.08,+0.48
Kevin Akpoguma,ng NGA,DF,Hoffenheim,28-275,1995,10,579,58,37.8,6.4,5,89,4,5,26,4,1.40,12,11,+1,+0.16,+0.34,9.9,11.6,-1.7,-0.26,-0.20
Faride Alidou,de GER,"FW,MF",Köln,22-185,2001,10,291,29,19.0,3.2,1,61,0,9,26,2,0.60,2,8,-6,-1.86,-0.98,4.3,7.3,-3.0,-0.93,+0.06
Nadiem Amiri,de GER,"MF,FW",Leverkusen,27-084,1996,7,19,3,1.2,0.2,0,,0,7,3,10,2.71,0,0,0,0.00,-2.08,0.5,0.4,+0.1,+0.37,-0.80
Kofi Amoako,de GER,MF,Wolfsburg,18-258,2005,1,1,1,0.1,0.0,0,,0,1,1,1,3.00,0,0,0,0.00,+0.41,0.0,0.0,0.0,0.00,+0.32
Robert Andrich,de GER,"MF,DF",Leverkusen,29-119,1994,11,426,39,27.8,4.7,4,79,3,7,16,6,2.82,13,1,+12,+2.54,+0.66,9.4,3.0,+6.4,+1.36,+0.27
Spyridon Angelidis,gr GRE,GK,Werder Bremen,18-356,2005,0,,,,,0,,0,0,,1,,,,,,,,,,,
Waldemar Anton,de GER,DF,Stuttgart,27-183,1996,17,"1,498",88,97.9,16.6,17,88,16,0,,0,2.00,38,21,+17,+1.02,+3.83,38.7,18.9,+19.9,+1.19,+1.51
Christopher Antwi-Adjei,gh GHA,"FW,MF",Bochum,29-346,1994,15,724,48,47.3,8.0,6,75,1,9,30,1,0.87,8,17,-9,-1.12,-0.45,11.5,17.6,-6.2,-0.77,-0.70
Maximilian Arnold,de GER,MF,Wolfsburg,29-237,1994,14,"1,067",76,69.7,11.9,11,90,11,3,26,0,1.00,13,22,-9,-0.76,-1.15,13.1,18.9,-5.8,-0.49,-0.54
Arthur,br BRA,DF,Leverkusen,20-308,2003,2,34,17,2.2,0.4,0,,0,2,17,1,3.00,0,0,0,0.00,-2.11,0.5,0.3,+0.2,+0.43,-0.75
Takuma Asano,jp JPN,"FW,MF",Bochum,29-070,1994,16,"1,178",74,77.0,13.1,16,74,2,0,,0,1.00,14,27,-13,-0.99,-0.48,16.7,23.4,-6.7,-0.51,-0.48
Noah Atubolu,de GER,GK,Freiburg,21-239,2002,17,"1,530",90,100.0,17.0,17,90,17,0,,0,1.47,21,26,-5,-0.29,,26.0,24.6,+1.4,+0.08,
Matthias Bader,de GER,"DF,MF",Darmstadt 98,26-216,1997,13,930,72,60.8,10.3,11,79,5,2,31,0,0.77,15,26,-11,-1.06,+0.89,10.4,20.5,-10.1,-0.98,+0.30
Ridle Baku,de GER,"DF,MF",Wolfsburg,25-286,1998,17,924,54,60.4,10.3,9,86,5,8,19,0,1.18,12,14,-2,-0.19,+0.55,13.1,16.2,-3.0,-0.30,+0.07
Samuel Bamba,de GER,FW,Dortmund,19-340,2004,2,47,24,3.1,0.5,0,,0,2,24,0,1.00,0,0,0,0.00,-0.49,1.6,0.8,+0.9,+1.66,+1.48
Aymen Barkok,ma MAR,"MF,FW",Mainz 05,25-243,1998,13,321,25,21.0,3.6,1,68,0,12,21,0,0.62,7,7,0,0.00,+1.12,5.7,6.2,-0.5,-0.15,-0.04
Leandro Barreiro Martins,lu LUX,MF,Mainz 05,24-016,2000,15,"1,262",84,82.5,14.0,14,89,13,1,13,0,0.67,12,26,-14,-1.00,-0.66,15.2,18.2,-3.0,-0.21,-0.53
Daniel Batz,de GER,GK,Mainz 05,33-007,1991,4,360,90,23.5,4.0,4,90,4,0,,7,0.50,1,3,-2,-0.50,+0.50,6.2,2.9,+3.3,+0.83,+1.25
Maximilian Bauer,de GER,DF,Augsburg,23-344,2000,8,493,62,32.2,5.5,5,90,5,3,14,8,1.25,9,14,-5,-0.91,-0.65,9.8,9.9,-0.1,-0.01,+0.46
Elias Baum,de GER,"MF,DF",Eint Frankfurt,18-085,2005,2,20,10,1.3,0.2,0,,0,2,10,1,1.50,0,0,0,0.00,-0.42,0.0,1.0,-1.0,-4.38,-4.14
Oliver Baumann,de GER,GK,Hoffenheim,33-231,1990,17,"1,530",90,100.0,17.0,17,90,17,0,,0,1.41,32,33,-1,-0.06,,28.4,30.7,-2.3,-0.14,
Christoph Baumgartner,at AUT,MF,RB Leipzig,24-171,1999,16,688,43,45.0,7.6,7,71,0,9,21,1,2.06,14,7,+7,+0.92,-0.47,19.8,5.5,+14.3,+1.87,+1.69
Mika Baur,de GER,MF,Freiburg,19-194,2004,0,,,,,0,,0,0,,4,,,,,,,,,,,
Ihlas Bebou,tg TOG,"FW,DF",Hoffenheim,29-271,1994,15,733,49,47.9,8.1,7,80,3,8,21,2,1.40,13,18,-5,-0.61,-1.07,12.1,16.3,-4.3,-0.52,-0.74
Adrian Beck,de GER,MF,Heidenheim,26-224,1997,14,611,44,39.9,6.8,7,59,0,7,28,3,1.07,12,15,-3,-0.44,-0.05,8.0,13.5,-5.5,-0.80,+0.20
Sheraldo Becker,sr SUR,"FW,MF",Union Berlin,28-344,1995,11,645,59,44.8,7.2,7,72,1,4,35,0,0.55,6,17,-11,-1.53,-1.20,9.6,12.1,-2.5,-0.35,+0.02
Donny van de Beek,nl NED,FW,Eint Frankfurt,26-276,1997,1,62,62,4.1,0.7,1,62,0,0,,0,3.00,1,0,+1,+1.45,+1.08,1.0,2.1,-1.1,-1.60,-1.36
Kevin Behrens,de GER,FW,Union Berlin,32-350,1991,16,"1,108",69,76.9,12.3,13,80,6,3,23,0,0.88,12,23,-11,-0.89,-0.08,15.5,17.1,-1.6,-0.13,+0.99
Morten Behrens,de GER,GK,Darmstadt 98,26-293,1997,0,,,,,0,,0,0,,8,,,,,,,,,,,
Maximilian Beier,de GER,FW,Hoffenheim,21-094,2002,16,"1,028",64,67.2,11.4,12,80,3,4,19,0,1.31,22,22,0,0.00,+0.18,20.8,19.2,+1.6,+0.14,+0.85
Stefan Bell,de GER,DF,Mainz 05,32-148,1991,10,666,67,43.5,7.4,8,76,4,2,29,4,0.40,6,21,-15,-2.03,-2.03,6.1,12.6,-6.4,-0.87,-1.33
Ramy Bensebaini,dz ALG,DF,Dortmund,28-278,1995,13,"1,001",77,65.4,11.1,11,83,7,2,46,1,1.77,19,17,+2,+0.18,-0.84,21.4,18.6,+2.8,+0.25,+0.07
Mergim Berisha,de GER,FW,Hoffenheim,25-253,1998,6,144,24,9.4,1.6,0,,0,6,24,2,1.50,1,2,-1,-0.62,-0.62,1.5,3.0,-1.5,-0.91,-0.86
Mergim Berisha,de GER,FW,Augsburg,25-253,1998,2,122,61,8.0,1.4,2,61,0,0,,0,0.50,3,5,-2,-1.48,-1.09,2.4,2.4,0.0,-0.03,+0.31
Bernardo,br BRA,DF,Bochum,28-250,1995,17,"1,529",90,99.9,17.0,17,90,16,0,,0,1.00,19,34,-15,-0.88,-0.88,22.7,29.6,-6.9,-0.40,-7.31
Matúš Bero,sk SVK,"MF,FW",Bochum,28-135,1995,10,670,67,43.8,7.4,9,72,5,1,18,0,1.00,8,19,-11,-1.48,-1.06,7.6,14.5,-7.0,-0.93,-0.95
Jan-Niklas Beste,de GER,"FW,MF",Heidenheim,25-015,1999,15,"1,262",84,82.5,14.0,15,84,2,0,,0,1.20,22,28,-6,-0.43,-0.09,16.3,30.7,-14.4,-1.03,-0.61
Tom Bischof,de GER,"MF,FW",Hoffenheim,18-205,2005,8,146,18,9.5,1.6,1,77,0,7,10,8,1.13,6,4,+2,+1.23,+1.43,4.7,4.6,+0.1,+0.04,+0.20
Leonardo Bittencourt,de GER,MF,Werder Bremen,30-031,1993,14,835,60,54.6,9.3,11,72,1,3,14,3,1.00,12,15,-3,-0.32,+0.19,9.6,14.9,-5.3,-0.57,-0.32
Hendry Blank,de GER,DF,Dortmund,19-151,2004,0,,,,,0,,0,0,,3,,,,,,,,,,,
Janis Blaswich,de GER,GK,RB Leipzig,32-262,1991,17,"1,530",90,100.0,17.0,17,90,17,0,,0,1.94,38,18,+20,+1.18,,35.5,19.5,+16.0,+0.94,
Victor Boniface,ng NGA,FW,Leverkusen,23-027,2000,16,"1,276",80,83.4,14.2,15,83,4,1,24,0,2.63,42,12,+30,+2.12,+0.34,29.9,14.3,+15.6,+1.10,-0.37
Leonardo Bonucci,it ITA,DF,Union Berlin,36-263,1987,7,460,66,31.9,5.1,6,73,2,1,23,5,0.43,3,13,-10,-1.96,-1.59,7.1,7.0,+0.1,+0.02,+0.57
Yvandro Borges Sanches,lu LUX,"MF,FW",M'Gladbach,19-240,2004,3,18,6,1.2,0.2,0,,0,3,6,4,0.67,1,0,+1,+5.00,+5.18,0.9,0.4,+0.5,+2.62,+2.88
Sebastiaan Bornauw,be BEL,DF,Wolfsburg,24-303,1999,10,577,58,37.7,6.4,7,79,4,3,7,5,1.10,7,13,-6,-0.94,-0.84,5.4,9.9,-4.4,-0.69,-0.59
Rafael Borré,co COL,FW,Werder Bremen,28-126,1995,14,904,65,59.1,10.0,11,77,2,3,21,0,1.00,12,18,-6,-0.60,-0.45,10.7,15.7,-4.9,-0.49,-0.16
Julian Brandt,de GER,"MF,FW",Dortmund,27-262,1996,17,"1,267",75,82.8,14.1,15,80,9,2,36,0,1.76,25,18,+7,+0.50,+0.16,25.8,22.4,+3.4,+0.24,+0.10
Fabian Bredlow,de GER,GK,Stuttgart,28-323,1995,0,,,,,0,,0,0,,14,,,,,,,,,,,
Tim Breithaupt,de GER,MF,Augsburg,21-346,2002,10,259,26,16.9,2.9,2,71,0,8,15,6,1.10,2,7,-5,-1.74,-1.53,3.9,6.2,-2.3,-0.80,-0.58
Maximilian Breunig,de GER,FW,Freiburg,23-158,2000,1,7,7,0.5,0.1,0,,0,1,7,2,0.00,0,1,-1,-12.86,-12.62,0.0,0.2,-0.2,-2.66,-2.76
John Brooks,us USA,DF,Hoffenheim,30-356,1993,13,"1,080",83,70.6,12.0,13,83,10,0,,4,1.77,25,22,+3,+0.25,+1.05,20.3,22.7,-2.4,-0.20,-0.22
Moritz Broschinski,de GER,"FW,MF",Bochum,23-118,2000,10,306,31,20.0,3.4,2,62,0,8,23,3,1.30,5,5,0,0.00,+1.10,4.7,4.3,+0.4,+0.11,+0.64
Paris Brunner,de GER,FW,Dortmund,17-338,2006,0,,,,,0,,0,0,,1,,,,,,,,,,,
Alexander Brunst,de GER,GK,Darmstadt 98,28-196,1995,1,90,90,5.9,1.0,1,90,1,0,,11,1.00,1,1,0,0.00,+1.50,0.4,1.6,-1.3,-1.28,-0.19
Guille Bueno,es ESP,DF,Dortmund,21-123,2002,0,,,,,0,,0,0,,1,,,,,,,,,,,
Marius Bülter,de GER,"FW,DF",Hoffenheim,30-296,1993,17,861,51,56.3,9.6,10,72,4,7,20,0,1.41,13,18,-5,-0.52,-1.06,15.8,17.2,-1.4,-0.14,-0.02
Jonathan Burkardt,de GER,"MF,FW",Mainz 05,23-192,2000,6,264,44,17.3,2.9,3,66,0,3,22,0,0.67,1,3,-2,-0.68,+0.24,3.1,1.6,+1.4,+0.49,+0.73
Oliver Burke,sct SCO,FW,Werder Bremen,26-287,1997,1,32,32,2.1,0.4,0,,0,1,32,0,0.00,0,3,-3,-8.44,-8.20,0.1,1.7,-1.6,-4.44,-4.10
Marnon Busch,de GER,DF,Heidenheim,29-042,1994,7,374,53,24.4,4.2,4,71,2,3,30,3,1.14,3,7,-4,-0.96,-0.73,3.0,6.4,-3.4,-0.81,+0.15
Jakob Busk,dk DEN,GK,Union Berlin,30-129,1993,0,,,,,0,,0,0,,3,,,,,,,,,,,
Aurélio Buta,pt POR,"DF,MF",Eint Frankfurt,26-343,1997,17,969,57,63.3,10.8,12,73,3,5,18,0,1.59,18,14,+4,+0.37,-0.11,14.9,17.5,-2.6,-0.24,+0.15
Jamie Bynoe-Gittens,eng ENG,"FW,DF",Dortmund,19-164,2004,9,451,50,29.5,5.0,8,55,0,1,10,8,1.78,8,6,+2,+0.40,-0.10,7.5,5.9,+1.6,+0.32,+0.14
Anthony Caci,fr FRA,DF,Mainz 05,26-202,1997,15,"1,239",83,81.0,13.8,14,87,12,1,19,0,0.67,13,26,-13,-0.94,-0.33,14.6,18.1,-3.5,-0.25,-0.71
Emre Can,de GER,"MF,DF",Dortmund,30-007,1994,14,"1,045",75,68.3,11.6,12,85,8,2,15,0,2.07,22,15,+7,+0.60,+0.42,22.7,16.1,+6.6,+0.57,+1.09
Irvin Cardona,fr FRA,"MF,DF",Augsburg,26-164,1997,3,54,18,3.5,0.6,0,,0,3,18,1,0.33,2,1,+1,+1.67,+2.22,1.1,1.4,-0.3,-0.55,-0.24
Rasmus Carstensen,dk DEN,"DF,FW",Köln,23-100,2000,15,"1,147",76,75.0,12.7,13,86,7,2,17,0,0.53,8,25,-17,-1.33,-1.10,12.1,29.7,-17.6,-1.38,-1.62
Fabio Carvalho,pt POR,MF,RB Leipzig,21-142,2002,9,165,18,10.8,1.8,1,69,0,8,12,7,1.67,2,0,+2,+1.09,-0.10,1.9,1.2,+0.6,+0.35,-0.67
Koen Casteels,be BEL,GK,Wolfsburg,31-208,1992,14,"1,260",90,82.4,14.0,14,90,14,0,,0,1.36,16,21,-5,-0.36,+0.31,15.7,21.2,-5.4,-0.39,-0.36
Václav Černý,cz CZE,"FW,MF",Wolfsburg,26-094,1997,13,615,47,40.2,6.8,8,71,0,5,10,3,1.08,10,11,-1,-0.15,+0.44,8.2,9.2,-1.0,-0.15,+0.29
Julian Chabot,de GER,DF,Köln,25-341,1998,16,"1,297",81,84.8,14.4,16,81,12,0,,0,0.69,11,22,-11,-0.76,+1.94,16.4,28.3,-11.9,-0.83,+0.98
El Chadaille Bitshiabu,fr FRA,DF,RB Leipzig,18-248,2005,0,,,,,0,,0,0,,3,,,,,,,,,,,
Fares Chaïbi,dz ALG,"MF,FW",Eint Frankfurt,21-052,2002,13,938,72,61.3,10.4,11,77,2,2,45,1,1.46,20,15,+5,+0.48,+0.18,14.2,17.4,-3.2,-0.31,-0.02
Timothy Chandler,us USA,"DF,MF",Eint Frankfurt,33-296,1990,0,,,,,0,,0,0,,4,,,,,,,,,,,
Fabio Chiarodia,it ITA,"DF,MF",M'Gladbach,18-228,2005,5,62,12,4.1,0.7,0,,0,5,12,8,2.00,2,4,-2,-2.90,-2.90,1.8,3.1,-1.3,-1.83,-1.67
Jacob Christensen,dk DEN,MF,Köln,22-208,2001,0,,,,,0,,0,0,,7,,,,,,,,,,,
Moussa Cissé,fr FRA,DF,Stuttgart,20-265,2003,0,,,,,0,,0,0,,1,,,,,,,,,,,
David Čolina,hr CRO,DF,Augsburg,23-184,2000,0,,,,,0,,0,0,,3,,,,,,,,,,,
Kingsley Coman,fr FRA,FW,Bayern Munich,27-220,1996,12,853,71,59.2,9.5,11,76,2,1,18,1,2.58,28,9,+19,+2.00,-0.76,27.1,5.8,+21.3,+2.25,+0.26
Bambasé Conté,de GER,"FW,MF",Hoffenheim,20-196,2003,2,4,2,0.3,0.0,0,,0,2,2,0,0.50,0,0,0,0.00,+0.06,0.0,0.1,-0.1,-1.33,-1.20
Danny da Costa,de GER,DF,Mainz 05,30-190,1993,13,730,56,47.7,8.1,8,79,4,5,19,4,0.69,9,16,-7,-0.86,+0.04,7.7,9.6,-1.9,-0.23,-0.21
Nicolas Cozza,fr FRA,DF,Wolfsburg,25-011,1999,6,276,46,18.0,3.1,3,70,0,3,22,7,1.33,4,7,-3,-0.98,-0.69,3.4,2.5,+0.9,+0.29,+0.74
Tomáš Čvančara,cz CZE,FW,M'Gladbach,23-159,2000,13,641,49,41.9,7.1,6,77,1,7,26,0,1.00,15,19,-4,-0.56,-0.76,10.9,16.7,-5.8,-0.81,-1.01
Finn Dahmen,de GER,GK,Augsburg,25-298,1998,17,"1,530",90,100.0,17.0,17,90,17,0,,0,1.06,24,32,-8,-0.47,,22.7,28.2,-5.4,-0.32,
Lukas Daschner,de GER,"MF,FW",Bochum,25-110,1998,11,305,28,19.9,3.4,2,73,0,9,18,6,0.55,4,7,-3,-0.89,0.00,8.2,5.0,+3.2,+0.94,+1.68
David Datro Fofana,ci CIV,"FW,MF",Union Berlin,21-028,2002,12,682,57,47.4,7.6,8,66,1,4,40,0,0.83,6,16,-10,-1.32,-0.84,9.9,10.8,-0.9,-0.12,+0.46
Alphonso Davies,ca CAN,DF,Bayern Munich,23-078,2000,15,"1,178",79,81.8,13.1,14,83,10,1,16,1,2.53,42,11,+31,+2.37,+0.31,37.0,10.0,+27.0,+2.06,-0.41
Olivier Deman,be BEL,DF,Werder Bremen,23-288,2000,13,839,65,54.8,9.3,9,84,4,4,21,1,1.08,17,17,0,0.00,+0.91,13.1,14.7,-1.6,-0.17,+0.57
Ermedin Demirović,ba BIH,"MF,FW",Augsburg,25-300,1998,17,"1,462",86,95.6,16.2,17,86,10,0,,0,1.06,23,29,-6,-0.37,+2.28,22.2,24.6,-2.4,-0.15,+3.78
Sepp van den Berg,nl NED,DF,Mainz 05,22-030,2001,16,"1,309",82,85.6,14.5,14,90,13,2,27,0,0.63,11,24,-13,-0.89,-0.08,15.7,17.7,-2.0,-0.14,-0.12
Samuele Di Benedetto,de GER,MF,Stuttgart,18-187,2005,0,,,,,0,,0,0,,1,,,,,,,,,,,
Justin Diehl,de GER,FW,Köln,19-053,2004,1,31,31,2.0,0.3,0,,0,1,31,0,1.00,0,0,0,0.00,+1.08,0.2,0.3,-0.1,-0.15,+0.84
Florian Dietz,de GER,FW,Köln,25-169,1998,2,44,22,2.9,0.5,0,,0,2,22,3,0.50,0,1,-1,-2.05,-1.02,0.3,0.6,-0.3,-0.65,+0.34
Junior Dina Ebimbe,fr FRA,"MF,DF",Eint Frankfurt,23-059,2000,16,"1,025",64,67.0,11.4,12,75,3,4,31,0,1.50,16,14,+2,+0.18,-0.72,13.2,17.7,-4.5,-0.39,-0.29
Eren Dinkçi,de GER,"MF,FW",Heidenheim,22-037,2001,16,"1,284",80,83.9,14.3,16,80,3,0,,0,1.31,22,26,-4,-0.28,+0.82,16.7,27.7,-11.0,-0.77,+0.95
Ritsu Doan,jp JPN,"MF,FW",Freiburg,25-217,1998,16,"1,060",66,69.3,11.8,13,77,3,3,21,0,1.50,14,17,-3,-0.25,+0.13,17.3,17.9,-0.5,-0.05,-0.41
Danilho Doekhi,nl NED,DF,Union Berlin,25-203,1998,8,720,90,50.0,8.0,8,90,8,0,,1,0.75,11,17,-6,-0.75,+0.25,10.9,11.8,-0.9,-0.12,+0.49
Niklas Dorsch,de GER,MF,Augsburg,26-004,1998,15,"1,141",76,74.6,12.7,14,81,8,1,2,2,1.20,18,26,-8,-0.63,-0.63,16.8,22.5,-5.6,-0.44,-0.49
Nikola Dovedan,at AUT,"MF,FW",Heidenheim,29-197,1994,10,247,25,16.1,2.7,1,62,0,9,21,5,0.90,5,3,+2,+0.73,+1.36,6.0,6.7,-0.7,-0.26,+0.78
Damion Downs,de GER,"FW,MF",Köln,19-197,2004,3,24,8,1.6,0.3,0,,0,3,8,0,0.00,0,1,-1,-3.75,-2.73,0.4,1.2,-0.7,-2.81,-1.86
Dion Drena Beljo,hr CRO,"FW,MF",Augsburg,21-324,2002,14,402,29,26.3,4.5,3,74,1,11,16,3,0.93,7,12,-5,-1.12,-0.88,4.7,10.9,-6.2,-1.39,-1.45
Marvin Ducksch,de GER,FW,Werder Bremen,29-318,1994,17,"1,358",80,88.8,15.1,16,82,8,1,45,0,1.00,21,27,-6,-0.40,+0.13,18.1,25.8,-7.7,-0.51,-0.77
Yannick Eduardo,,FW,RB Leipzig,17-361,2006,0,,,,,0,,0,0,,1,,,,,,,,,,,
Maximilian Eggestein,de GER,MF,Freiburg,27-042,1996,17,"1,481",87,96.8,16.5,17,87,14,0,,0,1.47,20,24,-4,-0.24,+1.59,25.2,24.0,+1.2,+0.07,-0.25
Lilian Egloff,de GER,"MF,DF",Stuttgart,21-152,2002,5,106,21,6.9,1.2,1,69,0,4,9,5,1.20,2,4,-2,-1.70,-2.84,3.9,1.6,+2.3,+1.95,+0.85
Vitus Eicher,de GER,GK,Heidenheim,33-075,1990,0,,,,,0,,0,0,,17,,,,,,,,,,,
Elif Elmas,mk MKD,DF,RB Leipzig,24-117,1999,1,3,3,0.2,0.0,0,,0,1,3,0,0.00,0,0,0,0.00,-1.18,0.2,0.0,+0.2,+4.91,+3.97
Nico Elvedi,ch SUI,DF,M'Gladbach,27-111,1996,15,"1,159",77,75.8,12.9,13,85,11,2,27,0,1.27,27,23,+4,+0.31,+1.77,19.7,18.7,+1.0,+0.07,+1.26
Arne Engels,be BEL,"MF,DF",Augsburg,20-133,2003,15,697,46,45.6,7.7,7,76,2,8,21,0,1.20,13,15,-2,-0.26,+0.39,12.0,13.5,-1.5,-0.20,+0.23
Michael Esser,de GER,GK,Bochum,36-058,1987,0,,,,,0,,0,0,,1,,,,,,,,,,,
Ohis Felix Uduokhai,de GER,DF,Augsburg,26-132,1997,16,"1,391",87,90.9,15.5,16,87,14,0,,0,1.06,23,31,-8,-0.52,-0.52,18.8,25.6,-6.8,-0.44,-1.34
Edimilson Fernandes,ch SUI,DF,Mainz 05,27-279,1996,12,967,81,63.2,10.7,11,88,9,1,4,1,0.67,12,23,-11,-1.02,-0.38,10.4,14.8,-4.4,-0.41,-0.78
Nacho Ferri,es ESP,"FW,MF",Eint Frankfurt,19-106,2004,4,53,13,3.5,0.6,0,,0,4,13,3,2.00,2,0,+2,+3.40,+3.09,1.5,0.6,+0.9,+1.52,+1.89
Max Finkgräfe,de GER,"DF,MF",Köln,19-298,2004,8,367,46,24.0,4.1,3,80,1,5,25,2,0.50,2,8,-6,-1.47,-0.54,5.3,6.6,-1.4,-0.34,+0.84
Kilian Fischer,de GER,"DF,MF",Wolfsburg,23-099,2000,0,,,,,0,,0,0,,7,,,,,,,,,,,
Jonas Föhrenbach,de GER,DF,Heidenheim,27-358,1996,16,"1,359",85,88.8,15.1,15,90,15,1,9,0,1.25,23,31,-8,-0.53,-1.06,17.9,32.1,-14.1,-0.94,-0.15
Emil Forsberg,se SWE,"MF,FW",RB Leipzig,32-088,1991,14,464,33,30.3,5.2,5,64,0,9,16,2,1.93,12,5,+7,+1.36,+0.26,8.9,9.1,-0.3,-0.05,-1.43
Philipp Förster,de GER,"MF,FW",Bochum,28-349,1995,8,223,28,14.6,2.5,1,66,0,7,22,3,0.63,3,3,0,0.00,+1.03,4.2,4.4,-0.2,-0.09,+0.37
Timothy Fosu-Mensah,nl NED,DF,Leverkusen,26-017,1998,0,,,,,0,,0,0,,3,,,,,,,,,,,
Bartol Franjić,hr CRO,MF,Darmstadt 98,24-005,2000,11,627,57,41.0,7.0,6,87,5,5,21,5,0.64,4,24,-20,-2.87,-2.47,6.3,16.4,-10.2,-1.45,-0.61
Marco Friedl,at AUT,DF,Werder Bremen,25-309,1998,13,"1,117",86,73.0,12.4,13,86,11,0,,0,0.77,13,21,-8,-0.64,-0.86,13.1,22.7,-9.6,-0.78,-1.30
Marvin Friedrich,de GER,DF,M'Gladbach,28-037,1995,11,580,53,37.9,6.4,6,83,5,5,17,5,1.09,9,19,-10,-1.55,-2.31,7.3,14.9,-7.6,-1.19,-1.54
Jeremie Frimpong,nl NED,DF,Leverkusen,23-040,2000,17,"1,404",83,91.8,15.6,17,83,5,0,,0,2.65,43,11,+32,+2.05,-0.09,31.8,14.5,+17.3,+1.11,-0.60
Chris Führich,de GER,"FW,MF",Stuttgart,26-010,1998,17,"1,340",79,87.6,14.9,17,79,3,0,,0,2.00,32,21,+11,+0.74,-1.63,32.5,17.2,+15.3,+1.03,-1.07
Taichi Fukui,jp JPN,MF,Bayern Munich,19-188,2004,0,,,,,0,,0,0,,1,,,,,,,,,,,
Niclas Füllkrug,de GER,FW,Werder Bremen,30-344,1993,2,180,90,11.8,2.0,2,90,2,0,,0,0.00,0,5,-5,-2.50,-2.37,1.6,5.2,-3.6,-1.82,-1.58
Niclas Füllkrug,de GER,FW,Dortmund,30-344,1993,15,"1,090",73,71.2,12.1,13,80,4,2,23,0,1.73,25,19,+6,+0.50,+0.09,21.6,22.3,-0.6,-0.05,-0.95
Cristian Gamboa,cr CRC,DF,Bochum,34-087,1989,14,"1,021",73,66.7,11.3,11,84,6,3,33,3,1.07,14,17,-3,-0.26,+1.86,15.7,17.8,-2.1,-0.18,+0.64
Yannick Gerhardt,de GER,"MF,FW",Wolfsburg,29-312,1994,13,697,54,45.6,7.7,8,79,2,5,13,4,1.46,10,8,+2,+0.26,+1.23,12.5,9.2,+3.3,+0.43,+1.38
Anwar El Ghazi,nl NED,"MF,DF",Mainz 05,28-261,1995,3,54,18,3.5,0.6,0,,0,3,18,0,0.33,1,1,0,0.00,+0.91,0.6,1.9,-1.3,-2.25,-2.21
Benedikt Gimber,de GER,DF,Heidenheim,26-334,1997,8,695,87,45.4,7.7,8,87,6,0,,5,1.75,11,10,+1,+0.13,+0.99,7.3,13.7,-6.4,-0.84,+0.16
Matthias Ginter,de GER,DF,Freiburg,30-000,1994,16,"1,373",86,89.7,15.3,16,86,15,0,,0,1.56,20,23,-3,-0.20,+0.95,25.1,20.7,+4.4,+0.29,+1.98
Klaus Gjasula,al ALB,"DF,MF",Darmstadt 98,34-036,1989,10,633,63,41.4,7.0,8,76,6,2,14,3,0.60,11,16,-5,-0.71,+1.20,7.2,15.1,-7.9,-1.12,-0.04
Serge Gnabry,de GER,"FW,MF",Bayern Munich,28-189,1995,5,226,45,15.7,2.5,3,66,0,2,14,3,2.00,7,1,+6,+2.39,+0.09,6.3,1.2,+5.1,+2.03,-0.12
Leon Goretzka,de GER,MF,Bayern Munich,28-347,1995,12,844,70,58.6,9.4,10,82,6,2,14,0,2.42,23,12,+11,+1.17,-2.75,23.4,7.2,+16.2,+1.73,-0.99
Robin Gosens,de GER,"DF,MF",Union Berlin,29-198,1994,14,974,70,67.6,10.8,11,83,4,3,20,0,0.79,12,23,-11,-1.02,-0.44,14.7,15.0,-0.4,-0.04,+1.00
Mario Götze,de GER,MF,Eint Frankfurt,31-230,1992,15,865,58,56.5,9.6,9,78,2,6,27,0,1.40,13,11,+2,+0.21,-0.47,11.1,15.3,-4.2,-0.43,-0.31
Jeffrey Gouweleeuw,nl NED,DF,Augsburg,32-193,1991,14,"1,170",84,76.5,13.0,13,87,12,1,45,0,1.14,17,19,-2,-0.15,+1.35,17.4,19.7,-2.2,-0.17,+0.63
Jens Grahl,de GER,GK,Eint Frankfurt,35-119,1988,1,90,90,5.9,1.0,1,90,1,0,,16,3.00,3,1,+2,+2.00,+1.69,2.4,1.4,+1.1,+1.06,+1.44
Ryan Gravenberch,nl NED,FW,Bayern Munich,21-248,2002,1,10,10,0.7,0.1,0,,0,1,10,1,3.00,0,1,-1,-9.00,-11.39,0.6,0.3,+0.3,+2.46,+0.33
Michael Gregoritsch,at AUT,FW,Freiburg,29-276,1994,15,667,44,43.6,7.4,7,72,3,8,20,0,1.60,11,9,+2,+0.27,+1.00,15.4,9.4,+6.0,+0.81,+1.30
Vincenzo Grifo,it ITA,"MF,FW",Freiburg,30-287,1993,15,"1,177",78,76.9,13.1,14,80,4,1,63,2,1.47,15,20,-5,-0.38,-0.38,19.5,18.8,+0.8,+0.06,-0.10
Florian Grillitsch,at AUT,"MF,DF",Hoffenheim,28-165,1995,14,860,61,56.2,9.6,9,79,5,5,30,0,1.43,18,22,-4,-0.42,-0.82,16.4,19.5,-3.1,-0.33,-0.43
Álex Grimaldo,es ESP,DF,Leverkusen,28-121,1995,17,"1,523",90,99.5,16.9,17,90,15,0,,0,2.65,47,12,+35,+2.07,+2.07,35.6,15.8,+19.8,+1.17,+2.68
Christian Groß,de GER,"MF,DF",Werder Bremen,34-345,1989,8,455,57,29.7,5.1,5,80,0,3,18,6,0.88,8,13,-5,-0.99,-0.82,8.8,10.6,-1.8,-0.36,+0.10
Brajan Gruda,de GER,"MF,FW",Mainz 05,19-233,2004,15,830,55,54.2,9.2,9,76,2,6,25,0,0.53,5,16,-11,-1.19,-0.68,11.2,12.0,-0.8,-0.08,+0.08
Ilia Gruev,bg BUL,MF,Werder Bremen,23-258,2000,1,4,4,0.3,0.0,0,,0,1,4,1,0.00,0,1,-1,-22.50,-22.15,0.2,0.2,-0.1,-1.89,-1.47
Raphaël Guerreiro,pt POR,"MF,DF",Bayern Munich,30-028,1993,6,377,63,26.2,4.2,3,86,2,3,40,1,2.17,11,5,+6,+1.43,-1.19,10.8,3.4,+7.4,+1.77,-0.50
Josuha Guilavogui,fr FRA,DF,Mainz 05,33-122,1990,2,31,16,2.0,0.3,1,15,0,1,16,4,2.00,1,1,0,0.00,+0.90,0.2,0.1,+0.1,+0.19,+0.32
Serhou Guirassy,gn GUI,FW,Stuttgart,27-313,1996,14,"1,055",75,69.0,11.7,12,83,7,2,28,0,2.43,30,12,+18,+1.54,+1.91,26.1,12.0,+14.1,+1.20,+0.13
Péter Gulácsi,hu HUN,GK,RB Leipzig,33-258,1990,0,,,,,0,,0,0,,13,,,,,,,,,,,
Manuel Gulde,de GER,DF,Freiburg,32-341,1991,12,808,67,52.8,9.0,8,89,6,4,25,5,1.42,12,15,-3,-0.33,-0.08,13.9,13.8,+0.1,+0.01,-0.15
Robert Gumny,pl POL,DF,Augsburg,25-229,1998,12,464,39,30.3,5.2,6,64,2,6,14,2,0.92,9,9,0,0.00,+0.68,7.9,9.7,-1.8,-0.35,-0.05
Christian Günter,de GER,DF,Freiburg,30-325,1993,1,89,89,5.8,1.0,1,89,0,0,,0,3.00,2,1,+1,+1.01,+1.39,2.5,1.3,+1.2,+1.19,+1.18
Janik Haberer,de GER,MF,Union Berlin,29-292,1994,13,861,66,59.8,9.6,11,75,5,2,19,1,0.62,7,21,-14,-1.46,-1.46,9.3,15.0,-5.7,-0.60,-0.58
Robin Hack,de GER,"FW,MF",M'Gladbach,25-145,1998,13,422,32,27.6,4.7,3,77,0,10,19,3,1.08,10,8,+2,+0.43,+0.75,7.1,6.7,+0.4,+0.09,+0.44
Eduardo Dos Santos Haesler,de GER,GK,Werder Bremen,24-343,1999,0,,,,,0,,0,0,,4,,,,,,,,,,,
Amadou Haidara,ml MLI,MF,RB Leipzig,25-353,1998,10,639,64,41.8,7.1,8,77,3,2,11,1,2.00,16,8,+8,+1.13,-0.09,18.1,7.6,+10.5,+1.48,+0.92
Sébastien Haller,ci CIV,FW,Dortmund,29-211,1994,11,361,33,23.6,4.0,4,68,0,7,13,3,2.00,5,5,0,0.00,-0.62,7.7,4.9,+2.9,+0.72,+0.65
Andreas Hanche-Olsen,no NOR,DF,Mainz 05,27-002,1997,2,66,33,4.3,0.7,1,45,0,1,21,0,0.50,0,2,-2,-2.73,-1.93,0.7,2.3,-1.6,-2.19,-2.17
Genki Haraguchi,jp JPN,MF,Stuttgart,32-255,1991,1,21,21,1.4,0.2,0,,0,1,21,13,0.00,0,2,-2,-8.57,-9.64,0.1,0.5,-0.4,-1.91,-3.12
Makoto Hasebe,jp JPN,"DF,MF",Eint Frankfurt,40-001,1984,3,37,12,2.4,0.4,0,,0,3,12,13,3.00,0,0,0,0.00,-0.42,0.4,0.6,-0.2,-0.52,-0.23
Thorgan Hazard,be BEL,DF,Dortmund,30-296,1993,1,7,7,0.5,0.1,0,,0,1,7,1,3.00,1,0,+1,+12.86,+12.44,0.3,0.0,+0.2,+3.05,+2.83
Dominique Heintz,de GER,DF,Köln,30-157,1993,6,410,68,26.8,4.6,5,79,3,1,15,8,1.00,3,4,-1,-0.22,+1.15,5.4,9.7,-4.3,-0.95,+0.04
Benjamin Henrichs,de GER,DF,RB Leipzig,26-330,1997,16,"1,339",84,87.5,14.9,15,87,11,1,28,0,2.00,36,17,+19,+1.28,+0.81,30.8,18.4,+12.5,+0.84,-0.82
Patrick Herrmann,de GER,"DF,FW",M'Gladbach,32-341,1991,3,44,15,2.9,0.5,0,,0,3,15,11,2.00,1,1,0,0.00,+0.12,0.6,0.6,0.0,-0.04,+0.20
Piero Hincapié,ec ECU,DF,Leverkusen,22-010,2002,10,386,39,25.2,4.3,4,86,3,6,7,4,2.60,12,0,+12,+2.80,+0.99,9.5,1.3,+8.2,+1.91,+1.01
Adam Hložek,cz CZE,"FW,MF",Leverkusen,21-178,2002,14,155,11,10.1,1.7,1,61,0,13,7,3,2.86,2,0,+2,+1.16,-1.00,5.0,1.2,+3.7,+2.18,+1.13
Nicolas Höfler,de GER,MF,Freiburg,33-316,1990,12,"1,071",89,70.0,11.9,12,89,11,0,,0,1.42,17,20,-3,-0.25,+0.14,20.0,17.8,+2.2,+0.18,+0.34
Jonas Hofmann,de GER,MF,Leverkusen,31-189,1992,17,"1,362",80,89.0,15.1,16,84,3,1,26,0,2.65,44,11,+33,+2.18,+1.11,31.0,12.5,+18.5,+1.23,+0.60
Philipp Hofmann,de GER,FW,Bochum,30-295,1993,14,804,57,52.5,8.9,10,67,2,4,33,1,0.93,10,20,-10,-1.12,-0.50,11.5,14.1,-2.6,-0.29,+0.22
Lucas Höler,de GER,"FW,MF",Freiburg,29-193,1994,17,"1,179",69,77.1,13.1,13,84,5,4,23,0,1.47,16,22,-6,-0.46,-0.71,17.5,16.9,+0.5,+0.04,-0.18
Fabian Holland,de GER,"MF,DF",Darmstadt 98,33-192,1990,13,"1,082",83,70.7,12.0,13,83,9,0,,0,0.62,17,29,-12,-1.00,+1.41,13.5,21.4,-7.9,-0.65,+1.51
Benedict Hollerbach,de GER,"FW,MF",Union Berlin,22-247,2001,10,347,35,24.1,3.9,4,63,0,6,16,5,0.70,4,8,-4,-1.04,-0.21,4.3,5.7,-1.5,-0.38,-0.03
Franck Honorat,fr FRA,"DF,FW",M'Gladbach,27-161,1996,17,"1,325",78,86.6,14.7,16,82,6,1,8,0,1.18,32,29,+3,+0.20,+2.40,22.9,22.4,+0.5,+0.03,+1.97
Mathias Honsak,at AUT,"MF,FW",Darmstadt 98,27-030,1996,13,595,46,38.9,6.6,6,77,1,7,19,0,0.69,5,21,-16,-2.42,-1.65,4.8,15.6,-10.8,-1.63,-0.88
Fraser Hornby,sct SCO,"FW,MF",Darmstadt 98,24-128,1999,7,217,31,14.2,2.4,1,61,0,6,26,1,1.00,1,6,-5,-2.07,-0.77,3.7,4.7,-1.1,-0.44,+0.76
Lukáš Hrádecký,fi FIN,GK,Leverkusen,34-056,1989,17,"1,530",90,100.0,17.0,17,90,17,0,,0,2.65,47,12,+35,+2.06,,35.6,15.9,+19.7,+1.16,
Timo Hübers,de GER,DF,Köln,27-183,1996,17,"1,518",89,99.2,16.9,17,89,16,0,,0,0.65,10,29,-19,-1.13,-8.63,18.3,35.2,-16.9,-1.00,-3.01
Tom Hülsmann,de GER,GK,Bayern Munich,19-283,2004,0,,,,,0,,0,0,,2,,,,,,,,,,,
Mats Hummels,de GER,DF,Dortmund,35-034,1988,14,992,71,64.8,11.0,14,71,8,0,,1,1.79,22,17,+5,+0.45,-0.05,18.9,17.5,+1.4,+0.12,-0.29
Denis Huseinbasic,de GER,MF,Köln,22-200,2001,11,549,50,35.9,6.1,6,78,2,5,16,6,0.36,4,16,-12,-1.97,-1.42,6.2,13.3,-7.1,-1.17,-0.31
Iago,br BRA,"DF,FW",Augsburg,26-302,1997,11,604,55,39.5,6.7,6,77,3,5,29,0,1.36,9,6,+3,+0.45,+1.52,9.4,8.4,+1.1,+0.16,+0.79
Thomas Isherwood,se SWE,DF,Darmstadt 98,25-356,1998,7,326,47,21.3,3.6,4,72,0,3,13,7,0.71,5,13,-8,-2.21,-1.01,2.6,8.4,-5.8,-1.60,-0.65
Ko Itakura,jp JPN,DF,M'Gladbach,26-357,1997,7,611,87,39.9,6.8,7,87,5,0,,0,0.86,12,15,-3,-0.44,-0.54,11.9,11.6,+0.3,+0.04,+0.45
Hiroki Ito,jp JPN,DF,Stuttgart,24-252,1999,12,982,82,64.2,10.9,11,87,8,1,22,0,2.25,29,14,+15,+1.37,+1.21,26.6,11.7,+14.9,+1.36,+0.57
Lee Jae-sung,kr KOR,MF,Mainz 05,31-162,1992,16,"1,120",70,73.2,12.4,13,76,3,3,44,0,0.63,11,19,-8,-0.64,+0.89,13.4,12.9,+0.4,+0.03,+0.57
Paul Jaeckel,de GER,DF,Union Berlin,25-181,1998,4,217,54,15.1,2.4,2,90,2,2,19,11,1.00,1,5,-4,-1.66,-0.92,2.3,4.4,-2.0,-0.85,-0.58
Kristijan Jakić,hr CRO,"MF,FW",Eint Frankfurt,26-250,1997,4,200,50,13.1,2.2,1,69,0,3,44,2,1.75,2,1,+1,+0.45,+0.04,2.7,3.1,-0.4,-0.19,+0.13
Luka Janes,de GER,MF,Heidenheim,20-000,2004,0,,,,,0,,0,0,,1,,,,,,,,,,,
Tony Jantschke,de GER,"DF,MF",M'Gladbach,33-287,1990,2,19,10,1.2,0.2,0,,0,2,10,5,1.50,0,1,-1,-4.74,-4.68,0.3,0.5,-0.2,-0.89,-0.67
Fredrik Jensen,fi FIN,"FW,MF",Augsburg,26-132,1997,13,754,58,49.3,8.4,9,76,0,4,19,2,1.08,12,12,0,0.00,+0.93,10.0,12.9,-2.9,-0.35,-0.06
Moritz Jenz,de GER,DF,Wolfsburg,24-264,1999,10,851,85,55.6,9.5,9,90,8,1,45,3,1.00,10,15,-5,-0.53,-0.26,7.8,13.5,-5.8,-0.61,-0.65
Ryan Johansson,ie IRL,MF,Freiburg,22-338,2001,0,,,,,0,,0,0,,1,,,,,,,,,,,
Anthony Jung,de GER,"DF,FW",Werder Bremen,32-077,1991,16,"1,292",81,84.4,14.4,15,85,11,1,11,1,1.06,18,22,-4,-0.28,+0.86,16.3,23.4,-7.1,-0.50,-0.47
Josip Juranović,hr CRO,DF,Union Berlin,28-156,1995,10,686,69,47.6,7.6,8,82,5,2,17,2,1.10,10,9,+1,+0.13,+1.92,9.2,12.1,-3.0,-0.39,-0.05
Julian Justvan,de GER,"FW,MF",Hoffenheim,25-292,1998,4,49,12,3.2,0.5,0,,0,4,12,2,0.50,0,1,-1,-1.84,-1.84,0.3,1.1,-0.8,-1.42,-1.33
Ozan Kabak,tr TUR,DF,Hoffenheim,23-300,2000,13,"1,049",81,68.6,11.7,13,81,7,0,,1,1.15,17,25,-8,-0.69,-2.00,18.6,19.5,-0.9,-0.08,+0.18
Pavel Kadeřábek,cz CZE,"DF,FW",Hoffenheim,31-269,1992,13,"1,077",83,70.4,12.0,12,86,8,1,45,0,1.54,24,22,+2,+0.17,+0.76,20.8,23.5,-2.6,-0.22,-0.28
Florian Kainz,at AUT,"MF,FW",Köln,31-087,1992,17,"1,168",69,76.3,13.0,15,75,5,2,23,0,0.65,9,21,-12,-0.92,+0.57,13.5,26.1,-12.5,-0.97,+0.04
Sasa Kalajdzic,at AUT,FW,Eint Frankfurt,26-196,1997,1,61,61,4.0,0.7,1,61,0,0,,0,3.00,1,0,+1,+1.48,+1.11,1.0,2.1,-1.1,-1.63,-1.39
Jakub Kamiński,pl POL,"FW,MF",Wolfsburg,21-228,2002,12,235,20,15.4,2.6,2,62,0,10,11,5,1.17,1,5,-4,-1.53,-1.32,2.0,3.2,-1.2,-0.45,-0.15
Kevin Kampl,si SVN,MF,RB Leipzig,33-102,1990,14,944,67,61.7,10.5,10,85,7,4,24,2,1.93,24,9,+15,+1.43,+0.66,18.9,13.5,+5.4,+0.52,-1.11
Harry Kane,eng ENG,FW,Bayern Munich,30-175,1993,16,"1,408",88,97.8,15.6,16,88,12,0,,0,2.56,48,14,+34,+2.17,-6.26,44.2,10.7,+33.5,+2.14,+0.06
Atakan Karazor,de GER,MF,Stuttgart,27-098,1996,17,"1,445",85,94.4,16.1,17,85,12,0,,0,2.00,35,20,+15,+0.93,-0.12,34.6,17.3,+17.2,+1.07,-1.55
Emir Karic,at AUT,DF,Darmstadt 98,26-224,1997,11,747,68,48.8,8.3,7,90,6,4,30,2,0.27,9,26,-17,-2.05,-1.24,5.5,21.6,-16.1,-1.93,-1.64
Thomas Kastanaras,gr GRE,FW,Stuttgart,21-010,2003,0,,,,,0,,0,0,,2,,,,,,,,,,,
Silas Katompa,cd COD,"FW,MF",Stuttgart,25-105,1998,16,726,45,47.5,8.1,8,70,0,8,21,0,2.13,24,7,+17,+2.11,+2.22,21.7,7.7,+14.0,+1.74,+1.10
Mikkel Kaufmann,dk DEN,"FW,DF",Union Berlin,23-016,2001,9,168,19,11.7,1.9,1,68,0,8,13,2,0.56,2,3,-1,-0.54,+0.38,1.9,3.9,-2.0,-1.06,-0.79
Naby Keïta,gn GUI,MF,Werder Bremen,28-343,1995,3,81,27,5.3,0.9,1,58,0,2,12,3,1.00,3,2,+1,+1.11,+1.61,1.7,1.2,+0.5,+0.54,+1.02
Yannik Keitel,de GER,MF,Freiburg,23-338,2000,3,126,42,8.2,1.4,2,55,1,1,17,6,2.33,1,0,+1,+0.71,+1.10,1.6,1.1,+0.5,+0.36,+0.30
Thomas Keller,de GER,"MF,FW",Heidenheim,24-167,1999,2,2,1,0.1,0.0,0,,0,2,1,4,3.00,0,0,0,0.00,+0.41,0.0,0.0,0.0,+2.24,+3.17
Aljoscha Kemlein,de GER,MF,Union Berlin,19-170,2004,2,29,15,2.0,0.3,0,,0,2,15,4,3.00,2,0,+2,+6.21,+7.23,1.0,1.1,-0.2,-0.50,-0.14
Tobias Kempe,de GER,MF,Darmstadt 98,34-206,1989,14,823,59,53.8,9.1,9,78,2,5,24,1,0.57,15,22,-7,-0.77,+1.40,12.6,20.7,-8.1,-0.89,+0.45
Rani Khedira,de GER,MF,Union Berlin,29-357,1994,5,360,72,25.0,4.0,5,72,2,0,,0,1.20,5,5,0,0.00,+1.17,4.5,4.3,+0.2,+0.06,+0.56
Luca Kilian,de GER,DF,Köln,24-140,1999,9,275,31,18.0,3.1,2,61,0,7,22,7,0.89,1,6,-5,-1.64,-0.70,2.1,8.8,-6.7,-2.18,-1.47
Joshua Kimmich,de GER,MF,Bayern Munich,28-345,1995,12,946,79,65.7,10.5,12,79,8,0,,0,2.42,28,11,+17,+1.62,-2.03,28.9,6.8,+22.0,+2.09,-0.13
Christoph Klarer,at AUT,DF,Darmstadt 98,23-219,2000,16,"1,260",79,82.4,14.0,15,83,11,1,17,0,0.56,17,36,-19,-1.36,+0.31,13.9,29.8,-15.9,-1.14,-0.25
Tim Kleindienst,de GER,FW,Heidenheim,28-141,1995,17,"1,486",87,97.1,16.5,17,87,12,0,,0,1.24,26,31,-5,-0.30,+3.79,20.7,35.6,-14.9,-0.90,+0.59
Lukas Klostermann,de GER,DF,RB Leipzig,27-230,1996,14,871,62,56.9,9.7,9,89,8,5,14,2,2.14,21,9,+12,+1.24,+0.15,26.1,9.1,+17.0,+1.76,+1.89
Ansgar Knauff,de GER,"MF,FW",Eint Frankfurt,22-009,2002,14,888,63,58.0,9.9,11,73,2,3,27,1,1.57,16,16,0,0.00,-0.98,11.8,17.9,-6.0,-0.61,-0.75
Robin Knoche,de GER,DF,Union Berlin,31-242,1992,13,"1,131",87,78.5,12.6,12,89,10,1,67,0,1.08,15,21,-6,-0.48,+1.85,13.2,19.3,-6.1,-0.49,-0.59
Matthias Köbbing,de GER,GK,Köln,26-236,1997,0,,,,,0,,0,0,,9,,,,,,,,,,,
Gregor Kobel,ch SUI,GK,Dortmund,26-044,1997,17,"1,465",86,95.8,16.3,17,86,16,0,,0,1.76,30,24,+6,+0.37,-2.40,31.3,28.1,+3.2,+0.20,-0.62
Robin Koch,de GER,DF,Eint Frankfurt,27-186,1996,15,"1,323",88,86.5,14.7,15,88,14,0,,0,1.73,24,16,+8,+0.54,+0.98,19.4,22.5,-3.1,-0.21,+0.63
Tim Köhler,de GER,DF,RB Leipzig,18-262,2005,0,,,,,0,,0,0,,1,,,,,,,,,,,
Dominik Kohr,de GER,"MF,DF",Mainz 05,29-353,1994,16,"1,114",70,72.8,12.4,14,79,8,2,5,0,0.63,6,23,-17,-1.37,-1.81,9.8,14.0,-4.2,-0.34,-0.81
Randal Kolo Muani,fr FRA,FW,Eint Frankfurt,25-045,1998,2,153,77,10.0,1.7,2,77,0,0,,0,2.00,1,1,0,0.00,-0.46,1.9,1.3,+0.6,+0.34,+0.70
Mert Kömür,de GER,MF,Augsburg,18-186,2005,0,,,,,0,,0,0,,1,,,,,,,,,,,
Kouadio Koné,fr FRA,MF,M'Gladbach,22-247,2001,9,698,78,45.6,7.8,8,84,3,1,27,1,1.22,16,13,+3,+0.39,+0.93,9.8,11.4,-1.6,-0.20,+0.05
Odilon Kossonou,ci CIV,DF,Leverkusen,23-015,2001,15,"1,208",81,79.0,13.4,14,86,12,1,3,1,2.60,39,9,+30,+2.24,+0.84,27.9,12.3,+15.6,+1.16,+0.01
Tomáš Koubek,cz CZE,GK,Augsburg,31-146,1992,0,,,,,0,,0,0,,17,,,,,,,,,,,
Matej Kovar,cz CZE,GK,Leverkusen,23-247,2000,0,,,,,0,,0,0,,17,,,,,,,,,,,
Dawid Kownacki,pl POL,FW,Werder Bremen,26-311,1997,10,233,23,15.2,2.6,3,62,0,7,7,6,0.60,3,6,-3,-1.16,-0.88,3.8,5.2,-1.4,-0.54,-0.13
Alex Král,cz CZE,MF,Union Berlin,25-245,1998,13,852,66,59.2,9.5,9,80,7,4,33,2,0.77,11,19,-8,-0.85,+0.07,10.7,15.4,-4.7,-0.50,-0.34
Andrej Kramarić,hr CRO,"MF,FW",Hoffenheim,32-214,1991,14,"1,001",72,65.4,11.1,11,85,5,3,22,0,1.29,22,17,+5,+0.45,+1.47,19.6,19.7,-0.1,-0.01,+0.37
Christoph Kramer,de GER,MF,M'Gladbach,32-334,1991,11,183,17,12.0,2.0,1,58,0,10,13,1,1.55,1,6,-5,-2.46,-2.66,2.6,6.0,-3.3,-1.63,-1.59
Frans Krätzig,de GER,DF,Bayern Munich,21-005,2003,4,56,14,3.9,0.6,0,,0,4,14,12,3.00,6,0,+6,+9.64,+7.63,3.2,0.1,+3.1,+4.82,+2.79
Tom Krauß,de GER,MF,Mainz 05,22-211,2001,16,877,55,57.3,9.7,9,78,2,7,25,1,0.63,11,14,-3,-0.31,+1.35,12.0,10.8,+1.1,+0.12,+0.55
Lukas Kübler,de GER,DF,Freiburg,31-142,1992,12,853,71,55.8,9.5,10,83,5,2,13,2,1.42,11,17,-6,-0.63,-0.77,14.8,13.3,+1.5,+0.16,+0.17
Moritz-Broni Kwarteng,gh GHA,"FW,MF",Bochum,25-266,1998,6,164,27,10.7,1.8,1,69,0,5,19,4,1.83,3,2,+1,+0.55,+1.60,6.0,2.2,+3.7,+2.04,+2.73
Maxence Lacroix,fr FRA,DF,Wolfsburg,23-288,2000,14,"1,192",85,77.9,13.2,14,85,11,0,,0,1.36,18,21,-3,-0.23,+0.84,18.3,20.4,-2.1,-0.16,+0.74
Aïssa Laïdouni,tn TUN,MF,Union Berlin,27-037,1996,13,724,56,50.3,8.0,8,76,3,5,24,2,0.54,10,20,-10,-1.24,-0.74,8.9,13.6,-4.7,-0.58,-0.44
Konrad Laimer,at AUT,"DF,MF",Bayern Munich,26-237,1997,16,"1,093",68,75.9,12.1,11,87,8,5,27,0,2.56,41,10,+31,+2.55,+1.00,36.1,8.8,+27.3,+2.24,+0.44
Hugo Larsson,se SWE,MF,Eint Frankfurt,19-206,2004,15,"1,245",83,81.4,13.8,14,87,10,1,31,1,1.53,24,18,+6,+0.43,+0.12,18.6,24.5,-5.9,-0.43,-0.70
Diogo Leite,pt POR,DF,Union Berlin,24-361,1999,16,"1,405",88,97.6,15.6,16,88,14,0,,0,0.88,16,31,-15,-0.96,-3.53,18.5,24.6,-6.1,-0.39,-1.26
Maxim Leitsch,de GER,DF,Mainz 05,25-246,1998,6,370,62,24.2,4.1,4,85,3,2,16,1,1.17,5,2,+3,+0.73,+2.13,3.5,2.9,+0.6,+0.14,+0.34
Christopher Lenz,de GER,"DF,MF",RB Leipzig,29-119,1994,4,36,9,2.4,0.4,0,,0,4,9,10,3.00,2,0,+2,+5.00,+3.92,0.9,0.3,+0.6,+1.56,+0.64
Christopher Lenz,de GER,DF,Eint Frankfurt,29-119,1994,1,10,10,0.7,0.1,0,,0,1,10,0,1.00,1,0,+1,+9.00,+8.64,0.6,0.1,+0.5,+4.39,+4.72
Jamie Leweling,de GER,"MF,FW",Stuttgart,22-327,2001,17,593,35,38.8,6.6,6,67,0,11,17,0,2.00,12,6,+6,+0.91,-0.05,14.4,6.4,+8.0,+1.22,+0.09
Philipp Lienhart,at AUT,DF,Freiburg,27-192,1996,14,"1,236",88,80.8,13.7,14,88,13,0,,1,1.50,16,23,-7,-0.51,-1.12,18.7,21.0,-2.3,-0.17,-1.30
Matthijs de Ligt,nl NED,DF,Bayern Munich,24-160,1999,9,369,41,25.6,4.1,4,75,2,5,14,1,2.78,21,3,+18,+4.39,+2.79,14.4,4.4,+10.0,+2.43,+0.39
Dimitris Limnios,gr GRE,"FW,MF",Köln,25-237,1998,0,,,,,0,,0,0,,4,,,,,,,,,,,
Jesper Lindstrøm,dk DEN,FW,Eint Frankfurt,23-324,2000,1,83,83,5.4,0.9,1,83,0,0,,1,3.00,1,0,+1,+1.08,+0.71,1.4,0.5,+0.9,+1.01,+1.38
Dejan Ljubicic,at AUT,"MF,FW",Köln,26-103,1997,15,"1,109",74,72.5,12.3,13,82,7,2,23,0,0.60,8,23,-15,-1.22,-0.58,12.6,24.1,-11.5,-0.93,+0.16
Niklas Lomb,de GER,GK,Leverkusen,30-175,1993,0,,,,,0,,0,0,,1,,,,,,,,,,,
Noah Loosli,ch SUI,"DF,MF",Bochum,26-361,1997,7,165,24,10.8,1.8,0,,0,7,24,6,1.14,1,5,-4,-2.18,-1.46,2.0,4.0,-2.0,-1.06,-0.75
Jakob Löpping,de GER,MF,Werder Bremen,20-213,2003,0,,,,,0,,0,0,,1,,,,,,,,,,,
Anthony Losilla,fr FRA,MF,Bochum,37-315,1986,16,"1,306",82,85.4,14.5,16,82,9,0,,0,1.00,16,29,-13,-0.90,-0.09,16.0,25.2,-9.2,-0.64,-1.62
Castello Lukeba,fr FRA,DF,RB Leipzig,21-033,2002,16,991,62,64.8,11.0,11,86,10,5,9,1,1.88,23,11,+12,+1.09,-0.25,21.4,13.7,+7.7,+0.70,-0.69
Senne Lynen,be BEL,MF,Werder Bremen,24-334,1999,16,450,28,29.4,5.0,4,66,0,12,16,1,1.06,8,8,0,0.00,+0.58,6.4,7.9,-1.5,-0.31,+0.17
Ian Maatsen,nl NED,DF,Dortmund,21-315,2002,1,90,90,5.9,1.0,1,90,1,0,,0,3.00,3,0,+3,+3.00,+2.69,3.1,1.0,+2.1,+2.11,+2.01
Matej Maglica,hr CRO,DF,Darmstadt 98,25-116,1998,14,831,59,54.3,9.2,10,77,6,4,16,0,0.64,13,17,-4,-0.43,+2.14,12.0,17.1,-5.1,-0.55,+1.20
Arne Maier,de GER,"MF,DF",Augsburg,25-011,1999,5,94,19,6.1,1.0,0,,0,5,19,5,0.20,1,2,-1,-0.96,-0.52,0.6,2.2,-1.6,-1.55,-1.32
Linton Maina,de GER,"FW,MF",Köln,24-210,1999,15,"1,061",71,69.3,11.8,13,78,4,2,22,0,0.73,8,19,-11,-0.93,+0.41,12.1,24.5,-12.4,-1.05,-0.25
Patrick Mainka,de GER,DF,Heidenheim,29-074,1994,17,"1,530",90,100.0,17.0,17,90,17,0,,0,1.24,26,33,-7,-0.41,,21.0,36.6,-15.6,-0.92,
Lovro Majer,hr CRO,"MF,FW",Wolfsburg,26-002,1998,17,"1,211",71,79.2,13.5,15,77,1,2,29,0,1.18,20,19,+1,+0.07,+2.33,16.9,19.1,-2.3,-0.17,+0.74
Jordy Makengo,fr FRA,DF,Freiburg,22-169,2001,6,398,66,26.0,4.4,4,86,3,2,27,5,2.00,5,0,+5,+1.13,+1.93,6.4,5.2,+1.2,+0.27,+0.25
Donyell Malen,nl NED,"FW,MF",Dortmund,25-010,1999,16,"1,042",65,68.1,11.6,12,78,5,4,27,1,1.81,22,16,+6,+0.52,+0.15,23.2,18.3,+4.9,+0.42,+0.62
Lennard Maloney,us USA,MF,Heidenheim,24-103,1999,17,"1,422",84,92.9,15.8,17,84,10,0,,0,1.24,20,31,-11,-0.70,-4.03,17.6,34.4,-16.8,-1.06,-2.03
David Mamutovic,de GER,DF,Mainz 05,23-045,2000,1,5,5,0.3,0.1,0,,0,1,5,13,0.00,0,0,0,0.00,+0.89,0.0,0.1,-0.1,-2.14,-2.03
Braydon Manu,gh GHA,MF,Darmstadt 98,26-297,1997,2,81,41,5.3,0.9,1,66,0,1,15,0,0.00,1,4,-3,-3.33,-2.03,1.3,1.7,-0.4,-0.49,+0.64
Omar Marmoush,eg EGY,"FW,MF",Eint Frankfurt,24-346,1999,15,"1,084",72,70.8,12.0,13,79,4,2,26,0,1.60,22,16,+6,+0.50,+0.30,17.5,16.9,+0.6,+0.05,+1.19
Eric Martel,de GER,MF,Köln,21-265,2002,14,"1,205",86,78.8,13.4,14,86,11,0,,0,0.79,9,20,-11,-0.82,+1.12,14.7,28.4,-13.7,-1.03,-0.24
Erhan Mašović,rs SRB,DF,Bochum,25-058,1998,15,"1,208",81,79.0,13.4,13,88,12,2,30,1,0.93,14,32,-18,-1.34,-2.18,17.1,23.4,-6.3,-0.47,-0.35
Roberto Massimo,de GER,"DF,FW",Stuttgart,23-099,2000,3,61,20,4.0,0.7,0,,0,3,20,2,2.00,1,2,-1,-1.48,-2.52,0.7,0.6,+0.1,+0.20,-1.00
Philipp Max,de GER,"DF,MF",Eint Frankfurt,30-111,1993,13,841,65,55.0,9.3,11,75,3,2,6,4,1.62,14,13,+1,+0.11,-0.68,13.2,12.1,+1.2,+0.12,+0.93
Eric Maxim Choupo-Moting,cm CMR,"MF,FW",Bayern Munich,34-302,1989,15,334,22,23.2,3.7,3,73,1,12,10,1,2.53,16,8,+8,+2.16,-0.20,15.1,4.1,+11.0,+2.97,+1.08
Noussair Mazraoui,ma MAR,DF,Bayern Munich,26-066,1997,11,820,75,56.9,9.1,10,79,7,1,30,1,2.55,36,7,+29,+3.18,+2.02,28.6,6.4,+22.1,+2.43,+0.68
Kevin Mbabu,ch SUI,DF,Augsburg,28-275,1995,11,804,73,52.5,8.9,8,85,5,3,41,1,0.91,6,14,-8,-0.90,-0.90,10.2,13.6,-3.4,-0.38,-0.13
Noah Mbamba,be BEL,MF,Leverkusen,19-014,2005,2,15,8,1.0,0.2,0,,0,2,8,3,3.00,1,0,+1,+6.00,+3.98,0.9,0.0,+0.9,+5.26,+4.14
Nathanael Mbuku,fr FRA,FW,Augsburg,21-309,2002,1,5,5,0.3,0.1,0,,0,1,5,5,0.00,0,0,0,0.00,+0.47,0.1,0.2,-0.1,-2.52,-2.20
Marvin Mehlem,de GER,MF,Darmstadt 98,26-130,1997,13,972,75,63.5,10.8,13,75,3,0,,0,0.69,15,25,-10,-0.93,+1.33,12.3,20.5,-8.3,-0.77,+0.89
Thomas Meunier,be BEL,DF,Dortmund,32-129,1991,5,348,70,22.7,3.9,4,85,2,1,7,2,1.20,6,4,+2,+0.52,+0.06,7.6,5.8,+1.7,+0.44,+0.29
Alexander Meyer,de GER,GK,Dortmund,32-281,1991,1,65,65,4.2,0.7,0,,0,1,65,16,1.00,3,1,+2,+2.77,+2.40,1.4,0.8,+0.6,+0.82,+0.62
Sven Michel,de GER,"FW,MF",Augsburg,33-188,1990,12,445,37,29.1,4.9,5,64,0,7,18,2,1.33,9,13,-4,-0.81,-0.48,7.4,9.1,-1.7,-0.34,-0.03
Enzo Millot,fr FRA,"MF,FW",Stuttgart,21-186,2002,15,"1,118",75,73.1,12.4,13,83,5,2,21,1,2.27,26,14,+12,+0.97,+0.09,28.6,13.9,+14.7,+1.18,+0.07
Jovan Milošević,rs SRB,FW,Stuttgart,18-172,2005,4,27,7,1.8,0.3,0,,0,4,7,7,2.25,0,0,0,0.00,-0.96,0.5,0.0,+0.5,+1.64,+0.49
Kim Min-jae,kr KOR,DF,Bayern Munich,27-065,1996,15,"1,317",88,91.5,14.6,15,88,13,0,,0,2.53,46,14,+32,+2.19,-1.47,41.2,10.2,+31.0,+2.12,-0.21
Maximilian Mittelstädt,de GER,DF,Stuttgart,26-307,1997,15,751,50,49.1,8.3,8,80,4,7,16,2,2.07,18,10,+8,+0.96,+0.03,21.9,8.8,+13.0,+1.56,+0.78
Mateu Morey,es ESP,DF,Dortmund,23-323,2000,0,,,,,0,,0,0,,6,,,,,,,,,,,
Ilaix Moriba,gn GUI,MF,RB Leipzig,21-000,2003,0,,,,,0,,0,0,,6,,,,,,,,,,,
Youssoufa Moukoko,de GER,FW,Dortmund,19-060,2004,9,160,18,10.5,1.8,0,,0,9,18,4,1.67,7,4,+3,+1.69,+1.36,5.9,3.4,+2.5,+1.41,+1.33
Andreas Müller,de GER,MF,Darmstadt 98,23-183,2000,4,57,14,3.7,0.6,0,,0,4,14,5,1.00,1,2,-1,-1.58,-0.17,0.2,2.6,-2.4,-3.87,-2.88
Florian Müller,de GER,GK,Freiburg,26-067,1997,0,,,,,0,,0,0,,17,,,,,,,,,,,
Jannik Müller,de GER,DF,Darmstadt 98,30-001,1994,7,604,86,39.5,6.7,7,86,5,0,,6,0.71,7,11,-4,-0.60,+1.35,7.1,8.3,-1.2,-0.18,+1.52
Kevin Müller,de GER,GK,Heidenheim,32-310,1991,17,"1,530",90,100.0,17.0,17,90,17,0,,0,1.24,26,33,-7,-0.41,,21.0,36.6,-15.6,-0.92,
Marcus Müller,de GER,MF,Mainz 05,21-152,2002,1,18,18,1.2,0.2,0,,0,1,18,2,0.00,0,0,0,0.00,+0.89,0.5,0.1,+0.4,+1.79,+1.93
Thomas Müller,de GER,"MF,FW",Bayern Munich,34-128,1989,14,572,41,39.7,6.4,7,68,0,7,14,2,2.64,22,4,+18,+2.83,+0.86,18.0,3.8,+14.1,+2.23,+0.14
Reno Münz,de GER,DF,Leverkusen,18-109,2005,0,,,,,0,,0,0,,1,,,,,,,,,,,
Jamal Musiala,de GER,"MF,FW",Bayern Munich,20-327,2003,11,735,67,51.0,8.2,8,83,0,3,23,1,2.36,26,5,+21,+2.57,+0.53,21.5,6.7,+14.8,+1.81,-0.67
Phillipp Mwene,at AUT,"DF,FW",Mainz 05,29-355,1994,10,841,84,55.0,9.3,10,84,6,0,,1,0.60,5,10,-5,-0.54,+0.77,11.3,8.8,+2.5,+0.26,+0.85
Joakim Mæhle,dk DEN,DF,Wolfsburg,26-244,1997,16,"1,347",84,88.0,15.0,15,88,12,1,28,0,1.06,18,24,-6,-0.40,+0.09,18.2,22.2,-4.1,-0.27,+0.43
Nathan N'Goumou,fr FRA,"FW,MF",M'Gladbach,23-311,2000,16,684,43,44.7,7.6,7,71,0,9,21,1,1.06,14,20,-6,-0.79,-1.22,10.6,14.6,-4.0,-0.52,-0.53
Stanley N'Soki,fr FRA,DF,Hoffenheim,24-285,1999,3,115,38,7.5,1.3,1,90,1,2,13,2,1.00,0,3,-3,-2.35,-2.48,1.6,3.3,-1.7,-1.32,-1.27
Luca Netz,de GER,DF,M'Gladbach,20-249,2003,15,"1,211",81,79.2,13.5,14,83,9,1,45,0,1.33,29,24,+5,+0.37,+2.35,21.8,20.0,+1.7,+0.13,+1.72
Manuel Neuer,de GER,GK,Bayern Munich,37-298,1986,8,720,90,50.0,8.0,8,90,8,0,,0,2.63,26,8,+18,+2.25,-0.12,24.5,6.1,+18.5,+2.31,+0.34
Florian Neuhaus,de GER,MF,M'Gladbach,26-309,1997,14,607,43,39.7,6.7,7,70,1,7,16,3,1.14,13,15,-2,-0.30,-0.30,10.5,13.1,-2.5,-0.38,-0.25
Jessic Ngankam,de GER,FW,Eint Frankfurt,23-183,2000,14,278,20,18.2,3.1,2,56,0,12,14,1,1.57,5,1,+4,+1.29,+1.08,4.0,6.1,-2.1,-0.67,-0.46
Moritz Nicolas,de GER,GK,M'Gladbach,26-090,1997,15,"1,350",90,88.2,15.0,15,90,15,0,,2,1.27,30,29,+1,+0.07,+1.57,22.5,24.1,-1.5,-0.10,+1.08
Justin Njinmah,de GER,"FW,MF",Werder Bremen,23-065,2000,15,433,29,28.3,4.8,3,72,0,12,18,2,1.13,8,8,0,0.00,+0.57,8.1,8.1,0.0,-0.01,+0.58
Noel Nkili,de GER,MF,Bayern Munich,18-058,2005,0,,,,,0,,0,0,,3,,,,,,,,,,,
Niels Nkounkou,fr FRA,"DF,MF",Eint Frankfurt,23-079,2000,13,507,39,33.1,5.6,4,76,2,9,23,2,1.31,7,5,+2,+0.36,-0.08,5.8,11.2,-5.4,-0.95,-0.98
Felix Nmecha,de GER,MF,Dortmund,23-101,2000,10,605,61,39.5,6.7,6,80,3,4,31,0,2.00,14,8,+6,+0.89,+0.70,12.3,10.7,+1.6,+0.24,+0.02
Nahuel Noll,de GER,GK,Hoffenheim,20-308,2003,0,,,,,0,,0,0,,3,,,,,,,,,,,
Hugo Novoa,es ESP,FW,RB Leipzig,21-018,2003,0,,,,,0,,0,0,,1,,,,,,,,,,,
Alexander Nübel,de GER,GK,Stuttgart,27-111,1996,17,"1,530",90,100.0,17.0,17,90,17,0,,0,2.00,38,22,+16,+0.94,,38.9,19.2,+19.7,+1.16,
Fabian Nürnberger,de GER,"DF,MF",Darmstadt 98,24-175,1999,12,955,80,62.4,10.6,11,82,8,1,50,0,0.75,11,27,-16,-1.51,-0.26,12.5,21.4,-8.9,-0.84,+0.68
Tim Oermann,de GER,"DF,MF",Bochum,20-105,2003,6,109,18,7.1,1.2,1,64,0,5,9,1,1.67,4,1,+3,+2.48,+3.62,3.2,1.6,+1.6,+1.34,+1.87
Oluwaseun Ogbemudia,de GER,DF,Union Berlin,17-185,2006,0,,,,,0,,0,0,,1,,,,,,,,,,,
Masaya Okugawa,jp JPN,"FW,DF",Augsburg,27-280,1996,2,32,16,2.1,0.4,0,,0,2,16,3,1.50,2,0,+2,+5.63,+6.23,0.7,0.8,-0.1,-0.38,-0.06
Finn Ole Becker,de GER,MF,Hoffenheim,23-225,2000,13,347,27,22.7,3.9,3,68,0,10,14,4,1.38,8,9,-1,-0.26,-0.26,6.8,6.0,+0.8,+0.20,+0.43
Mathias Olesen,lu LUX,"MF,FW",Köln,22-304,2001,6,112,19,7.3,1.2,0,,0,6,19,2,0.67,0,3,-3,-2.41,-1.46,1.9,1.6,+0.3,+0.25,+1.33
Dani Olmo,es ESP,"MF,FW",RB Leipzig,25-257,1998,6,305,51,19.9,3.4,3,88,2,3,14,0,2.00,10,4,+6,+1.77,+0.74,6.1,3.2,+2.9,+0.86,-0.10
Jan Olschowsky,de GER,GK,M'Gladbach,22-062,2001,0,,,,,0,,0,0,,12,,,,,,,,,,,
Jonas Omlin,ch SUI,GK,M'Gladbach,30-009,1994,2,180,90,11.8,2.0,2,90,2,0,,0,0.50,4,7,-3,-1.50,-1.57,2.6,5.0,-2.4,-1.18,-1.08
Karim Onisiwo,at AUT,"FW,MF",Mainz 05,31-308,1992,13,887,68,58.0,9.9,10,84,4,3,17,0,0.54,8,16,-8,-0.81,+0.17,7.5,10.6,-3.2,-0.32,-0.48
Francis Onyeka,de GER,FW,Leverkusen,16-265,2007,0,,,,,0,,0,0,,1,,,,,,,,,,,
Loïs Openda,be BEL,FW,RB Leipzig,23-337,2000,17,"1,345",79,87.9,14.9,17,79,5,0,,0,1.94,32,15,+17,+1.14,-0.32,31.7,16.5,+15.2,+1.01,+0.61
Leon Opitz,de GER,"FW,DF",Werder Bremen,18-283,2005,2,17,9,1.1,0.2,0,,0,2,9,5,1.50,0,2,-2,-10.59,-10.29,0.0,1.2,-1.2,-6.50,-6.15
Willi Orban,hu HUN,DF,RB Leipzig,31-077,1992,3,270,90,17.6,3.0,3,90,3,0,,0,2.00,10,4,+6,+2.00,+1.00,4.5,2.9,+1.6,+0.55,-0.48
Ivan Ordets,ua UKR,DF,Bochum,31-195,1992,9,753,84,49.2,8.4,9,84,8,0,,0,0.56,7,21,-14,-1.67,-1.56,10.3,19.3,-9.0,-1.08,-1.33
Jordi Osei-Tutu,eng ENG,"DF,MF",Bochum,25-109,1998,0,,,,,0,,0,0,,1,,,,,,,,,,,
Patrick Osterhage,de GER,"MF,DF",Bochum,23-352,2000,12,862,72,56.3,9.6,9,90,8,3,18,3,1.17,11,14,-3,-0.31,+1.30,12.7,13.9,-1.2,-0.12,+0.63
Salih Özcan,tr TUR,MF,Dortmund,26-008,1998,10,638,64,41.7,7.1,7,85,6,3,14,6,1.70,14,11,+3,+0.42,-0.08,13.0,15.0,-2.0,-0.28,-0.87
Willian Pacho,ec ECU,DF,Eint Frankfurt,22-095,2001,17,"1,530",90,100.0,17.0,17,90,17,0,,0,1.59,27,20,+7,+0.41,,22.3,27.4,-5.1,-0.30,
Gonçalo Paciência,pt POR,FW,Bochum,29-171,1994,11,479,44,31.3,5.3,5,67,0,6,24,3,1.00,8,7,+1,+0.19,+1.56,8.8,9.2,-0.4,-0.08,+0.46
Exequiel Palacios,ar ARG,MF,Leverkusen,25-106,1998,16,"1,295",81,84.6,14.4,15,83,8,1,45,0,2.63,37,11,+26,+1.81,-1.64,27.3,13.8,+13.6,+0.94,-1.44
Miloš Pantović,rs SRB,MF,Union Berlin,27-196,1996,1,15,15,1.0,0.2,0,,0,1,15,0,3.00,1,0,+1,+6.00,+6.95,0.8,0.8,0.0,-0.18,+0.18
Antonios Papadopoulos,de GER,DF,Dortmund,24-131,1999,1,27,27,1.8,0.3,0,,0,1,27,2,1.00,0,1,-1,-3.33,-3.87,0.2,1.3,-1.0,-3.38,-3.67
Matondo-Merveille Papela,de GER,"MF,DF",Mainz 05,23-001,2001,8,202,25,13.2,2.2,2,67,0,6,12,9,0.88,1,5,-4,-1.78,-1.04,2.2,2.0,+0.2,+0.08,+0.24
Leart Paqarada,xk KVX,DF,Köln,29-103,1994,12,864,72,56.5,9.6,9,88,8,3,23,2,0.50,7,21,-14,-1.46,-0.92,11.0,18.5,-7.5,-0.78,+0.46
Kevin Paredes,us USA,"MF,FW",Wolfsburg,20-257,2003,13,350,27,22.9,3.9,3,74,0,10,13,2,1.00,5,9,-4,-1.03,-0.80,5.5,6.1,-0.6,-0.17,+0.20
Felix Passlack,de GER,DF,Bochum,25-235,1998,7,434,62,28.4,4.8,6,72,3,1,4,6,0.86,4,15,-11,-2.28,-1.95,6.0,10.3,-4.3,-0.89,-0.68
Raul Paula,de GER,MF,Stuttgart,19-359,2004,0,,,,,0,,0,0,,1,,,,,,,,,,,
Benjamin Pavard,fr FRA,DF,Bayern Munich,27-297,1996,0,,,,,0,,0,0,,1,,,,,,,,,,,
Jiří Pavlenka,cz CZE,GK,Werder Bremen,31-280,1992,7,630,90,41.2,7.0,7,90,7,0,,5,0.86,12,17,-5,-0.71,-0.51,11.8,13.5,-1.7,-0.24,+0.31
Aleksandar Pavlovic,de GER,MF,Bayern Munich,19-261,2004,6,312,52,21.7,3.5,3,85,2,3,19,5,3.00,12,3,+9,+2.60,+0.36,9.9,2.0,+7.9,+2.27,+0.16
Kristian Pedersen,dk DEN,"DF,MF",Köln,29-168,1994,0,,,,,0,,0,0,,1,,,,,,,,,,,
Mads Pedersen,dk DEN,DF,Augsburg,27-140,1996,15,"1,113",74,72.7,12.4,13,80,8,2,34,1,1.00,20,27,-7,-0.57,-0.35,17.7,22.2,-4.5,-0.37,-0.18
Jordan Pefok,us USA,FW,M'Gladbach,27-268,1996,10,522,52,34.1,5.8,7,65,1,3,23,0,1.20,15,11,+4,+0.69,+1.23,12.8,6.9,+5.9,+1.02,+1.90
Jordan Pefok,us USA,FW,Union Berlin,27-268,1996,1,27,27,1.9,0.3,0,,0,1,27,1,3.00,1,0,+1,+3.33,+4.29,0.2,1.1,-0.9,-3.07,-2.76
Dženan Pejčinović,de GER,DF,Wolfsburg,18-338,2005,0,,,,,0,,0,0,,4,,,,,,,,,,,
Philipp Pentke,de GER,GK,Köln,38-263,1985,0,,,0.0,0.0,0,,0,0,,7,1.00,1,1,0,,,,,,,
Daniel Peretz,il ISR,GK,Bayern Munich,23-193,2000,0,,,,,0,,0,0,,9,,,,,,,,,,,
Pavao Pervan,at AUT,GK,Wolfsburg,36-067,1987,3,270,90,17.6,3.0,3,90,3,0,,14,0.33,5,7,-2,-0.67,-0.31,4.4,4.5,-0.1,-0.03,+0.36
Jens Petter Hauge,no NOR,"MF,FW",Eint Frankfurt,24-099,1999,9,145,16,9.5,1.6,0,,0,9,16,4,1.67,5,1,+4,+2.48,+2.29,3.3,3.5,-0.2,-0.15,+0.16
Luca Pfeiffer,de GER,"FW,MF",Darmstadt 98,27-152,1996,17,"1,090",64,71.2,12.1,14,74,5,3,19,0,0.59,18,25,-7,-0.58,+2.90,14.2,21.0,-6.9,-0.57,+1.83
Patric Pfeiffer,de GER,DF,Augsburg,24-152,1999,6,371,62,24.2,4.1,4,81,2,2,23,6,0.67,2,9,-7,-1.70,-1.62,4.3,5.7,-1.5,-0.35,-0.04
Luca Philipp,de GER,GK,Hoffenheim,23-052,2000,0,,,,,0,,0,0,,14,,,,,,,,,,,
Maximilian Philipp,de GER,"FW,MF",Freiburg,29-324,1994,7,235,34,15.4,2.6,1,72,0,6,27,1,1.57,3,4,-1,-0.38,-0.10,3.3,3.8,-0.5,-0.19,-0.32
Florian Pick,de GER,"MF,FW",Heidenheim,28-133,1995,12,216,18,14.1,2.4,1,90,1,11,11,5,1.00,0,7,-7,-2.92,-2.92,2.1,4.9,-2.7,-1.12,-0.23
Amos Pieper,de GER,DF,Werder Bremen,26-002,1998,6,540,90,35.3,6.0,6,90,6,0,,4,1.00,10,14,-4,-0.67,-0.39,11.0,11.6,-0.7,-0.11,+0.49
Marvin Pieringer,de GER,"FW,MF",Heidenheim,24-107,1999,15,778,52,50.8,8.6,10,67,1,5,21,0,1.20,14,15,-1,-0.12,+0.60,11.3,18.5,-7.2,-0.83,+0.19
Alassane Pléa,fr FRA,"FW,MF",M'Gladbach,30-315,1993,17,"1,234",73,80.7,13.7,16,75,2,1,27,0,1.18,28,28,0,0.00,+0.61,16.8,23.7,-6.9,-0.50,-1.41
Yussuf Poulsen,dk DEN,FW,RB Leipzig,29-218,1994,16,874,55,57.1,9.7,9,79,2,7,23,1,1.88,26,11,+15,+1.54,+0.86,21.0,13.5,+7.5,+0.77,-0.39
Grischa Prömel,de GER,MF,Hoffenheim,29-010,1995,16,"1,295",81,84.6,14.4,16,81,10,0,,0,1.50,27,28,-1,-0.07,-0.07,23.6,25.3,-1.6,-0.11,+0.15
Gustavo Puerta,co COL,"DF,MF",Leverkusen,20-180,2003,4,26,7,1.7,0.3,0,,0,4,7,8,3.00,0,0,0,0.00,-2.09,0.8,0.1,+0.7,+2.51,+1.37
Joshua Quarshie,de GER,MF,Hoffenheim,19-177,2004,0,,,,,0,,0,0,,1,,,,,,,,,,,
Luca Raimund,de GER,"FW,MF",Stuttgart,18-285,2005,2,29,15,1.9,0.3,0,,0,2,15,3,0.00,0,2,-2,-6.21,-7.29,1.4,1.4,0.0,+0.09,-1.10
Grant Ranos,am ARM,"FW,MF",M'Gladbach,20-183,2003,6,42,7,2.7,0.5,0,,0,6,7,5,1.33,1,0,+1,+2.14,+2.32,1.1,0.5,+0.6,+1.21,+1.48
Nicolai Rapp,de GER,DF,Werder Bremen,27-037,1996,2,76,38,5.0,0.8,1,71,0,1,5,8,0.00,1,2,-1,-1.18,-0.81,0.8,1.4,-0.6,-0.72,-0.31
David Raum,de GER,DF,RB Leipzig,25-272,1998,17,"1,499",88,98.0,16.7,17,88,14,0,,0,1.94,36,18,+18,+1.08,-4.73,34.7,19.2,+15.5,+0.93,-0.57
Rocco Reitz,de GER,MF,M'Gladbach,21-235,2002,17,"1,193",70,78.0,13.3,14,80,4,3,23,0,1.18,27,24,+3,+0.23,+1.56,20.7,20.1,+0.6,+0.04,+1.24
Marco Reus,de GER,"MF,FW",Dortmund,34-233,1989,14,927,66,60.6,10.3,11,75,1,3,34,3,1.93,19,16,+3,+0.29,-0.46,16.9,18.6,-1.7,-0.16,-0.98
Elvis Rexhbeçaj,de GER,MF,Augsburg,26-079,1997,17,"1,462",86,95.6,16.2,17,86,12,0,,0,1.06,23,30,-7,-0.43,+0.89,21.6,25.9,-4.3,-0.27,+1.20
Gio Reyna,us USA,"MF,FW",Dortmund,21-067,2002,9,238,26,15.6,2.6,1,45,0,8,24,4,1.67,6,4,+2,+0.76,+0.34,9.1,4.7,+4.5,+1.68,+1.73
Marco Richter,de GER,"FW,MF",Mainz 05,26-056,1997,13,532,41,34.8,5.9,6,72,1,7,14,2,0.62,2,7,-5,-0.85,+0.06,7.7,5.7,+2.0,+0.34,+0.70
Clemens Riedel,de GER,DF,Darmstadt 98,20-184,2003,8,455,57,29.7,5.1,5,87,4,3,7,6,0.63,5,15,-10,-1.98,-0.81,4.6,11.9,-7.4,-1.45,-0.51
Manuel Riemann,de GER,GK,Bochum,35-132,1988,17,"1,530",90,100.0,17.0,17,90,17,0,,0,1.00,19,34,-15,-0.88,,22.8,29.6,-6.8,-0.40,
Lasse Rieß,de GER,GK,Mainz 05,22-176,2001,0,,,,,0,,0,0,,12,,,,,,,,,,,
Cimo Röcker,de GER,DF,Werder Bremen,29-363,1994,0,,,,,0,,0,0,,5,,,,,,,,,,,
Sebastian Rode,de GER,MF,Eint Frankfurt,33-100,1990,2,23,12,1.5,0.3,1,5,0,1,18,0,2.00,1,0,+1,+3.91,+3.55,0.2,0.0,+0.2,+0.65,+0.96
Rogério,br BRA,"DF,MF",Wolfsburg,26-006,1998,8,552,69,36.1,6.1,6,80,4,2,36,1,0.88,6,10,-4,-0.65,-0.38,4.3,9.7,-5.4,-0.88,-0.87
Merlin Röhl,de GER,"MF,FW",Freiburg,21-198,2002,13,851,65,55.6,9.5,10,76,2,3,32,3,1.31,11,14,-3,-0.32,-0.05,13.8,15.2,-1.4,-0.15,-0.52
Frank Ronstadt,de GER,"DF,MF",Darmstadt 98,26-182,1997,4,76,19,5.0,0.8,0,,0,4,19,2,1.00,2,2,0,0.00,+1.49,0.9,2.0,-1.0,-1.23,-0.14
Anthony Rouault,fr FRA,DF,Stuttgart,22-235,2001,12,503,42,32.9,5.6,5,80,2,7,15,2,1.83,11,6,+5,+0.89,-0.07,11.6,6.8,+4.8,+0.85,-0.46
Jérôme Roussillon,fr FRA,DF,Union Berlin,31-013,1993,13,543,42,37.7,6.0,6,75,2,7,13,2,1.08,7,10,-3,-0.50,+0.61,5.3,10.9,-5.7,-0.94,-0.93
Fabian Rüdlin,de GER,MF,Freiburg,27-006,1997,1,7,7,0.5,0.1,0,,0,1,7,7,0.00,0,1,-1,-12.86,-12.62,0.0,0.2,-0.2,-2.66,-2.76
Julian Ryerson,no NOR,DF,Dortmund,26-063,1997,10,893,89,58.4,9.9,10,89,9,0,,2,2.20,19,14,+5,+0.50,+0.08,17.3,17.0,+0.3,+0.03,-0.48
Frederik Rønnow,dk DEN,GK,Union Berlin,31-168,1992,16,"1,440",90,100.0,16.0,16,90,16,0,,0,0.88,17,31,-14,-0.87,,19.0,24.7,-5.8,-0.36,
Marcel Sabitzer,at AUT,MF,Dortmund,29-308,1994,12,928,77,60.7,10.3,11,83,8,1,14,1,1.67,20,18,+2,+0.19,-0.70,19.3,19.6,-0.3,-0.03,-0.64
Roland Sallai,hu HUN,"FW,MF",Freiburg,26-242,1997,13,849,65,55.5,9.4,10,78,3,3,22,0,1.77,13,12,+1,+0.11,+0.90,15.9,12.1,+3.8,+0.40,+0.72
Diadie Samassékou,ml MLI,MF,Hoffenheim,28-008,1996,1,1,1,0.1,0.0,0,,0,1,1,10,3.00,0,0,0,0.00,+0.06,0.0,0.0,0.0,0.00,+0.14
Jadon Sancho,eng ENG,FW,Dortmund,23-300,2000,1,36,36,2.4,0.4,0,,0,1,36,0,3.00,2,0,+2,+5.00,+4.64,2.2,0.7,+1.5,+3.81,+3.67
Leroy Sané,de GER,FW,Bayern Munich,28-008,1996,16,"1,386",87,96.3,15.4,16,87,12,0,,0,2.56,50,14,+36,+2.34,+0.67,44.4,10.7,+33.7,+2.19,+1.36
Mohamed Sankoh,nl NED,DF,Stuttgart,20-095,2003,0,,,,,0,,0,0,,1,,,,,,,,,,,
Kauã Santos,br BRA,GK,Eint Frankfurt,20-283,2003,0,,,,,0,,0,0,,2,,,,,,,,,,,
Amin Sarr,se SWE,"FW,MF",Wolfsburg,22-314,2001,5,98,20,6.4,1.1,0,,0,5,20,4,0.60,0,2,-2,-1.84,-1.52,1.1,2.1,-1.0,-0.94,-0.66
Bouna Sarr,sn SEN,DF,Bayern Munich,31-353,1992,2,106,53,7.4,1.2,1,90,1,1,16,8,3.00,4,2,+2,+1.70,-0.66,2.0,1.5,+0.5,+0.39,-1.88
Kein Sato,jp JPN,FW,Werder Bremen,22-192,2001,0,,,,,0,,0,0,,2,,,,,,,,,,,
Joe Scally,us USA,DF,M'Gladbach,21-019,2002,17,"1,250",74,81.7,13.9,14,84,10,3,25,0,1.18,26,30,-4,-0.29,-0.93,16.8,24.6,-7.8,-0.56,-1.83
András Schäfer,hu HUN,MF,Union Berlin,24-281,1999,5,191,38,13.3,2.1,1,84,0,4,27,0,1.60,4,2,+2,+0.94,+2.10,2.8,2.5,+0.3,+0.15,+0.59
Patrik Schick,cz CZE,FW,Leverkusen,27-360,1996,6,206,34,13.5,2.3,2,78,1,4,13,1,2.33,5,0,+5,+2.18,+0.15,6.4,1.2,+5.3,+2.29,+1.31
Stefan Schimmer,de GER,"MF,FW",Heidenheim,29-266,1994,9,73,8,4.8,0.8,0,,0,9,8,8,0.78,2,2,0,0.00,+0.43,2.4,2.0,+0.4,+0.47,+1.46
Xaver Schlager,at AUT,MF,RB Leipzig,26-113,1997,15,"1,324",88,86.5,14.7,15,88,12,0,,0,1.93,34,16,+18,+1.22,+0.35,31.7,15.5,+16.3,+1.10,+1.22
Keven Schlotterbeck,de GER,DF,Freiburg,26-266,1997,0,,,,,0,,0,0,,1,,,,,,,,,,,
Keven Schlotterbeck,de GER,DF,Bochum,26-266,1997,12,902,75,59.0,10.0,10,89,9,2,4,2,1.33,13,11,+2,+0.20,+2.64,14.1,13.5,+0.6,+0.06,+1.12
Nico Schlotterbeck,de GER,DF,Dortmund,24-049,1999,16,"1,391",87,90.9,15.5,16,87,13,0,,1,1.69,31,24,+7,+0.45,-0.19,29.5,26.0,+3.6,+0.23,+0.06
Romano Schmid,at AUT,MF,Werder Bremen,23-357,2000,17,"1,242",73,81.2,13.8,14,84,6,3,23,0,1.00,21,27,-6,-0.43,-0.12,17.2,23.9,-6.7,-0.48,-0.31
Kenneth Schmidt,de GER,DF,Freiburg,21-230,2002,5,68,14,4.4,0.8,0,,0,5,14,7,0.80,1,4,-3,-3.97,-3.85,0.5,2.3,-1.8,-2.42,-2.62
Benno Schmitz,de GER,DF,Köln,29-063,1994,9,537,60,35.1,6.0,6,82,4,3,14,5,0.33,4,10,-6,-1.01,+0.08,6.8,10.5,-3.7,-0.62,+0.55
Fabian Schnellhardt,de GER,MF,Darmstadt 98,30-007,1994,6,208,35,13.6,2.3,2,64,0,4,20,10,0.50,0,4,-4,-1.73,-0.37,2.5,5.2,-2.7,-1.18,-0.09
Florian Schock,de GER,GK,Stuttgart,22-242,2001,0,,,,,0,,0,0,,2,,,,,,,,,,,
Jan Schöppner,de GER,MF,Heidenheim,24-221,1999,9,626,70,40.9,7.0,7,86,5,2,13,8,1.44,12,12,0,0.00,+0.70,7.5,14.6,-7.0,-1.01,-0.16
Marcel Schuhen,de GER,GK,Darmstadt 98,31-006,1993,16,"1,440",90,94.1,16.0,16,90,16,0,,0,0.56,19,43,-24,-1.50,-1.50,17.0,34.3,-17.3,-1.08,+0.19
Philipp Schulze,de GER,GK,Wolfsburg,20-355,2003,0,,,,,0,,0,0,,4,,,,,,,,,,,
Marvin Schwäbe,de GER,GK,Köln,28-269,1995,17,"1,530",90,100.0,17.0,17,90,17,0,,0,0.65,11,29,-18,-1.06,,18.6,35.2,-16.6,-0.98,
Alexander Schwolow,de GER,GK,Union Berlin,31-231,1992,0,,,,,0,,0,0,,13,,,,,,,,,,,
Dennis Seimen,de GER,GK,Stuttgart,18-049,2005,0,,,,,0,,0,0,,1,,,,,,,,,,,
Nicolas Seiwald,at AUT,MF,RB Leipzig,22-260,2001,6,147,25,9.6,1.6,1,61,0,5,17,11,1.33,2,3,-1,-0.61,-1.98,2.2,2.5,-0.3,-0.18,-1.24
Davie Selke,de GER,FW,Köln,28-364,1995,15,"1,083",72,70.8,12.0,14,76,5,1,25,1,0.60,7,21,-14,-1.16,-0.36,13.2,27.3,-14.1,-1.17,-0.67
Benjamin Šeško,si SVN,FW,RB Leipzig,20-233,2003,14,417,30,27.3,4.6,4,63,0,10,16,2,2.14,6,5,+1,+0.22,-1.32,8.2,4.9,+3.4,+0.72,-0.30
Kevin Sessa,de GER,"MF,FW",Heidenheim,23-197,2000,13,263,20,17.2,2.9,0,,0,13,20,2,1.31,8,7,+1,+0.34,+0.91,5.9,7.7,-1.9,-0.63,+0.35
Aaron Seydel,de GER,FW,Darmstadt 98,27-346,1996,6,258,43,16.9,2.9,3,76,1,3,10,1,0.50,3,6,-3,-1.05,+0.44,2.0,5.3,-3.3,-1.15,-0.07
Tim Siersleben,de GER,DF,Heidenheim,23-316,2000,10,811,81,53.0,9.0,9,90,9,1,1,7,1.00,13,22,-9,-1.00,-1.25,12.2,22.4,-10.2,-1.13,-0.44
Kiliann Sildillia,fr FRA,DF,Freiburg,21-248,2002,16,"1,128",71,73.7,12.5,13,85,11,3,6,1,1.56,13,17,-4,-0.32,-0.10,16.6,18.3,-1.7,-0.13,-0.82
Mohamed Simakan,fr FRA,DF,RB Leipzig,23-261,2000,17,"1,415",83,92.5,15.7,16,86,11,1,45,0,1.94,34,18,+16,+1.02,-2.11,32.3,18.3,+14.1,+0.89,-0.62
Xavi Simons,nl NED,MF,RB Leipzig,20-273,2003,17,"1,357",80,88.7,15.1,17,80,3,0,,0,1.94,34,16,+18,+1.19,+0.15,31.0,17.1,+13.9,+0.92,-0.16
Tobias Sippel,de GER,GK,M'Gladbach,35-303,1988,0,,,,,0,,0,0,,4,,,,,,,,,,,
Tim Skarke,de GER,"FW,MF",Darmstadt 98,27-134,1996,15,"1,170",78,76.5,13.0,14,81,5,1,32,0,0.67,17,32,-15,-1.15,+1.10,12.2,26.4,-14.3,-1.10,0.00
Ellyes Skhiri,tn TUN,MF,Eint Frankfurt,28-254,1995,14,"1,197",86,78.2,13.3,13,90,13,1,27,0,1.50,20,14,+6,+0.45,+0.18,18.7,19.0,-0.3,-0.02,+1.27
Robert Skov,dk DEN,"DF,FW",Hoffenheim,27-244,1996,15,835,56,54.6,9.3,10,70,2,5,27,1,1.53,22,20,+2,+0.22,+0.60,16.0,16.1,-0.1,-0.01,+0.28
Hrvoje Smolčić,hr CRO,DF,Eint Frankfurt,23-155,2000,7,248,35,16.2,2.8,2,85,1,5,16,9,1.71,3,3,0,0.00,-0.49,3.3,4.2,-0.8,-0.31,-0.01
Danilo Soares,br BRA,DF,Bochum,32-082,1991,5,351,70,22.9,3.9,3,88,2,2,44,9,0.60,3,6,-3,-0.77,+0.15,3.7,6.9,-3.3,-0.84,-0.57
Borna Sosa,hr CRO,"FW,DF",Stuttgart,25-363,1998,2,46,23,3.0,0.5,0,,0,2,23,0,1.50,0,4,-4,-7.83,-9.04,0.4,0.8,-0.4,-0.76,-1.98
Anton Stach,de GER,MF,Hoffenheim,25-065,1998,14,"1,123",80,73.4,12.5,12,86,8,2,46,0,1.29,20,27,-7,-0.56,-1.89,19.5,22.0,-2.5,-0.20,-0.22
Anton Stach,de GER,MF,Mainz 05,25-065,1998,2,170,85,11.1,1.9,2,85,1,0,,0,0.50,2,4,-2,-1.06,-0.20,2.7,2.3,+0.4,+0.21,+0.37
Jens Stage,dk DEN,MF,Werder Bremen,27-072,1996,17,"1,432",84,93.6,15.9,16,88,11,1,32,0,1.00,20,27,-7,-0.44,-0.44,20.2,27.3,-7.1,-0.44,-0.31
Josip Stanišić,hr CRO,DF,Leverkusen,23-292,2000,7,345,49,22.5,3.8,3,89,2,4,20,8,3.00,9,3,+6,+1.57,-0.64,8.6,3.7,+5.0,+1.30,+0.18
Niklas Stark,de GER,DF,Werder Bremen,28-280,1995,9,666,74,43.5,7.4,7,90,7,2,18,2,1.22,13,10,+3,+0.41,+1.45,13.5,10.3,+3.2,+0.44,+1.53
Pascal Stenzel,de GER,DF,Stuttgart,27-305,1996,12,803,67,52.5,8.9,11,72,1,1,9,4,2.25,23,11,+12,+1.34,+0.85,18.7,9.6,+9.1,+1.02,-0.29
Leonidas Stergiou,ch SUI,DF,Stuttgart,21-322,2002,5,43,9,2.8,0.5,0,,0,5,9,10,1.40,0,1,-1,-2.09,-3.12,1.6,0.5,+1.2,+2.48,+1.36
Angelo Stiller,de GER,MF,Hoffenheim,22-290,2001,1,84,84,5.5,0.9,1,84,0,0,,0,0.00,1,2,-1,-1.07,-1.07,1.2,2.5,-1.3,-1.42,-1.35
Angelo Stiller,de GER,MF,Stuttgart,22-290,2001,15,"1,280",85,83.7,14.2,14,90,14,1,20,0,2.07,31,17,+14,+0.98,+0.26,32.1,16.2,+15.8,+1.11,-0.29
Kevin Stöger,at AUT,MF,Bochum,30-145,1993,16,"1,265",79,82.7,14.1,16,79,7,0,,0,1.06,16,28,-12,-0.85,+0.17,18.6,22.4,-3.7,-0.27,+0.77
Filip Stojilković,ch SUI,"FW,MF",Darmstadt 98,24-015,2000,6,154,26,10.1,1.7,0,,0,6,26,2,0.00,0,4,-4,-2.34,-1.03,2.1,4.7,-2.6,-1.55,-0.50
Niklas Süle,de GER,DF,Dortmund,28-138,1995,12,620,52,40.5,6.9,4,90,4,8,33,4,1.42,11,10,+1,+0.15,-0.55,14.8,14.7,+0.1,+0.01,-0.36
Mattias Svanberg,se SWE,MF,Wolfsburg,25-014,1999,16,"1,223",76,79.9,13.6,15,80,4,1,20,1,1.25,18,21,-3,-0.22,+0.95,16.4,22.0,-5.6,-0.42,-0.46
Attila Szalai,hu HUN,DF,Hoffenheim,25-364,1998,4,288,72,18.8,3.2,4,72,2,0,,13,1.50,7,7,0,0.00,+0.07,5.0,6.4,-1.4,-0.42,-0.35
Jonathan Tah,de GER,DF,Leverkusen,27-342,1996,15,"1,307",87,85.4,14.5,15,87,13,0,,2,2.60,41,12,+29,+2.00,-0.42,30.6,15.2,+15.4,+1.06,-0.70
Japhet Tanganga,eng ENG,DF,Augsburg,24-294,1999,0,,,,,0,,0,0,,1,,,,,,,,,,,
Edmond Tapsoba,bf BFA,DF,Leverkusen,24-351,1999,14,"1,173",84,76.7,13.0,13,88,11,1,24,1,2.57,35,12,+23,+1.76,-1.26,26.7,14.7,+12.0,+0.92,-1.04
Mathys Tel,fr FRA,"FW,MF",Bayern Munich,18-267,2005,12,231,19,16.0,2.6,0,,0,12,19,4,2.67,13,4,+9,+3.51,+1.42,7.9,3.7,+4.3,+1.65,-0.58
Nathan Tella,ng NGA,DF,Leverkusen,24-198,1999,8,79,10,5.2,0.9,0,,0,8,10,7,3.00,3,0,+3,+3.42,+1.43,2.3,0.8,+1.5,+1.69,+0.56
Norman Theuerkauf,de GER,"MF,DF",Heidenheim,36-360,1987,13,772,59,50.5,8.6,10,70,1,3,24,4,1.54,14,15,-1,-0.12,+0.60,10.9,19.6,-8.7,-1.01,-0.19
Niclas Thiede,de GER,GK,Bochum,24-280,1999,0,,,,,0,,0,0,,16,,,,,,,,,,,
Jan Thielmann,de GER,"FW,MF",Köln,21-238,2002,8,527,66,34.4,5.9,6,78,3,2,29,0,0.88,2,3,-1,-0.17,+1.35,4.8,9.2,-4.4,-0.75,+0.34
Denis Thomalla,de GER,"MF,FW",Heidenheim,31-156,1992,14,353,25,23.1,3.9,3,68,0,11,14,1,1.00,6,10,-4,-1.02,-0.79,6.2,9.0,-2.8,-0.71,+0.27
Phillip Tietz,de GER,FW,Augsburg,26-194,1997,17,"1,134",67,74.1,12.6,14,75,2,3,30,0,1.06,19,19,0,0.00,+1.82,17.5,18.7,-1.2,-0.09,+0.87
Steffen Tigges,de GER,"FW,MF",Köln,25-172,1998,12,392,33,25.6,4.4,4,65,0,8,16,3,0.92,3,1,+2,+0.46,+2.04,5.1,7.2,-2.1,-0.49,+0.65
Umut Tohumcu,de GER,MF,Hoffenheim,19-161,2004,5,215,43,14.1,2.4,3,63,0,2,13,6,1.40,5,3,+2,+0.84,+1.04,4.5,3.1,+1.4,+0.58,+0.83
Tiago Tomás,pt POR,"FW,MF",Wolfsburg,21-217,2002,15,603,40,39.4,6.7,6,66,0,9,23,1,1.13,5,12,-7,-1.04,-1.04,8.2,12.2,-4.0,-0.59,-0.45
Fabio Torsiello,it ITA,"FW,DF",Darmstadt 98,18-351,2005,4,30,8,2.0,0.3,0,,0,4,8,0,0.25,1,1,0,0.00,+1.44,0.4,1.4,-1.0,-2.93,-1.87
Lucas Tousart,fr FRA,MF,Union Berlin,26-265,1997,7,306,44,21.3,3.4,3,65,0,4,28,3,0.14,1,7,-6,-1.76,-1.13,5.0,4.1,+0.9,+0.25,+0.78
Omar Traoré,de GER,DF,Heidenheim,25-349,1998,15,"1,136",76,74.2,12.6,13,82,8,2,38,1,1.13,21,25,-4,-0.32,+0.37,16.6,30.2,-13.6,-1.08,-0.62
Kevin Trapp,de GER,GK,Eint Frankfurt,33-195,1990,16,"1,440",90,94.1,16.0,16,90,16,0,,0,1.50,24,19,+5,+0.31,-1.69,19.9,26.0,-6.1,-0.38,-1.44
Christopher Trimmel,at AUT,"DF,MF",Union Berlin,36-329,1987,12,752,63,52.2,8.4,8,82,4,4,24,4,0.67,8,21,-13,-1.56,-1.43,10.8,12.4,-1.6,-0.19,+0.36
Tuta,br BRA,DF,Eint Frankfurt,24-199,1999,16,"1,351",84,88.3,15.0,16,84,11,0,,1,1.63,23,18,+5,+0.33,-0.67,19.2,24.4,-5.2,-0.34,-0.39
Lukas Ullrich,de GER,DF,M'Gladbach,19-309,2004,2,21,11,1.4,0.2,0,,0,2,11,1,0.00,0,1,-1,-4.29,-4.23,0.1,0.4,-0.3,-1.28,-1.06
Sven Ulreich,de GER,GK,Bayern Munich,35-169,1988,8,720,90,50.0,8.0,8,90,8,0,,6,2.50,26,7,+19,+2.37,+0.12,21.4,5.7,+15.8,+1.97,-0.34
Deniz Undav,de GER,FW,Stuttgart,27-184,1996,14,870,62,56.9,9.7,9,81,3,5,28,0,2.00,20,14,+6,+0.62,-0.74,25.4,12.6,+12.9,+1.33,+0.39
Dayot Upamecano,fr FRA,DF,Bayern Munich,25-084,1998,14,"1,140",81,79.2,12.7,13,84,10,1,45,0,2.50,32,12,+20,+1.58,-3.52,33.5,8.8,+24.7,+1.95,-0.92
Mark Uth,de GER,"MF,FW",Köln,32-148,1991,7,258,37,16.9,2.9,3,65,0,4,16,2,0.86,2,7,-5,-1.74,-0.82,4.0,8.6,-4.7,-1.63,-0.79
Josha Vagnoman,de GER,"DF,FW",Stuttgart,23-039,2000,7,350,50,22.9,3.9,3,85,1,4,24,0,1.86,4,7,-3,-0.77,-2.22,7.6,6.5,+1.1,+0.27,-1.15
Ruben Vargas,ch SUI,"MF,FW",Augsburg,25-167,1998,15,794,53,51.9,8.8,9,71,1,6,26,0,1.00,11,20,-9,-1.02,-1.14,10.7,14.6,-3.9,-0.45,-0.27
Miloš Veljković,rs SRB,DF,Werder Bremen,28-115,1995,13,"1,097",84,71.7,12.2,12,88,11,1,45,1,0.92,18,25,-7,-0.57,-0.57,14.6,21.7,-7.1,-0.58,-0.55
Oscar Vilhelmsson,se SWE,"FW,MF",Darmstadt 98,20-109,2003,10,490,49,32.0,5.4,5,71,1,5,27,2,0.20,4,10,-6,-1.10,+0.46,6.0,8.8,-2.8,-0.52,+0.84
Kevin Vogt,de GER,DF,Hoffenheim,32-118,1991,16,"1,319",82,86.2,14.7,14,88,13,2,42,0,1.50,32,27,+5,+0.34,+2.90,25.9,24.8,+1.1,+0.07,+1.52
Kevin Vogt,de GER,DF,Union Berlin,32-118,1991,1,90,90,6.3,1.0,1,90,1,0,,0,1.00,0,0,0,0.00,+0.93,0.5,1.8,-1.3,-1.31,-1.01
Kevin Volland,de GER,"MF,FW",Union Berlin,31-173,1992,11,584,53,40.6,6.5,7,75,2,4,15,1,1.27,7,6,+1,+0.15,+1.73,7.9,8.9,-1.0,-0.15,+0.36
Aster Vranckx,be BEL,MF,Wolfsburg,21-107,2002,13,706,54,46.1,7.8,7,87,6,6,16,2,1.31,9,16,-7,-0.89,-0.89,7.0,13.6,-6.6,-0.84,-0.95
Simon Walde,de GER,DF,M'Gladbach,19-015,2005,0,,,,,0,,0,0,,3,,,,,,,,,,,
Luca Waldschmidt,de GER,"MF,FW",Köln,27-245,1996,15,848,57,55.4,9.4,10,72,2,5,26,0,0.67,9,13,-4,-0.42,+1.42,12.5,19.5,-7.0,-0.74,+0.52
Wout Weghorst,nl NED,FW,Hoffenheim,31-165,1992,13,"1,050",81,68.6,11.7,13,81,8,0,,0,1.77,25,19,+6,+0.51,+1.83,19.1,19.2,-0.1,-0.01,+0.40
Julian Weigl,de GER,MF,M'Gladbach,28-133,1995,16,"1,431",89,93.5,15.9,16,89,15,0,,0,1.06,32,34,-2,-0.13,-0.13,23.4,26.5,-3.1,-0.20,+0.50
Nelson Weiper,de GER,"FW,MF",Mainz 05,18-308,2005,3,104,35,6.8,1.2,1,69,0,2,18,0,0.33,1,3,-2,-1.73,-0.91,1.8,2.0,-0.2,-0.21,-0.09
Mitchell Weiser,de GER,"DF,FW",Werder Bremen,29-273,1994,17,"1,474",87,96.3,16.4,17,87,14,0,,0,1.00,24,27,-3,-0.18,+6.25,21.8,26.8,-4.9,-0.30,+3.30
Noah Weißhaupt,de GER,"DF,MF",Freiburg,22-121,2001,14,533,38,34.8,5.9,5,80,2,9,15,2,1.36,8,9,-1,-0.17,+0.19,11.4,8.6,+2.8,+0.47,+0.60
Timo Werner,de GER,"FW,MF",RB Leipzig,27-319,1996,8,207,26,13.5,2.3,2,62,0,6,14,4,2.00,6,4,+2,+0.87,-0.35,4.8,3.3,+1.5,+0.64,-0.34
Silvan Widmer,ch SUI,"DF,FW",Mainz 05,30-320,1993,5,443,89,29.0,4.9,5,89,2,0,,4,0.80,3,4,-1,-0.20,+0.96,6.7,3.7,+2.9,+0.59,+1.00
Lasse Wilhelm,de GER,DF,Mainz 05,20-305,2003,0,,,,,0,,0,0,,4,,,,,,,,,,,
Patrick Wimmer,at AUT,FW,Wolfsburg,22-234,2001,6,280,47,18.3,3.1,4,69,0,2,2,2,2.00,8,3,+5,+1.61,+2.47,4.9,2.8,+2.1,+0.66,+1.21
Jonas Wind,dk DEN,FW,Wolfsburg,24-346,1999,17,"1,492",88,97.5,16.6,17,88,12,0,,0,1.18,21,28,-7,-0.42,-0.42,20.1,25.1,-5.0,-0.30,+0.92
Frederik Winther,dk DEN,DF,Augsburg,23-015,2001,0,,,,,0,,0,0,,3,,,,,,,,,,,
Florian Wirtz,de GER,MF,Leverkusen,20-261,2003,17,"1,291",76,84.4,14.3,15,82,3,2,30,0,2.65,42,11,+31,+2.16,+0.65,29.9,13.6,+16.3,+1.14,-0.15
Maximilian Wittek,de GER,"DF,MF",Bochum,28-151,1995,9,497,55,32.5,5.5,7,66,3,2,19,6,0.67,5,17,-12,-2.17,-1.91,6.8,11.8,-5.0,-0.91,-0.76
Maximilian Wöber,at AUT,DF,M'Gladbach,25-349,1998,15,"1,321",88,86.3,14.7,15,88,12,0,,0,0.93,29,31,-2,-0.14,-0.14,21.4,25.5,-4.1,-0.28,-0.34
Marius Wolf,de GER,DF,Dortmund,28-237,1995,12,630,53,41.2,7.0,7,79,5,5,15,4,1.92,17,11,+6,+0.86,+0.66,14.5,11.1,+3.4,+0.48,+0.44
Nick Woltemade,de GER,"FW,MF",Werder Bremen,21-339,2002,13,268,21,17.5,3.0,1,64,0,12,17,3,1.23,9,6,+3,+1.01,+1.72,7.3,6.2,+1.1,+0.38,+0.98
Jeong Woo-yeong,kr KOR,MF,Stuttgart,24-121,1999,12,380,32,24.8,4.2,4,78,1,8,9,0,1.83,12,6,+6,+1.42,+0.64,9.0,5.2,+3.8,+0.89,-0.37
Granit Xhaka,ch SUI,MF,Leverkusen,31-114,1992,17,"1,505",89,98.4,16.7,17,89,14,0,,0,2.65,46,12,+34,+2.03,-1.57,34.6,15.7,+18.9,+1.13,-1.82
Dan-Axel Zagadou,fr FRA,DF,Stuttgart,24-230,1999,17,"1,273",75,83.2,14.1,14,88,12,3,13,0,2.00,32,19,+13,+0.92,-0.13,31.1,15.4,+15.7,+1.11,-0.33
Robin Zentner,de GER,GK,Mainz 05,29-083,1994,13,"1,170",90,76.5,13.0,13,90,13,0,,0,0.69,13,26,-13,-1.00,-0.50,12.0,17.4,-5.4,-0.41,-1.25
Cedric Zesiger,ch SUI,DF,Wolfsburg,25-209,1998,13,936,72,61.2,10.4,11,85,9,2,1,4,1.46,14,20,-6,-0.58,-0.43,15.1,18.2,-3.1,-0.30,+0.06
Michael Zetterer,de GER,GK,Werder Bremen,28-191,1995,10,900,90,58.8,10.0,10,90,10,0,,7,1.10,12,14,-2,-0.20,+0.51,10.3,15.8,-5.5,-0.55,-0.31
Christoph Zimmermann,de GER,DF,Darmstadt 98,31-007,1993,7,445,64,29.1,4.9,5,79,3,2,25,1,0.29,3,17,-14,-2.83,-2.00,2.2,12.2,-10.0,-2.03,-1.32
Leopold Zingerle,de GER,GK,RB Leipzig,29-284,1994,0,,,,,0,,0,0,,4,,,,,,,,,,,
Simon Zoller,de GER,"FW,MF",Bochum,32-207,1991,1,45,45,2.9,0.5,0,,0,1,45,0,0.00,0,3,-3,-6.00,-5.27,0.2,1.8,-1.6,-3.14,-2.82
Lovro Zvonarek,hr CRO,FW,Bayern Munich,18-256,2005,0,,,,,0,,0,0,,1,,,,,,,,,,,
