Player,Nation,Pos,Squad,Age,Born,90s,SCA,SCA90,PassLive,PassDead,TO,Sh,Fld,Def,GCA,GCA90,PassLive,PassDead,TO,Sh,Fld,Def
Brenden Aaronson,us USA,MF,Union Berlin,23-089,2000,4.4,8,1.82,7,1,0,0,0,0,1,0.23,1,0,0,0,0,0
Paxten Aaronson,us USA,MF,Eint Frankfurt,20-146,2003,1.1,2,1.78,1,0,0,1,0,0,1,0.89,1,0,0,0,0,0
Junior Adamu,at AUT,"FW,MF",Freiburg,22-227,2001,1.1,2,1.89,1,0,0,0,1,0,0,0.00,0,0,0,0,0,0
Sargis Adamyan,am ARM,"FW,MF",Köln,30-241,1993,1.6,7,4.41,7,0,0,0,0,0,0,0.00,0,0,0,0,0,0
Karim Adeyemi,de GER,"FW,MF",Dortmund,22-001,2002,4.1,7,1.70,4,0,1,0,2,0,1,0.24,1,0,0,0,0,0
Amine Adli,ma MAR,"MF,DF",Leverkusen,23-254,2000,2.9,17,5.80,15,0,1,1,0,0,3,1.02,3,0,0,0,0,0
Felix Agu,de GER,"MF,DF",Werder Bremen,24-114,1999,3.1,9,2.93,7,0,0,0,2,0,0,0.00,0,0,0,0,0,0
Ludovic Ajorque,fr FRA,FW,Mainz 05,29-328,1994,9.8,21,2.15,17,1,0,1,2,0,0,0.00,0,0,0,0,0,0
Kevin Akpoguma,ng NGA,DF,Hoffenheim,28-275,1995,6.4,6,0.93,4,0,1,0,1,0,1,0.16,1,0,0,0,0,0
Faride Alidou,de GER,"FW,MF",Köln,22-185,2001,3.2,7,2.16,6,0,0,0,1,0,1,0.31,1,0,0,0,0,0
Nadiem Amiri,de GER,"MF,FW",Leverkusen,27-084,1996,0.2,0,0.00,0,0,0,0,0,0,0,0.00,0,0,0,0,0,0
Kofi Amoako,de GER,MF,Wolfsburg,18-258,2005,0.0,0,0.00,0,0,0,0,0,0,0,0.00,0,0,0,0,0,0
Robert Andrich,de GER,"MF,DF",Leverkusen,29-119,1994,4.7,4,0.85,4,0,0,0,0,0,1,0.21,1,0,0,0,0,0
Waldemar Anton,de GER,DF,Stuttgart,27-183,1996,16.6,18,1.08,14,0,0,2,1,1,4,0.24,3,0,0,1,0,0
Christopher Antwi-Adjei,gh GHA,"FW,MF",Bochum,29-346,1994,8.0,25,3.10,18,5,0,2,0,0,2,0.25,2,0,0,0,0,0
Maximilian Arnold,de GER,MF,Wolfsburg,29-237,1994,11.9,25,2.11,15,8,1,0,1,0,0,0.00,0,0,0,0,0,0
Arthur,br BRA,DF,Leverkusen,20-308,2003,0.4,0,0.00,0,0,0,0,0,0,0,0.00,0,0,0,0,0,0
Takuma Asano,jp JPN,"FW,MF",Bochum,29-070,1994,13.1,38,2.91,25,0,3,4,5,1,2,0.15,1,0,0,1,0,0
Noah Atubolu,de GER,GK,Freiburg,21-239,2002,17.0,1,0.06,0,1,0,0,0,0,0,0.00,0,0,0,0,0,0
Matthias Bader,de GER,"DF,MF",Darmstadt 98,26-216,1997,10.3,26,2.52,22,1,0,1,1,1,2,0.19,2,0,0,0,0,0
Ridle Baku,de GER,"DF,MF",Wolfsburg,25-286,1998,10.3,26,2.53,25,0,0,0,1,0,1,0.10,1,0,0,0,0,0
Samuel Bamba,de GER,FW,Dortmund,19-340,2004,0.5,2,3.83,1,0,0,0,1,0,0,0.00,0,0,0,0,0,0
Aymen Barkok,ma MAR,"MF,FW",Mainz 05,25-243,1998,3.6,15,4.21,10,2,1,1,1,0,1,0.28,1,0,0,0,0,0
Leandro Barreiro Martins,lu LUX,MF,Mainz 05,24-016,2000,14.0,27,1.93,19,1,1,2,2,2,2,0.14,2,0,0,0,0,0
Daniel Batz,de GER,GK,Mainz 05,33-007,1991,4.0,0,0.00,0,0,0,0,0,0,0,0.00,0,0,0,0,0,0
Maximilian Bauer,de GER,DF,Augsburg,23-344,2000,5.5,3,0.55,1,0,0,2,0,0,0,0.00,0,0,0,0,0,0
Elias Baum,de GER,"MF,DF",Eint Frankfurt,18-085,2005,0.2,0,0.00,0,0,0,0,0,0,0,0.00,0,0,0,0,0,0
Oliver Baumann,de GER,GK,Hoffenheim,33-231,1990,17.0,2,0.12,1,1,0,0,0,0,1,0.06,0,1,0,0,0,0
Christoph Baumgartner,at AUT,MF,RB Leipzig,24-171,1999,7.6,29,3.80,16,0,3,5,4,1,2,0.26,0,0,0,1,1,0
Ihlas Bebou,tg TOG,"FW,DF",Hoffenheim,29-271,1994,8.1,20,2.46,12,0,3,3,2,0,3,0.37,0,0,2,0,1,0
Adrian Beck,de GER,MF,Heidenheim,26-224,1997,6.8,19,2.79,13,0,2,3,0,1,3,0.44,2,0,0,1,0,0
Sheraldo Becker,sr SUR,"FW,MF",Union Berlin,28-344,1995,7.2,28,3.91,22,0,2,2,2,0,4,0.56,2,0,0,1,1,0
Donny van de Beek,nl NED,FW,Eint Frankfurt,26-276,1997,0.7,1,1.45,0,1,0,0,0,0,0,0.00,0,0,0,0,0,0
Kevin Behrens,de GER,FW,Union Berlin,32-350,1991,12.3,32,2.60,23,0,0,2,6,1,2,0.16,1,0,0,0,1,0
Maximilian Beier,de GER,FW,Hoffenheim,21-094,2002,11.4,28,2.45,12,0,3,5,8,0,5,0.44,0,0,1,2,2,0
Stefan Bell,de GER,DF,Mainz 05,32-148,1991,7.4,5,0.68,5,0,0,0,0,0,1,0.14,1,0,0,0,0,0
Ramy Bensebaini,dz ALG,DF,Dortmund,28-278,1995,11.1,26,2.34,16,2,2,2,4,0,3,0.27,3,0,0,0,0,0
Mergim Berisha,de GER,FW,Hoffenheim,25-253,1998,1.6,4,2.48,2,0,1,1,0,0,0,0.00,0,0,0,0,0,0
Mergim Berisha,de GER,FW,Augsburg,25-253,1998,1.4,5,3.69,4,0,0,0,1,0,0,0.00,0,0,0,0,0,0
Bernardo,br BRA,DF,Bochum,28-250,1995,17.0,20,1.18,16,0,0,2,2,0,2,0.12,1,0,0,1,0,0
Matúš Bero,sk SVK,"MF,FW",Bochum,28-135,1995,7.4,14,1.88,8,0,0,3,2,1,1,0.13,0,0,0,0,1,0
Jan-Niklas Beste,de GER,"FW,MF",Heidenheim,25-015,1999,14.0,62,4.43,19,32,1,4,5,1,13,0.93,4,6,0,1,2,0
Tom Bischof,de GER,"MF,FW",Hoffenheim,18-205,2005,1.6,5,3.06,2,2,0,1,0,0,1,0.61,1,0,0,0,0,0
Leonardo Bittencourt,de GER,MF,Werder Bremen,30-031,1993,9.3,16,1.72,15,0,0,1,0,0,1,0.11,1,0,0,0,0,0
Janis Blaswich,de GER,GK,RB Leipzig,32-262,1991,17.0,3,0.18,3,0,0,0,0,0,0,0.00,0,0,0,0,0,0
Victor Boniface,ng NGA,FW,Leverkusen,23-027,2000,14.2,51,3.59,24,0,20,3,3,1,12,0.85,7,0,3,1,1,0
Leonardo Bonucci,it ITA,DF,Union Berlin,36-263,1987,5.1,4,0.78,4,0,0,0,0,0,0,0.00,0,0,0,0,0,0
Yvandro Borges Sanches,lu LUX,"MF,FW",M'Gladbach,19-240,2004,0.2,1,5.00,0,0,0,0,1,0,1,5.00,0,0,0,0,1,0
Sebastiaan Bornauw,be BEL,DF,Wolfsburg,24-303,1999,6.4,1,0.16,0,0,0,0,1,0,0,0.00,0,0,0,0,0,0
Rafael Borré,co COL,FW,Werder Bremen,28-126,1995,10.0,20,1.99,18,0,0,1,1,0,2,0.20,1,0,0,0,1,0
Julian Brandt,de GER,"MF,FW",Dortmund,27-262,1996,14.1,77,5.47,42,27,5,2,0,1,8,0.57,5,2,1,0,0,0
Tim Breithaupt,de GER,MF,Augsburg,21-346,2002,2.9,3,1.05,3,0,0,0,0,0,1,0.35,1,0,0,0,0,0
Maximilian Breunig,de GER,FW,Freiburg,23-158,2000,0.1,0,0.00,0,0,0,0,0,0,0,0.00,0,0,0,0,0,0
John Brooks,us USA,DF,Hoffenheim,30-356,1993,12.0,6,0.50,6,0,0,0,0,0,0,0.00,0,0,0,0,0,0
Moritz Broschinski,de GER,"FW,MF",Bochum,23-118,2000,3.4,2,0.59,2,0,0,0,0,0,1,0.30,1,0,0,0,0,0
Alexander Brunst,de GER,GK,Darmstadt 98,28-196,1995,1.0,1,1.00,0,1,0,0,0,0,0,0.00,0,0,0,0,0,0
Marius Bülter,de GER,"FW,DF",Hoffenheim,30-296,1993,9.6,31,3.24,25,0,1,3,2,0,4,0.42,4,0,0,0,0,0
Jonathan Burkardt,de GER,"MF,FW",Mainz 05,23-192,2000,2.9,6,2.05,2,0,0,2,2,0,0,0.00,0,0,0,0,0,0
Oliver Burke,sct SCO,FW,Werder Bremen,26-287,1997,0.4,0,0.00,0,0,0,0,0,0,0,0.00,0,0,0,0,0,0
Marnon Busch,de GER,DF,Heidenheim,29-042,1994,4.2,8,1.92,8,0,0,0,0,0,1,0.24,1,0,0,0,0,0
Aurélio Buta,pt POR,"DF,MF",Eint Frankfurt,26-343,1997,10.8,22,2.04,19,0,1,2,0,0,3,0.28,2,0,0,1,0,0
Jamie Bynoe-Gittens,eng ENG,"FW,DF",Dortmund,19-164,2004,5.0,22,4.39,16,0,5,0,1,0,4,0.80,3,0,1,0,0,0
Anthony Caci,fr FRA,DF,Mainz 05,26-202,1997,13.8,20,1.45,14,3,1,1,1,0,2,0.15,2,0,0,0,0,0
Emre Can,de GER,"MF,DF",Dortmund,30-007,1994,11.6,27,2.33,23,1,0,1,1,1,3,0.26,3,0,0,0,0,0
Irvin Cardona,fr FRA,"MF,DF",Augsburg,26-164,1997,0.6,1,1.67,1,0,0,0,0,0,0,0.00,0,0,0,0,0,0
Rasmus Carstensen,dk DEN,"DF,FW",Köln,23-100,2000,12.7,28,2.20,22,2,3,1,0,0,2,0.16,1,0,1,0,0,0
Fabio Carvalho,pt POR,MF,RB Leipzig,21-142,2002,1.8,4,2.18,3,0,0,1,0,0,0,0.00,0,0,0,0,0,0
Koen Casteels,be BEL,GK,Wolfsburg,31-208,1992,14.0,2,0.14,2,0,0,0,0,0,1,0.07,1,0,0,0,0,0
Václav Černý,cz CZE,"FW,MF",Wolfsburg,26-094,1997,6.8,22,3.21,20,1,1,0,0,0,2,0.29,2,0,0,0,0,0
Julian Chabot,de GER,DF,Köln,25-341,1998,14.4,16,1.11,11,0,0,2,3,0,1,0.07,0,0,0,1,0,0
Fares Chaïbi,dz ALG,"MF,FW",Eint Frankfurt,21-052,2002,10.4,35,3.35,20,10,0,4,1,0,7,0.67,5,0,0,2,0,0
Fabio Chiarodia,it ITA,"DF,MF",M'Gladbach,18-228,2005,0.7,0,0.00,0,0,0,0,0,0,0,0.00,0,0,0,0,0,0
Kingsley Coman,fr FRA,FW,Bayern Munich,27-220,1996,9.5,52,5.49,42,0,6,2,2,0,7,0.74,6,0,0,1,0,0
Bambasé Conté,de GER,"FW,MF",Hoffenheim,20-196,2003,0.0,0,0.00,0,0,0,0,0,0,0,0.00,0,0,0,0,0,0
Danny da Costa,de GER,DF,Mainz 05,30-190,1993,8.1,15,1.85,12,2,1,0,0,0,1,0.12,1,0,0,0,0,0
Nicolas Cozza,fr FRA,DF,Wolfsburg,25-011,1999,3.1,4,1.30,3,0,1,0,0,0,0,0.00,0,0,0,0,0,0
Tomáš Čvančara,cz CZE,FW,M'Gladbach,23-159,2000,7.1,13,1.83,7,0,1,5,0,0,2,0.28,1,0,0,1,0,0
Finn Dahmen,de GER,GK,Augsburg,25-298,1998,17.0,5,0.29,2,3,0,0,0,0,0,0.00,0,0,0,0,0,0
Lukas Daschner,de GER,"MF,FW",Bochum,25-110,1998,3.4,12,3.53,8,1,1,0,2,0,2,0.59,2,0,0,0,0,0
David Datro Fofana,ci CIV,"FW,MF",Union Berlin,21-028,2002,7.6,28,3.70,14,1,6,7,0,0,2,0.26,2,0,0,0,0,0
Alphonso Davies,ca CAN,DF,Bayern Munich,23-078,2000,13.1,50,3.83,43,1,2,1,2,1,9,0.69,6,1,1,0,1,0
Olivier Deman,be BEL,DF,Werder Bremen,23-288,2000,9.3,21,2.26,17,1,2,0,1,0,1,0.11,1,0,0,0,0,0
Ermedin Demirović,ba BIH,"MF,FW",Augsburg,25-300,1998,16.2,35,2.16,23,0,4,4,4,0,6,0.37,5,0,1,0,0,0
Sepp van den Berg,nl NED,DF,Mainz 05,22-030,2001,14.5,10,0.69,9,1,0,0,0,0,0,0.00,0,0,0,0,0,0
Justin Diehl,de GER,FW,Köln,19-053,2004,0.3,3,8.71,0,2,0,1,0,0,0,0.00,0,0,0,0,0,0
Florian Dietz,de GER,FW,Köln,25-169,1998,0.5,1,2.05,1,0,0,0,0,0,0,0.00,0,0,0,0,0,0
Junior Dina Ebimbe,fr FRA,"MF,DF",Eint Frankfurt,23-059,2000,11.4,24,2.11,18,0,3,3,0,0,1,0.09,1,0,0,0,0,0
Eren Dinkçi,de GER,"MF,FW",Heidenheim,22-037,2001,14.3,43,3.01,28,3,4,3,5,0,4,0.28,3,0,1,0,0,0
Ritsu Doan,jp JPN,"MF,FW",Freiburg,25-217,1998,11.8,35,2.97,19,7,4,1,4,0,2,0.17,1,0,0,0,1,0
Danilho Doekhi,nl NED,DF,Union Berlin,25-203,1998,8.0,8,1.00,8,0,0,0,0,0,0,0.00,0,0,0,0,0,0
Niklas Dorsch,de GER,MF,Augsburg,26-004,1998,12.7,13,1.03,9,0,1,2,1,0,1,0.08,1,0,0,0,0,0
Nikola Dovedan,at AUT,"MF,FW",Heidenheim,29-197,1994,2.7,9,3.31,6,0,0,2,1,0,0,0.00,0,0,0,0,0,0
Damion Downs,de GER,"FW,MF",Köln,19-197,2004,0.3,1,3.75,1,0,0,0,0,0,0,0.00,0,0,0,0,0,0
Dion Drena Beljo,hr CRO,"FW,MF",Augsburg,21-324,2002,4.5,13,2.91,7,0,2,1,3,0,2,0.45,1,0,0,1,0,0
Marvin Ducksch,de GER,FW,Werder Bremen,29-318,1994,15.1,52,3.45,24,20,3,3,1,1,7,0.46,4,1,0,1,1,0
Maximilian Eggestein,de GER,MF,Freiburg,27-042,1996,16.5,33,2.01,27,0,2,4,0,0,0,0.00,0,0,0,0,0,0
Lilian Egloff,de GER,"MF,DF",Stuttgart,21-152,2002,1.2,0,0.00,0,0,0,0,0,0,0,0.00,0,0,0,0,0,0
Elif Elmas,mk MKD,DF,RB Leipzig,24-117,1999,0.0,1,30.00,1,0,0,0,0,0,0,0.00,0,0,0,0,0,0
Nico Elvedi,ch SUI,DF,M'Gladbach,27-111,1996,12.9,11,0.85,10,0,0,1,0,0,1,0.08,1,0,0,0,0,0
Arne Engels,be BEL,"MF,DF",Augsburg,20-133,2003,7.7,27,3.48,18,6,0,1,2,0,5,0.64,3,0,0,0,2,0
Ohis Felix Uduokhai,de GER,DF,Augsburg,26-132,1997,15.5,4,0.26,4,0,0,0,0,0,0,0.00,0,0,0,0,0,0
Edimilson Fernandes,ch SUI,DF,Mainz 05,27-279,1996,10.7,28,2.61,12,13,0,2,0,1,2,0.19,1,1,0,0,0,0
Nacho Ferri,es ESP,"FW,MF",Eint Frankfurt,19-106,2004,0.6,2,3.40,1,0,0,1,0,0,1,1.70,1,0,0,0,0,0
Max Finkgräfe,de GER,"DF,MF",Köln,19-298,2004,4.1,10,2.45,7,1,1,0,0,1,0,0.00,0,0,0,0,0,0
Jonas Föhrenbach,de GER,DF,Heidenheim,27-358,1996,15.1,26,1.72,22,1,1,1,1,0,3,0.20,2,1,0,0,0,0
Emil Forsberg,se SWE,"MF,FW",RB Leipzig,32-088,1991,5.2,16,3.10,11,2,0,3,0,0,4,0.78,3,0,0,1,0,0
Philipp Förster,de GER,"MF,FW",Bochum,28-349,1995,2.5,13,5.25,5,6,0,1,0,1,0,0.00,0,0,0,0,0,0
Bartol Franjić,hr CRO,MF,Darmstadt 98,24-005,2000,7.0,10,1.43,9,0,0,0,0,1,2,0.29,2,0,0,0,0,0
Marco Friedl,at AUT,DF,Werder Bremen,25-309,1998,12.4,2,0.16,2,0,0,0,0,0,0,0.00,0,0,0,0,0,0
Marvin Friedrich,de GER,DF,M'Gladbach,28-037,1995,6.4,7,1.09,6,0,1,0,0,0,1,0.16,1,0,0,0,0,0
Jeremie Frimpong,nl NED,DF,Leverkusen,23-040,2000,15.6,49,3.14,36,0,10,2,1,0,6,0.38,5,0,1,0,0,0
Chris Führich,de GER,"FW,MF",Stuttgart,26-010,1998,14.9,80,5.37,51,10,9,8,1,1,12,0.81,9,1,2,0,0,0
Niclas Füllkrug,de GER,FW,Werder Bremen,30-344,1993,2.0,7,3.50,6,0,0,1,0,0,0,0.00,0,0,0,0,0,0
Niclas Füllkrug,de GER,FW,Dortmund,30-344,1993,12.1,27,2.23,25,0,0,2,0,0,6,0.50,5,0,0,1,0,0
Cristian Gamboa,cr CRC,DF,Bochum,34-087,1989,11.3,16,1.41,12,2,0,2,0,0,2,0.18,1,1,0,0,0,0
Yannick Gerhardt,de GER,"MF,FW",Wolfsburg,29-312,1994,7.7,14,1.81,12,0,0,1,1,0,0,0.00,0,0,0,0,0,0
Anwar El Ghazi,nl NED,"MF,DF",Mainz 05,28-261,1995,0.6,4,6.67,2,0,2,0,0,0,1,1.67,1,0,0,0,0,0
Benedikt Gimber,de GER,DF,Heidenheim,26-334,1997,7.7,4,0.52,4,0,0,0,0,0,1,0.13,1,0,0,0,0,0
Matthias Ginter,de GER,DF,Freiburg,30-000,1994,15.3,26,1.70,21,1,0,1,2,1,3,0.20,2,0,0,0,0,1
Klaus Gjasula,al ALB,"DF,MF",Darmstadt 98,34-036,1989,7.0,8,1.14,7,0,0,0,0,1,0,0.00,0,0,0,0,0,0
Serge Gnabry,de GER,"FW,MF",Bayern Munich,28-189,1995,2.5,11,4.38,7,0,0,4,0,0,0,0.00,0,0,0,0,0,0
Leon Goretzka,de GER,MF,Bayern Munich,28-347,1995,9.4,23,2.46,20,1,0,0,1,1,3,0.32,3,0,0,0,0,0
Robin Gosens,de GER,"DF,MF",Union Berlin,29-198,1994,10.8,28,2.59,21,1,1,2,0,3,4,0.37,2,0,1,0,0,1
Mario Götze,de GER,MF,Eint Frankfurt,31-230,1992,9.6,29,3.02,22,6,0,0,1,0,3,0.31,3,0,0,0,0,0
Jeffrey Gouweleeuw,nl NED,DF,Augsburg,32-193,1991,13.0,15,1.15,14,0,0,1,0,0,1,0.08,1,0,0,0,0,0
Jens Grahl,de GER,GK,Eint Frankfurt,35-119,1988,1.0,1,1.00,1,0,0,0,0,0,1,1.00,1,0,0,0,0,0
Ryan Gravenberch,nl NED,FW,Bayern Munich,21-248,2002,0.1,3,27.00,2,0,1,0,0,0,0,0.00,0,0,0,0,0,0
Michael Gregoritsch,at AUT,FW,Freiburg,29-276,1994,7.4,21,2.83,14,0,1,3,2,1,2,0.27,1,0,0,1,0,0
Vincenzo Grifo,it ITA,"MF,FW",Freiburg,30-287,1993,13.1,53,4.05,32,15,2,3,1,0,7,0.53,2,3,0,1,1,0
Florian Grillitsch,at AUT,"MF,DF",Hoffenheim,28-165,1995,9.6,22,2.30,15,0,1,4,0,2,3,0.31,2,0,0,1,0,0
Álex Grimaldo,es ESP,DF,Leverkusen,28-121,1995,16.9,53,3.13,34,11,3,3,2,0,13,0.77,6,2,1,2,2,0
Christian Groß,de GER,"MF,DF",Werder Bremen,34-345,1989,5.1,3,0.59,3,0,0,0,0,0,1,0.20,1,0,0,0,0,0
Brajan Gruda,de GER,"MF,FW",Mainz 05,19-233,2004,9.2,54,5.86,32,8,4,4,6,0,1,0.11,1,0,0,0,0,0
Ilia Gruev,bg BUL,MF,Werder Bremen,23-258,2000,0.0,0,0.00,0,0,0,0,0,0,0,0.00,0,0,0,0,0,0
Raphaël Guerreiro,pt POR,"MF,DF",Bayern Munich,30-028,1993,4.2,7,1.67,5,0,0,1,0,1,1,0.24,1,0,0,0,0,0
Josuha Guilavogui,fr FRA,DF,Mainz 05,33-122,1990,0.3,0,0.00,0,0,0,0,0,0,0,0.00,0,0,0,0,0,0
Serhou Guirassy,gn GUI,FW,Stuttgart,27-313,1996,11.7,43,3.67,33,0,5,1,4,0,8,0.68,2,0,4,0,2,0
Manuel Gulde,de GER,DF,Freiburg,32-341,1991,9.0,9,1.00,8,1,0,0,0,0,0,0.00,0,0,0,0,0,0
Robert Gumny,pl POL,DF,Augsburg,25-229,1998,5.2,11,2.13,6,2,1,2,0,0,3,0.58,3,0,0,0,0,0
Christian Günter,de GER,DF,Freiburg,30-325,1993,1.0,5,5.06,4,1,0,0,0,0,0,0.00,0,0,0,0,0,0
Janik Haberer,de GER,MF,Union Berlin,29-292,1994,9.6,20,2.09,18,0,0,1,1,0,1,0.10,1,0,0,0,0,0
Robin Hack,de GER,"FW,MF",M'Gladbach,25-145,1998,4.7,12,2.55,8,1,2,1,0,0,2,0.42,2,0,0,0,0,0
Amadou Haidara,ml MLI,MF,RB Leipzig,25-353,1998,7.1,24,3.39,22,0,0,0,1,1,2,0.28,1,0,0,0,1,0
Sébastien Haller,ci CIV,FW,Dortmund,29-211,1994,4.0,10,2.53,9,0,0,1,0,0,0,0.00,0,0,0,0,0,0
Andreas Hanche-Olsen,no NOR,DF,Mainz 05,27-002,1997,0.7,0,0.00,0,0,0,0,0,0,0,0.00,0,0,0,0,0,0
Genki Haraguchi,jp JPN,MF,Stuttgart,32-255,1991,0.2,0,0.00,0,0,0,0,0,0,0,0.00,0,0,0,0,0,0
Makoto Hasebe,jp JPN,"DF,MF",Eint Frankfurt,40-001,1984,0.4,1,2.43,0,1,0,0,0,0,0,0.00,0,0,0,0,0,0
Thorgan Hazard,be BEL,DF,Dortmund,30-296,1993,0.1,0,0.00,0,0,0,0,0,0,0,0.00,0,0,0,0,0,0
Dominique Heintz,de GER,DF,Köln,30-157,1993,4.6,8,1.76,7,0,1,0,0,0,0,0.00,0,0,0,0,0,0
Benjamin Henrichs,de GER,DF,RB Leipzig,26-330,1997,14.9,54,3.63,42,3,3,3,1,2,5,0.34,4,0,0,0,1,0
Patrick Herrmann,de GER,"DF,FW",M'Gladbach,32-341,1991,0.5,2,4.09,2,0,0,0,0,0,1,2.05,1,0,0,0,0,0
Piero Hincapié,ec ECU,DF,Leverkusen,22-010,2002,4.3,4,0.94,3,0,0,1,0,0,2,0.47,2,0,0,0,0,0
Adam Hložek,cz CZE,"FW,MF",Leverkusen,21-178,2002,1.7,8,4.65,6,0,0,2,0,0,0,0.00,0,0,0,0,0,0
Nicolas Höfler,de GER,MF,Freiburg,33-316,1990,11.9,19,1.60,16,0,0,2,0,1,1,0.08,1,0,0,0,0,0
Jonas Hofmann,de GER,MF,Leverkusen,31-189,1992,15.1,90,5.96,65,18,1,4,1,1,11,0.73,5,4,0,1,1,0
Philipp Hofmann,de GER,FW,Bochum,30-295,1993,8.9,22,2.47,17,0,1,3,1,0,3,0.34,2,0,0,1,0,0
Lucas Höler,de GER,"FW,MF",Freiburg,29-193,1994,13.1,35,2.68,28,0,0,4,1,2,3,0.23,3,0,0,0,0,0
Fabian Holland,de GER,"MF,DF",Darmstadt 98,33-192,1990,12.0,30,2.50,25,3,1,0,1,0,4,0.33,3,1,0,0,0,0
Benedict Hollerbach,de GER,"FW,MF",Union Berlin,22-247,2001,3.9,14,3.63,10,0,2,1,1,0,1,0.26,0,0,1,0,0,0
Franck Honorat,fr FRA,"DF,FW",M'Gladbach,27-161,1996,14.7,67,4.55,41,25,0,0,1,0,9,0.61,6,3,0,0,0,0
Mathias Honsak,at AUT,"MF,FW",Darmstadt 98,27-030,1996,6.6,10,1.51,8,0,0,2,0,0,1,0.15,0,0,0,1,0,0
Fraser Hornby,sct SCO,"FW,MF",Darmstadt 98,24-128,1999,2.4,8,3.30,6,0,1,1,0,0,0,0.00,0,0,0,0,0,0
Lukáš Hrádecký,fi FIN,GK,Leverkusen,34-056,1989,17.0,1,0.06,1,0,0,0,0,0,1,0.06,1,0,0,0,0,0
Timo Hübers,de GER,DF,Köln,27-183,1996,16.9,11,0.65,9,0,0,2,0,0,0,0.00,0,0,0,0,0,0
Mats Hummels,de GER,DF,Dortmund,35-034,1988,11.0,14,1.27,12,0,0,1,0,1,2,0.18,1,0,0,1,0,0
Denis Huseinbasic,de GER,MF,Köln,22-200,2001,6.1,8,1.31,7,0,0,1,0,0,1,0.16,1,0,0,0,0,0
Iago,br BRA,"DF,FW",Augsburg,26-302,1997,6.7,16,2.38,13,1,1,0,0,1,2,0.30,2,0,0,0,0,0
Thomas Isherwood,se SWE,DF,Darmstadt 98,25-356,1998,3.6,1,0.28,1,0,0,0,0,0,0,0.00,0,0,0,0,0,0
Ko Itakura,jp JPN,DF,M'Gladbach,26-357,1997,6.8,3,0.44,3,0,0,0,0,0,1,0.15,1,0,0,0,0,0
Hiroki Ito,jp JPN,DF,Stuttgart,24-252,1999,10.9,28,2.57,25,0,1,2,0,0,6,0.55,6,0,0,0,0,0
Lee Jae-sung,kr KOR,MF,Mainz 05,31-162,1992,12.4,29,2.33,25,0,1,0,2,1,1,0.08,1,0,0,0,0,0
Paul Jaeckel,de GER,DF,Union Berlin,25-181,1998,2.4,1,0.41,1,0,0,0,0,0,0,0.00,0,0,0,0,0,0
Kristijan Jakić,hr CRO,"MF,FW",Eint Frankfurt,26-250,1997,2.2,2,0.90,2,0,0,0,0,0,0,0.00,0,0,0,0,0,0
Tony Jantschke,de GER,"DF,MF",M'Gladbach,33-287,1990,0.2,0,0.00,0,0,0,0,0,0,0,0.00,0,0,0,0,0,0
Fredrik Jensen,fi FIN,"FW,MF",Augsburg,26-132,1997,8.4,29,3.46,16,10,0,2,0,1,5,0.60,2,2,0,1,0,0
Moritz Jenz,de GER,DF,Wolfsburg,24-264,1999,9.5,8,0.85,8,0,0,0,0,0,1,0.11,1,0,0,0,0,0
Anthony Jung,de GER,"DF,FW",Werder Bremen,32-077,1991,14.4,18,1.25,17,0,0,0,1,0,1,0.07,1,0,0,0,0,0
Josip Juranović,hr CRO,DF,Union Berlin,28-156,1995,7.6,34,4.46,9,22,1,1,1,0,4,0.52,0,3,0,0,1,0
Julian Justvan,de GER,"FW,MF",Hoffenheim,25-292,1998,0.5,0,0.00,0,0,0,0,0,0,0,0.00,0,0,0,0,0,0
Ozan Kabak,tr TUR,DF,Hoffenheim,23-300,2000,11.7,8,0.69,5,0,0,2,1,0,1,0.09,1,0,0,0,0,0
Pavel Kadeřábek,cz CZE,"DF,FW",Hoffenheim,31-269,1992,12.0,27,2.26,24,1,0,2,0,0,2,0.17,2,0,0,0,0,0
Florian Kainz,at AUT,"MF,FW",Köln,31-087,1992,13.0,52,4.01,33,14,3,1,1,0,3,0.23,2,0,1,0,0,0
Sasa Kalajdzic,at AUT,FW,Eint Frankfurt,26-196,1997,0.7,1,1.48,1,0,0,0,0,0,0,0.00,0,0,0,0,0,0
Jakub Kamiński,pl POL,"FW,MF",Wolfsburg,21-228,2002,2.6,4,1.54,4,0,0,0,0,0,0,0.00,0,0,0,0,0,0
Kevin Kampl,si SVN,MF,RB Leipzig,33-102,1990,10.5,25,2.38,23,0,1,0,0,1,3,0.29,3,0,0,0,0,0
Harry Kane,eng ENG,FW,Bayern Munich,30-175,1993,15.6,47,3.00,32,1,3,4,7,0,6,0.38,5,1,0,0,0,0
Atakan Karazor,de GER,MF,Stuttgart,27-098,1996,16.1,31,1.93,26,0,0,1,1,3,3,0.19,3,0,0,0,0,0
Emir Karic,at AUT,DF,Darmstadt 98,26-224,1997,8.3,24,2.89,21,1,0,0,0,2,1,0.12,1,0,0,0,0,0
Silas Katompa,cd COD,"FW,MF",Stuttgart,25-105,1998,8.1,30,3.71,18,0,7,2,3,0,4,0.50,1,0,1,1,1,0
Mikkel Kaufmann,dk DEN,"FW,DF",Union Berlin,23-016,2001,1.9,5,2.66,3,0,1,1,0,0,1,0.53,0,0,1,0,0,0
Naby Keïta,gn GUI,MF,Werder Bremen,28-343,1995,0.9,2,2.22,2,0,0,0,0,0,1,1.11,1,0,0,0,0,0
Yannik Keitel,de GER,MF,Freiburg,23-338,2000,1.4,2,1.43,2,0,0,0,0,0,1,0.71,1,0,0,0,0,0
Thomas Keller,de GER,"MF,FW",Heidenheim,24-167,1999,0.0,0,0.00,0,0,0,0,0,0,0,0.00,0,0,0,0,0,0
Aljoscha Kemlein,de GER,MF,Union Berlin,19-170,2004,0.3,1,3.10,0,0,1,0,0,0,0,0.00,0,0,0,0,0,0
Tobias Kempe,de GER,MF,Darmstadt 98,34-206,1989,9.1,43,4.70,22,16,0,2,2,1,6,0.66,3,1,0,0,2,0
Rani Khedira,de GER,MF,Union Berlin,29-357,1994,4.0,1,0.25,1,0,0,0,0,0,0,0.00,0,0,0,0,0,0
Luca Kilian,de GER,DF,Köln,24-140,1999,3.1,1,0.33,1,0,0,0,0,0,0,0.00,0,0,0,0,0,0
Joshua Kimmich,de GER,MF,Bayern Munich,28-345,1995,10.5,61,5.80,34,24,0,2,0,1,5,0.48,2,2,0,1,0,0
Christoph Klarer,at AUT,DF,Darmstadt 98,23-219,2000,14.0,14,1.00,12,0,0,2,0,0,2,0.14,2,0,0,0,0,0
Tim Kleindienst,de GER,FW,Heidenheim,28-141,1995,16.5,37,2.24,26,0,2,6,1,2,7,0.42,4,0,1,1,1,0
Lukas Klostermann,de GER,DF,RB Leipzig,27-230,1996,9.7,12,1.24,12,0,0,0,0,0,0,0.00,0,0,0,0,0,0
Ansgar Knauff,de GER,"MF,FW",Eint Frankfurt,22-009,2002,9.9,24,2.43,19,0,3,1,0,1,3,0.30,2,0,0,0,0,1
Robin Knoche,de GER,DF,Union Berlin,31-242,1992,12.6,6,0.48,4,0,0,2,0,0,0,0.00,0,0,0,0,0,0
Gregor Kobel,ch SUI,GK,Dortmund,26-044,1997,16.3,4,0.25,4,0,0,0,0,0,0,0.00,0,0,0,0,0,0
Robin Koch,de GER,DF,Eint Frankfurt,27-186,1996,14.7,5,0.34,5,0,0,0,0,0,0,0.00,0,0,0,0,0,0
Dominik Kohr,de GER,"MF,DF",Mainz 05,29-353,1994,12.4,18,1.45,13,0,1,4,0,0,0,0.00,0,0,0,0,0,0
Randal Kolo Muani,fr FRA,FW,Eint Frankfurt,25-045,1998,1.7,1,0.59,0,0,0,1,0,0,0,0.00,0,0,0,0,0,0
Kouadio Koné,fr FRA,MF,M'Gladbach,22-247,2001,7.8,20,2.58,12,0,5,2,1,0,1,0.13,0,0,0,1,0,0
Odilon Kossonou,ci CIV,DF,Leverkusen,23-015,2001,13.4,20,1.49,18,0,2,0,0,0,3,0.22,3,0,0,0,0,0
Dawid Kownacki,pl POL,FW,Werder Bremen,26-311,1997,2.6,6,2.31,5,0,1,0,0,0,1,0.38,1,0,0,0,0,0
Alex Král,cz CZE,MF,Union Berlin,25-245,1998,9.5,10,1.06,7,0,0,1,1,1,0,0.00,0,0,0,0,0,0
Andrej Kramarić,hr CRO,"MF,FW",Hoffenheim,32-214,1991,11.1,61,5.48,35,19,3,1,2,1,6,0.54,4,0,1,0,1,0
Christoph Kramer,de GER,MF,M'Gladbach,32-334,1991,2.0,4,1.96,4,0,0,0,0,0,0,0.00,0,0,0,0,0,0
Frans Krätzig,de GER,DF,Bayern Munich,21-005,2003,0.6,2,3.16,1,0,0,1,0,0,0,0.00,0,0,0,0,0,0
Tom Krauß,de GER,MF,Mainz 05,22-211,2001,9.7,11,1.13,9,0,0,0,2,0,0,0.00,0,0,0,0,0,0
Lukas Kübler,de GER,DF,Freiburg,31-142,1992,9.5,8,0.84,5,2,0,0,1,0,0,0.00,0,0,0,0,0,0
Moritz-Broni Kwarteng,gh GHA,"FW,MF",Bochum,25-266,1998,1.8,12,6.59,6,0,3,2,1,0,1,0.55,1,0,0,0,0,0
Maxence Lacroix,fr FRA,DF,Wolfsburg,23-288,2000,13.2,14,1.06,13,0,0,0,1,0,1,0.08,1,0,0,0,0,0
Aïssa Laïdouni,tn TUN,MF,Union Berlin,27-037,1996,8.0,20,2.49,18,1,0,0,1,0,4,0.50,4,0,0,0,0,0
Konrad Laimer,at AUT,"DF,MF",Bayern Munich,26-237,1997,12.1,36,2.96,29,3,1,2,1,0,5,0.41,4,0,0,1,0,0
Hugo Larsson,se SWE,MF,Eint Frankfurt,19-206,2004,13.8,17,1.23,16,0,0,1,0,0,5,0.36,4,0,0,1,0,0
Diogo Leite,pt POR,DF,Union Berlin,24-361,1999,15.6,15,0.96,12,0,0,1,1,1,1,0.06,1,0,0,0,0,0
Maxim Leitsch,de GER,DF,Mainz 05,25-246,1998,4.1,1,0.24,1,0,0,0,0,0,1,0.24,1,0,0,0,0,0
Christopher Lenz,de GER,"DF,MF",RB Leipzig,29-119,1994,0.4,2,5.00,2,0,0,0,0,0,0,0.00,0,0,0,0,0,0
Christopher Lenz,de GER,DF,Eint Frankfurt,29-119,1994,0.1,1,8.18,1,0,0,0,0,0,1,8.18,1,0,0,0,0,0
Jamie Leweling,de GER,"MF,FW",Stuttgart,22-327,2001,6.6,27,4.11,19,1,3,4,0,0,3,0.46,3,0,0,0,0,0
Philipp Lienhart,at AUT,DF,Freiburg,27-192,1996,13.7,13,0.95,12,0,0,1,0,0,1,0.07,1,0,0,0,0,0
Matthijs de Ligt,nl NED,DF,Bayern Munich,24-160,1999,4.1,3,0.73,2,0,0,1,0,0,0,0.00,0,0,0,0,0,0
Jesper Lindstrøm,dk DEN,FW,Eint Frankfurt,23-324,2000,0.9,2,2.17,2,0,0,0,0,0,1,1.08,1,0,0,0,0,0
Dejan Ljubicic,at AUT,"MF,FW",Köln,26-103,1997,12.3,29,2.35,23,0,1,4,1,0,0,0.00,0,0,0,0,0,0
Noah Loosli,ch SUI,"DF,MF",Bochum,26-361,1997,1.8,1,0.54,1,0,0,0,0,0,0,0.00,0,0,0,0,0,0
Anthony Losilla,fr FRA,MF,Bochum,37-315,1986,14.5,19,1.31,16,0,0,1,2,0,1,0.07,1,0,0,0,0,0
Castello Lukeba,fr FRA,DF,RB Leipzig,21-033,2002,11.0,9,0.82,9,0,0,0,0,0,0,0.00,0,0,0,0,0,0
Senne Lynen,be BEL,MF,Werder Bremen,24-334,1999,5.0,7,1.40,6,0,0,0,0,1,1,0.20,1,0,0,0,0,0
Ian Maatsen,nl NED,DF,Dortmund,21-315,2002,1.0,2,2.00,2,0,0,0,0,0,0,0.00,0,0,0,0,0,0
Matej Maglica,hr CRO,DF,Darmstadt 98,25-116,1998,9.2,12,1.30,11,1,0,0,0,0,0,0.00,0,0,0,0,0,0
Arne Maier,de GER,"MF,DF",Augsburg,25-011,1999,1.0,5,4.74,3,2,0,0,0,0,0,0.00,0,0,0,0,0,0
Linton Maina,de GER,"FW,MF",Köln,24-210,1999,11.8,30,2.55,23,1,1,1,3,1,1,0.08,1,0,0,0,0,0
Patrick Mainka,de GER,DF,Heidenheim,29-074,1994,17.0,13,0.76,7,0,0,5,0,1,1,0.06,1,0,0,0,0,0
Lovro Majer,hr CRO,"MF,FW",Wolfsburg,26-002,1998,13.5,47,3.49,35,5,1,3,3,0,5,0.37,4,0,0,1,0,0
Jordy Makengo,fr FRA,DF,Freiburg,22-169,2001,4.4,5,1.13,4,1,0,0,0,0,0,0.00,0,0,0,0,0,0
Donyell Malen,nl NED,"FW,MF",Dortmund,25-010,1999,11.6,43,3.72,27,0,4,10,1,1,7,0.61,4,0,1,1,0,1
Lennard Maloney,us USA,MF,Heidenheim,24-103,1999,15.8,13,0.82,9,0,0,3,0,1,1,0.06,1,0,0,0,0,0
David Mamutovic,de GER,DF,Mainz 05,23-045,2000,0.1,0,0.00,0,0,0,0,0,0,0,0.00,0,0,0,0,0,0
Braydon Manu,gh GHA,MF,Darmstadt 98,26-297,1997,0.9,2,2.22,1,0,1,0,0,0,0,0.00,0,0,0,0,0,0
Omar Marmoush,eg EGY,"FW,MF",Eint Frankfurt,24-346,1999,12.0,32,2.66,17,5,4,2,4,0,5,0.42,1,1,1,1,1,0
Eric Martel,de GER,MF,Köln,21-265,2002,13.4,23,1.72,19,0,0,2,2,0,2,0.15,1,0,0,0,1,0
Erhan Mašović,rs SRB,DF,Bochum,25-058,1998,13.4,12,0.89,8,0,0,3,1,0,1,0.07,1,0,0,0,0,0
Roberto Massimo,de GER,"DF,FW",Stuttgart,23-099,2000,0.7,0,0.00,0,0,0,0,0,0,0,0.00,0,0,0,0,0,0
Philipp Max,de GER,"DF,MF",Eint Frankfurt,30-111,1993,9.3,19,2.04,13,3,1,2,0,0,2,0.21,1,0,0,1,0,0
Eric Maxim Choupo-Moting,cm CMR,"MF,FW",Bayern Munich,34-302,1989,3.7,17,4.58,11,0,2,4,0,0,3,0.81,1,0,0,2,0,0
Noussair Mazraoui,ma MAR,DF,Bayern Munich,26-066,1997,9.1,28,3.08,23,0,2,1,0,2,7,0.77,7,0,0,0,0,0
Kevin Mbabu,ch SUI,DF,Augsburg,28-275,1995,8.9,20,2.24,14,4,1,0,1,0,2,0.22,1,1,0,0,0,0
Noah Mbamba,be BEL,MF,Leverkusen,19-014,2005,0.2,1,6.00,1,0,0,0,0,0,1,6.00,1,0,0,0,0,0
Nathanael Mbuku,fr FRA,FW,Augsburg,21-309,2002,0.1,0,0.00,0,0,0,0,0,0,0,0.00,0,0,0,0,0,0
Marvin Mehlem,de GER,MF,Darmstadt 98,26-130,1997,10.8,37,3.44,27,1,0,2,6,1,4,0.37,4,0,0,0,0,0
Thomas Meunier,be BEL,DF,Dortmund,32-129,1991,3.9,8,2.07,6,1,0,1,0,0,0,0.00,0,0,0,0,0,0
Alexander Meyer,de GER,GK,Dortmund,32-281,1991,0.7,0,0.00,0,0,0,0,0,0,0,0.00,0,0,0,0,0,0
Sven Michel,de GER,"FW,MF",Augsburg,33-188,1990,4.9,8,1.61,7,0,1,0,0,0,2,0.40,2,0,0,0,0,0
Enzo Millot,fr FRA,"MF,FW",Stuttgart,21-186,2002,12.4,46,3.70,37,1,4,0,3,1,5,0.40,4,0,1,0,0,0
Jovan Milošević,rs SRB,FW,Stuttgart,18-172,2005,0.3,0,0.00,0,0,0,0,0,0,0,0.00,0,0,0,0,0,0
Kim Min-jae,kr KOR,DF,Bayern Munich,27-065,1996,14.6,15,1.03,14,1,0,0,0,0,2,0.14,2,0,0,0,0,0
Maximilian Mittelstädt,de GER,DF,Stuttgart,26-307,1997,8.3,18,2.15,17,0,0,1,0,0,3,0.36,3,0,0,0,0,0
Youssoufa Moukoko,de GER,FW,Dortmund,19-060,2004,1.8,4,2.24,3,0,1,0,0,0,1,0.56,1,0,0,0,0,0
Andreas Müller,de GER,MF,Darmstadt 98,23-183,2000,0.6,0,0.00,0,0,0,0,0,0,0,0.00,0,0,0,0,0,0
Jannik Müller,de GER,DF,Darmstadt 98,30-001,1994,6.7,5,0.75,5,0,0,0,0,0,0,0.00,0,0,0,0,0,0
Kevin Müller,de GER,GK,Heidenheim,32-310,1991,17.0,3,0.18,1,2,0,0,0,0,0,0.00,0,0,0,0,0,0
Marcus Müller,de GER,MF,Mainz 05,21-152,2002,0.2,0,0.00,0,0,0,0,0,0,0,0.00,0,0,0,0,0,0
Thomas Müller,de GER,"MF,FW",Bayern Munich,34-128,1989,6.4,43,6.77,33,0,1,5,2,2,7,1.10,6,0,0,0,0,1
Jamal Musiala,de GER,"MF,FW",Bayern Munich,20-327,2003,8.2,45,5.51,32,0,3,4,3,3,9,1.10,8,0,0,0,1,0
Phillipp Mwene,at AUT,"DF,FW",Mainz 05,29-355,1994,9.3,30,3.21,19,8,2,0,0,1,2,0.21,2,0,0,0,0,0
Joakim Mæhle,dk DEN,DF,Wolfsburg,26-244,1997,15.0,37,2.47,30,0,5,1,0,1,6,0.40,4,0,1,1,0,0
Nathan N'Goumou,fr FRA,"FW,MF",M'Gladbach,23-311,2000,7.6,22,2.89,12,0,5,3,2,0,2,0.26,1,0,0,1,0,0
Stanley N'Soki,fr FRA,DF,Hoffenheim,24-285,1999,1.3,0,0.00,0,0,0,0,0,0,0,0.00,0,0,0,0,0,0
Luca Netz,de GER,DF,M'Gladbach,20-249,2003,13.5,34,2.53,21,7,2,3,0,1,5,0.37,4,1,0,0,0,0
Manuel Neuer,de GER,GK,Bayern Munich,37-298,1986,8.0,2,0.25,2,0,0,0,0,0,0,0.00,0,0,0,0,0,0
Florian Neuhaus,de GER,MF,M'Gladbach,26-309,1997,6.7,23,3.43,18,0,1,4,0,0,3,0.45,3,0,0,0,0,0
Jessic Ngankam,de GER,FW,Eint Frankfurt,23-183,2000,3.1,4,1.29,3,0,1,0,0,0,0,0.00,0,0,0,0,0,0
Moritz Nicolas,de GER,GK,M'Gladbach,26-090,1997,15.0,5,0.33,4,1,0,0,0,0,0,0.00,0,0,0,0,0,0
Justin Njinmah,de GER,"FW,MF",Werder Bremen,23-065,2000,4.8,19,3.96,14,0,3,1,1,0,3,0.62,2,0,1,0,0,0
Niels Nkounkou,fr FRA,"DF,MF",Eint Frankfurt,23-079,2000,5.6,18,3.19,11,2,4,1,0,0,3,0.53,2,1,0,0,0,0
Felix Nmecha,de GER,MF,Dortmund,23-101,2000,6.7,21,3.12,13,0,2,3,3,0,2,0.30,1,0,0,1,0,0
Alexander Nübel,de GER,GK,Stuttgart,27-111,1996,17.0,3,0.18,3,0,0,0,0,0,1,0.06,1,0,0,0,0,0
Fabian Nürnberger,de GER,"DF,MF",Darmstadt 98,24-175,1999,10.6,36,3.39,29,3,1,2,1,0,3,0.28,2,0,0,0,1,0
Tim Oermann,de GER,"DF,MF",Bochum,20-105,2003,1.2,0,0.00,0,0,0,0,0,0,0,0.00,0,0,0,0,0,0
Masaya Okugawa,jp JPN,"FW,DF",Augsburg,27-280,1996,0.4,0,0.00,0,0,0,0,0,0,0,0.00,0,0,0,0,0,0
Finn Ole Becker,de GER,MF,Hoffenheim,23-225,2000,3.9,13,3.36,12,0,0,1,0,0,1,0.26,0,0,0,1,0,0
Mathias Olesen,lu LUX,"MF,FW",Köln,22-304,2001,1.2,2,1.61,2,0,0,0,0,0,0,0.00,0,0,0,0,0,0
Dani Olmo,es ESP,"MF,FW",RB Leipzig,25-257,1998,3.4,13,3.84,9,0,0,2,1,1,2,0.59,2,0,0,0,0,0
Jonas Omlin,ch SUI,GK,M'Gladbach,30-009,1994,2.0,1,0.50,1,0,0,0,0,0,1,0.50,1,0,0,0,0,0
Karim Onisiwo,at AUT,"FW,MF",Mainz 05,31-308,1992,9.9,30,3.04,17,0,3,4,6,0,5,0.51,2,0,1,2,0,0
Loïs Openda,be BEL,FW,RB Leipzig,23-337,2000,14.9,47,3.14,29,0,4,7,6,1,8,0.54,6,0,0,1,1,0
Leon Opitz,de GER,"FW,DF",Werder Bremen,18-283,2005,0.2,0,0.00,0,0,0,0,0,0,0,0.00,0,0,0,0,0,0
Willi Orban,hu HUN,DF,RB Leipzig,31-077,1992,3.0,0,0.00,0,0,0,0,0,0,0,0.00,0,0,0,0,0,0
Ivan Ordets,ua UKR,DF,Bochum,31-195,1992,8.4,4,0.48,3,0,0,0,1,0,1,0.12,0,0,0,0,1,0
Patrick Osterhage,de GER,"MF,DF",Bochum,23-352,2000,9.6,22,2.30,19,0,1,1,0,1,2,0.21,1,0,1,0,0,0
Salih Özcan,tr TUR,MF,Dortmund,26-008,1998,7.1,13,1.83,12,0,0,0,1,0,1,0.14,1,0,0,0,0,0
Willian Pacho,ec ECU,DF,Eint Frankfurt,22-095,2001,17.0,12,0.71,11,0,0,1,0,0,2,0.12,2,0,0,0,0,0
Gonçalo Paciência,pt POR,FW,Bochum,29-171,1994,5.3,24,4.50,11,1,4,5,3,0,0,0.00,0,0,0,0,0,0
Exequiel Palacios,ar ARG,MF,Leverkusen,25-106,1998,14.4,38,2.64,32,0,2,1,2,1,4,0.28,4,0,0,0,0,0
Miloš Pantović,rs SRB,MF,Union Berlin,27-196,1996,0.2,1,6.00,0,0,1,0,0,0,1,6.00,0,0,1,0,0,0
Antonios Papadopoulos,de GER,DF,Dortmund,24-131,1999,0.3,1,3.33,1,0,0,0,0,0,0,0.00,0,0,0,0,0,0
Matondo-Merveille Papela,de GER,"MF,DF",Mainz 05,23-001,2001,2.2,7,3.12,5,0,1,0,0,1,0,0.00,0,0,0,0,0,0
Leart Paqarada,xk KVX,DF,Köln,29-103,1994,9.6,35,3.64,21,13,0,0,0,1,1,0.10,1,0,0,0,0,0
Kevin Paredes,us USA,"MF,FW",Wolfsburg,20-257,2003,3.9,19,4.90,13,0,3,0,3,0,1,0.26,1,0,0,0,0,0
Felix Passlack,de GER,DF,Bochum,25-235,1998,4.8,18,3.73,14,2,0,0,1,1,0,0.00,0,0,0,0,0,0
Jiří Pavlenka,cz CZE,GK,Werder Bremen,31-280,1992,7.0,3,0.43,2,1,0,0,0,0,0,0.00,0,0,0,0,0,0
Aleksandar Pavlovic,de GER,MF,Bayern Munich,19-261,2004,3.5,14,4.03,9,3,1,0,0,1,3,0.86,1,1,0,0,0,1
Mads Pedersen,dk DEN,DF,Augsburg,27-140,1996,12.4,24,1.94,17,3,1,1,1,1,2,0.16,2,0,0,0,0,0
Jordan Pefok,us USA,FW,M'Gladbach,27-268,1996,5.8,17,2.94,11,0,2,1,3,0,3,0.52,2,0,0,0,1,0
Jordan Pefok,us USA,FW,Union Berlin,27-268,1996,0.3,1,3.33,1,0,0,0,0,0,0,0.00,0,0,0,0,0,0
Pavao Pervan,at AUT,GK,Wolfsburg,36-067,1987,3.0,0,0.00,0,0,0,0,0,0,0,0.00,0,0,0,0,0,0
Jens Petter Hauge,no NOR,"MF,FW",Eint Frankfurt,24-099,1999,1.6,3,1.86,2,1,0,0,0,0,0,0.00,0,0,0,0,0,0
Luca Pfeiffer,de GER,"FW,MF",Darmstadt 98,27-152,1996,12.1,31,2.56,23,0,0,4,4,0,5,0.41,4,0,0,1,0,0
Patric Pfeiffer,de GER,DF,Augsburg,24-152,1999,4.1,3,0.73,2,0,0,1,0,0,1,0.24,1,0,0,0,0,0
Maximilian Philipp,de GER,"FW,MF",Freiburg,29-324,1994,2.6,6,2.29,5,0,0,1,0,0,1,0.38,0,0,0,1,0,0
Florian Pick,de GER,"MF,FW",Heidenheim,28-133,1995,2.4,8,3.30,3,3,2,0,0,0,0,0.00,0,0,0,0,0,0
Amos Pieper,de GER,DF,Werder Bremen,26-002,1998,6.0,5,0.83,5,0,0,0,0,0,0,0.00,0,0,0,0,0,0
Marvin Pieringer,de GER,"FW,MF",Heidenheim,24-107,1999,8.6,12,1.38,7,0,1,2,2,0,1,0.12,0,0,0,1,0,0
Alassane Pléa,fr FRA,"FW,MF",M'Gladbach,30-315,1993,13.7,50,3.65,34,6,4,2,4,0,9,0.66,5,1,2,0,1,0
Yussuf Poulsen,dk DEN,FW,RB Leipzig,29-218,1994,9.7,29,2.99,20,0,4,2,3,0,4,0.41,3,0,1,0,0,0
Grischa Prömel,de GER,MF,Hoffenheim,29-010,1995,14.4,29,2.02,22,0,1,2,2,2,7,0.49,6,0,0,1,0,0
Gustavo Puerta,co COL,"DF,MF",Leverkusen,20-180,2003,0.3,1,3.46,1,0,0,0,0,0,0,0.00,0,0,0,0,0,0
Luca Raimund,de GER,"FW,MF",Stuttgart,18-285,2005,0.3,3,9.31,1,0,0,2,0,0,0,0.00,0,0,0,0,0,0
Grant Ranos,am ARM,"FW,MF",M'Gladbach,20-183,2003,0.5,2,4.19,2,0,0,0,0,0,1,2.09,1,0,0,0,0,0
Nicolai Rapp,de GER,DF,Werder Bremen,27-037,1996,0.8,0,0.00,0,0,0,0,0,0,0,0.00,0,0,0,0,0,0
David Raum,de GER,DF,RB Leipzig,25-272,1998,16.7,60,3.60,36,19,4,1,0,0,7,0.42,2,4,1,0,0,0
Rocco Reitz,de GER,MF,M'Gladbach,21-235,2002,13.3,30,2.27,18,0,4,3,2,3,5,0.38,2,0,2,0,0,1
Marco Reus,de GER,"MF,FW",Dortmund,34-233,1989,10.3,40,3.89,23,5,1,5,4,2,2,0.19,1,0,0,0,0,1
Elvis Rexhbeçaj,de GER,MF,Augsburg,26-079,1997,16.2,29,1.79,21,2,1,3,2,0,1,0.06,1,0,0,0,0,0
Gio Reyna,us USA,"MF,FW",Dortmund,21-067,2002,2.6,22,8.32,15,0,2,2,2,1,1,0.38,1,0,0,0,0,0
Marco Richter,de GER,"FW,MF",Mainz 05,26-056,1997,5.9,23,3.88,11,4,2,4,2,0,1,0.17,0,1,0,0,0,0
Clemens Riedel,de GER,DF,Darmstadt 98,20-184,2003,5.1,15,2.96,8,1,2,3,0,1,2,0.39,2,0,0,0,0,0
Manuel Riemann,de GER,GK,Bochum,35-132,1988,17.0,20,1.18,13,7,0,0,0,0,3,0.18,2,1,0,0,0,0
Sebastian Rode,de GER,MF,Eint Frankfurt,33-100,1990,0.3,1,3.91,1,0,0,0,0,0,0,0.00,0,0,0,0,0,0
Rogério,br BRA,"DF,MF",Wolfsburg,26-006,1998,6.1,11,1.79,8,0,2,0,1,0,1,0.16,1,0,0,0,0,0
Merlin Röhl,de GER,"MF,FW",Freiburg,21-198,2002,9.5,22,2.33,16,0,1,5,0,0,6,0.63,4,0,1,1,0,0
Frank Ronstadt,de GER,"DF,MF",Darmstadt 98,26-182,1997,0.8,3,3.55,2,0,0,0,1,0,0,0.00,0,0,0,0,0,0
Anthony Rouault,fr FRA,DF,Stuttgart,22-235,2001,5.6,8,1.43,8,0,0,0,0,0,1,0.18,1,0,0,0,0,0
Jérôme Roussillon,fr FRA,DF,Union Berlin,31-013,1993,6.0,14,2.32,11,0,1,1,0,1,1,0.17,1,0,0,0,0,0
Fabian Rüdlin,de GER,MF,Freiburg,27-006,1997,0.1,0,0.00,0,0,0,0,0,0,0,0.00,0,0,0,0,0,0
Julian Ryerson,no NOR,DF,Dortmund,26-063,1997,9.9,18,1.81,14,0,1,1,0,2,4,0.40,2,0,1,0,0,1
Frederik Rønnow,dk DEN,GK,Union Berlin,31-168,1992,16.0,0,0.00,0,0,0,0,0,0,0,0.00,0,0,0,0,0,0
Marcel Sabitzer,at AUT,MF,Dortmund,29-308,1994,10.3,37,3.58,29,1,2,4,1,0,6,0.58,5,0,0,0,1,0
Roland Sallai,hu HUN,"FW,MF",Freiburg,26-242,1997,9.4,36,3.82,25,0,1,7,3,0,4,0.42,2,0,0,0,2,0
Diadie Samassékou,ml MLI,MF,Hoffenheim,28-008,1996,0.0,0,0.00,0,0,0,0,0,0,0,0.00,0,0,0,0,0,0
Jadon Sancho,eng ENG,FW,Dortmund,23-300,2000,0.4,3,7.50,2,0,1,0,0,0,1,2.50,1,0,0,0,0,0
Leroy Sané,de GER,FW,Bayern Munich,28-008,1996,15.4,101,6.56,67,17,8,4,4,1,16,1.04,11,2,1,1,0,1
Amin Sarr,se SWE,"FW,MF",Wolfsburg,22-314,2001,1.1,0,0.00,0,0,0,0,0,0,0,0.00,0,0,0,0,0,0
Bouna Sarr,sn SEN,DF,Bayern Munich,31-353,1992,1.2,0,0.00,0,0,0,0,0,0,0,0.00,0,0,0,0,0,0
Joe Scally,us USA,DF,M'Gladbach,21-019,2002,13.9,14,1.01,10,1,0,1,1,1,3,0.22,3,0,0,0,0,0
András Schäfer,hu HUN,MF,Union Berlin,24-281,1999,2.1,3,1.41,3,0,0,0,0,0,0,0.00,0,0,0,0,0,0
Patrik Schick,cz CZE,FW,Leverkusen,27-360,1996,2.3,11,4.81,8,0,0,2,1,0,1,0.44,0,0,0,0,1,0
Stefan Schimmer,de GER,"MF,FW",Heidenheim,29-266,1994,0.8,2,2.43,1,0,0,0,0,1,1,1.22,1,0,0,0,0,0
Xaver Schlager,at AUT,MF,RB Leipzig,26-113,1997,14.7,44,2.99,40,0,1,0,3,0,2,0.14,2,0,0,0,0,0
Keven Schlotterbeck,de GER,DF,Bochum,26-266,1997,10.0,9,0.90,5,0,0,1,2,1,1,0.10,0,0,0,0,1,0
Nico Schlotterbeck,de GER,DF,Dortmund,24-049,1999,15.5,17,1.10,13,0,1,3,0,0,2,0.13,2,0,0,0,0,0
Romano Schmid,at AUT,MF,Werder Bremen,23-357,2000,13.8,58,4.20,47,3,2,1,4,1,9,0.65,9,0,0,0,0,0
Kenneth Schmidt,de GER,DF,Freiburg,21-230,2002,0.8,3,3.97,3,0,0,0,0,0,0,0.00,0,0,0,0,0,0
Benno Schmitz,de GER,DF,Köln,29-063,1994,6.0,10,1.67,6,2,1,1,0,0,1,0.17,0,1,0,0,0,0
Fabian Schnellhardt,de GER,MF,Darmstadt 98,30-007,1994,2.3,6,2.60,2,1,1,2,0,0,0,0.00,0,0,0,0,0,0
Jan Schöppner,de GER,MF,Heidenheim,24-221,1999,7.0,12,1.73,9,0,2,1,0,0,0,0.00,0,0,0,0,0,0
Marcel Schuhen,de GER,GK,Darmstadt 98,31-006,1993,16.0,5,0.31,3,2,0,0,0,0,0,0.00,0,0,0,0,0,0
Marvin Schwäbe,de GER,GK,Köln,28-269,1995,17.0,2,0.12,1,1,0,0,0,0,0,0.00,0,0,0,0,0,0
Nicolas Seiwald,at AUT,MF,RB Leipzig,22-260,2001,1.6,1,0.61,1,0,0,0,0,0,0,0.00,0,0,0,0,0,0
Davie Selke,de GER,FW,Köln,28-364,1995,12.0,23,1.91,13,0,2,6,2,0,1,0.08,0,0,0,1,0,0
Benjamin Šeško,si SVN,FW,RB Leipzig,20-233,2003,4.6,14,3.00,10,0,4,0,0,0,2,0.43,1,0,1,0,0,0
Kevin Sessa,de GER,"MF,FW",Heidenheim,23-197,2000,2.9,8,2.74,4,1,0,1,2,0,1,0.34,1,0,0,0,0,0
Aaron Seydel,de GER,FW,Darmstadt 98,27-346,1996,2.9,5,1.74,5,0,0,0,0,0,0,0.00,0,0,0,0,0,0
Tim Siersleben,de GER,DF,Heidenheim,23-316,2000,9.0,7,0.78,5,0,0,1,0,1,1,0.11,0,0,0,0,0,1
Kiliann Sildillia,fr FRA,DF,Freiburg,21-248,2002,12.5,21,1.68,16,4,0,1,0,0,2,0.16,2,0,0,0,0,0
Mohamed Simakan,fr FRA,DF,RB Leipzig,23-261,2000,15.7,22,1.40,19,1,0,1,1,0,2,0.13,1,0,0,1,0,0
Xavi Simons,nl NED,MF,RB Leipzig,20-273,2003,15.1,87,5.77,53,11,9,7,7,0,12,0.80,9,0,1,2,0,0
Tim Skarke,de GER,"FW,MF",Darmstadt 98,27-134,1996,13.0,34,2.62,22,2,2,3,4,1,0,0.00,0,0,0,0,0,0
Ellyes Skhiri,tn TUN,MF,Eint Frankfurt,28-254,1995,13.3,28,2.11,23,0,1,2,2,0,2,0.15,2,0,0,0,0,0
Robert Skov,dk DEN,"DF,FW",Hoffenheim,27-244,1996,9.3,28,3.02,19,5,0,1,3,0,5,0.54,4,0,0,0,1,0
Hrvoje Smolčić,hr CRO,DF,Eint Frankfurt,23-155,2000,2.8,1,0.36,1,0,0,0,0,0,0,0.00,0,0,0,0,0,0
Danilo Soares,br BRA,DF,Bochum,32-082,1991,3.9,6,1.54,5,1,0,0,0,0,0,0.00,0,0,0,0,0,0
Borna Sosa,hr CRO,"FW,DF",Stuttgart,25-363,1998,0.5,5,9.78,3,2,0,0,0,0,0,0.00,0,0,0,0,0,0
Anton Stach,de GER,MF,Hoffenheim,25-065,1998,12.5,35,2.80,24,1,1,4,2,3,3,0.24,1,0,0,0,1,1
Anton Stach,de GER,MF,Mainz 05,25-065,1998,1.9,7,3.71,4,0,1,2,0,0,0,0.00,0,0,0,0,0,0
Jens Stage,dk DEN,MF,Werder Bremen,27-072,1996,15.9,30,1.89,27,0,0,2,1,0,3,0.19,2,0,0,0,1,0
Josip Stanišić,hr CRO,DF,Leverkusen,23-292,2000,3.8,6,1.56,6,0,0,0,0,0,0,0.00,0,0,0,0,0,0
Niklas Stark,de GER,DF,Werder Bremen,28-280,1995,7.4,6,0.81,5,0,0,0,0,1,1,0.14,1,0,0,0,0,0
Pascal Stenzel,de GER,DF,Stuttgart,27-305,1996,8.9,24,2.70,22,0,1,0,1,0,7,0.79,6,0,1,0,0,0
Leonidas Stergiou,ch SUI,DF,Stuttgart,21-322,2002,0.5,0,0.00,0,0,0,0,0,0,0,0.00,0,0,0,0,0,0
Angelo Stiller,de GER,MF,Hoffenheim,22-290,2001,0.9,5,5.42,3,2,0,0,0,0,0,0.00,0,0,0,0,0,0
Angelo Stiller,de GER,MF,Stuttgart,22-290,2001,14.2,51,3.59,38,11,0,1,0,1,6,0.42,4,1,0,0,0,1
Kevin Stöger,at AUT,MF,Bochum,30-145,1993,14.1,98,6.97,59,25,3,6,4,1,5,0.36,3,2,0,0,0,0
Filip Stojilković,ch SUI,"FW,MF",Darmstadt 98,24-015,2000,1.7,0,0.00,0,0,0,0,0,0,0,0.00,0,0,0,0,0,0
Niklas Süle,de GER,DF,Dortmund,28-138,1995,6.9,7,1.02,7,0,0,0,0,0,1,0.15,1,0,0,0,0,0
Mattias Svanberg,se SWE,MF,Wolfsburg,25-014,1999,13.6,42,3.09,25,5,4,3,5,0,8,0.59,6,0,0,1,1,0
Attila Szalai,hu HUN,DF,Hoffenheim,25-364,1998,3.2,6,1.87,5,0,0,0,0,1,0,0.00,0,0,0,0,0,0
Jonathan Tah,de GER,DF,Leverkusen,27-342,1996,14.5,3,0.21,3,0,0,0,0,0,0,0.00,0,0,0,0,0,0
Edmond Tapsoba,bf BFA,DF,Leverkusen,24-351,1999,13.0,18,1.38,17,0,0,0,1,0,4,0.31,4,0,0,0,0,0
Mathys Tel,fr FRA,"FW,MF",Bayern Munich,18-267,2005,2.6,11,4.27,4,0,3,4,0,0,4,1.55,3,0,1,0,0,0
Nathan Tella,ng NGA,DF,Leverkusen,24-198,1999,0.9,8,9.23,5,0,1,1,1,0,1,1.15,1,0,0,0,0,0
Norman Theuerkauf,de GER,"MF,DF",Heidenheim,36-360,1987,8.6,12,1.40,9,1,0,0,2,0,2,0.23,2,0,0,0,0,0
Jan Thielmann,de GER,"FW,MF",Köln,21-238,2002,5.9,14,2.39,9,0,1,1,3,0,0,0.00,0,0,0,0,0,0
Denis Thomalla,de GER,"MF,FW",Heidenheim,31-156,1992,3.9,8,2.05,7,0,0,1,0,0,0,0.00,0,0,0,0,0,0
Phillip Tietz,de GER,FW,Augsburg,26-194,1997,12.6,27,2.14,20,0,1,4,2,0,3,0.24,3,0,0,0,0,0
Steffen Tigges,de GER,"FW,MF",Köln,25-172,1998,4.4,9,2.07,8,0,0,1,0,0,0,0.00,0,0,0,0,0,0
Umut Tohumcu,de GER,MF,Hoffenheim,19-161,2004,2.4,6,2.51,5,0,0,0,1,0,1,0.42,1,0,0,0,0,0
Tiago Tomás,pt POR,"FW,MF",Wolfsburg,21-217,2002,6.7,20,2.99,8,2,6,3,1,0,0,0.00,0,0,0,0,0,0
Fabio Torsiello,it ITA,"FW,DF",Darmstadt 98,18-351,2005,0.3,0,0.00,0,0,0,0,0,0,0,0.00,0,0,0,0,0,0
Lucas Tousart,fr FRA,MF,Union Berlin,26-265,1997,3.4,9,2.64,7,0,0,1,0,1,0,0.00,0,0,0,0,0,0
Omar Traoré,de GER,DF,Heidenheim,25-349,1998,12.6,19,1.51,17,1,0,0,1,0,3,0.24,2,0,0,0,1,0
Kevin Trapp,de GER,GK,Eint Frankfurt,33-195,1990,16.0,0,0.00,0,0,0,0,0,0,0,0.00,0,0,0,0,0,0
Christopher Trimmel,at AUT,"DF,MF",Union Berlin,36-329,1987,8.4,28,3.35,14,13,0,0,1,0,1,0.12,0,1,0,0,0,0
Tuta,br BRA,DF,Eint Frankfurt,24-199,1999,15.0,13,0.87,10,1,0,2,0,0,2,0.13,2,0,0,0,0,0
Lukas Ullrich,de GER,DF,M'Gladbach,19-309,2004,0.2,0,0.00,0,0,0,0,0,0,0,0.00,0,0,0,0,0,0
Sven Ulreich,de GER,GK,Bayern Munich,35-169,1988,8.0,1,0.12,1,0,0,0,0,0,0,0.00,0,0,0,0,0,0
Deniz Undav,de GER,FW,Stuttgart,27-184,1996,9.7,43,4.44,30,0,6,2,4,1,4,0.41,4,0,0,0,0,0
Dayot Upamecano,fr FRA,DF,Bayern Munich,25-084,1998,12.7,17,1.34,16,0,0,0,1,0,3,0.24,3,0,0,0,0,0
Mark Uth,de GER,"MF,FW",Köln,32-148,1991,2.9,8,2.80,3,2,0,2,1,0,0,0.00,0,0,0,0,0,0
Josha Vagnoman,de GER,"DF,FW",Stuttgart,23-039,2000,3.9,7,1.81,5,0,0,2,0,0,1,0.26,1,0,0,0,0,0
Ruben Vargas,ch SUI,"MF,FW",Augsburg,25-167,1998,8.8,29,3.29,18,6,2,0,3,0,2,0.23,2,0,0,0,0,0
Miloš Veljković,rs SRB,DF,Werder Bremen,28-115,1995,12.2,8,0.66,8,0,0,0,0,0,3,0.25,3,0,0,0,0,0
Oscar Vilhelmsson,se SWE,"FW,MF",Darmstadt 98,20-109,2003,5.4,10,1.84,7,0,0,2,1,0,0,0.00,0,0,0,0,0,0
Kevin Vogt,de GER,DF,Hoffenheim,32-118,1991,14.7,23,1.57,23,0,0,0,0,0,4,0.27,4,0,0,0,0,0
Kevin Vogt,de GER,DF,Union Berlin,32-118,1991,1.0,0,0.00,0,0,0,0,0,0,0,0.00,0,0,0,0,0,0
Kevin Volland,de GER,"MF,FW",Union Berlin,31-173,1992,6.5,17,2.62,14,1,0,0,1,1,3,0.46,3,0,0,0,0,0
Aster Vranckx,be BEL,MF,Wolfsburg,21-107,2002,7.8,9,1.15,9,0,0,0,0,0,2,0.25,2,0,0,0,0,0
Luca Waldschmidt,de GER,"MF,FW",Köln,27-245,1996,9.4,30,3.19,18,2,0,6,3,1,2,0.21,0,0,0,1,1,0
Wout Weghorst,nl NED,FW,Hoffenheim,31-165,1992,11.7,27,2.31,25,0,0,0,2,0,2,0.17,2,0,0,0,0,0
Julian Weigl,de GER,MF,M'Gladbach,28-133,1995,15.9,24,1.51,19,1,1,0,1,2,3,0.19,3,0,0,0,0,0
Nelson Weiper,de GER,"FW,MF",Mainz 05,18-308,2005,1.2,3,2.60,2,0,1,0,0,0,0,0.00,0,0,0,0,0,0
Mitchell Weiser,de GER,"DF,FW",Werder Bremen,29-273,1994,16.4,37,2.26,27,0,3,2,4,1,6,0.37,5,0,0,1,0,0
Noah Weißhaupt,de GER,"DF,MF",Freiburg,22-121,2001,5.9,24,4.05,21,0,0,1,2,0,3,0.51,2,0,0,0,1,0
Timo Werner,de GER,"FW,MF",RB Leipzig,27-319,1996,2.3,8,3.46,7,0,1,0,0,0,1,0.43,0,0,1,0,0,0
Silvan Widmer,ch SUI,"DF,FW",Mainz 05,30-320,1993,4.9,10,2.03,9,1,0,0,0,0,0,0.00,0,0,0,0,0,0
Patrick Wimmer,at AUT,FW,Wolfsburg,22-234,2001,3.1,8,2.57,6,0,0,1,1,0,0,0.00,0,0,0,0,0,0
Jonas Wind,dk DEN,FW,Wolfsburg,24-346,1999,16.6,41,2.47,28,1,1,7,3,1,8,0.48,5,0,1,2,0,0
Florian Wirtz,de GER,MF,Leverkusen,20-261,2003,14.3,84,5.86,68,3,9,2,1,1,14,0.98,11,0,3,0,0,0
Maximilian Wittek,de GER,"DF,MF",Bochum,28-151,1995,5.5,24,4.35,11,10,0,2,1,0,2,0.36,1,0,0,1,0,0
Maximilian Wöber,at AUT,DF,M'Gladbach,25-349,1998,14.7,21,1.43,16,2,0,2,0,1,5,0.34,3,1,0,1,0,0
Marius Wolf,de GER,DF,Dortmund,28-237,1995,7.0,21,3.00,18,1,2,0,0,0,3,0.43,3,0,0,0,0,0
Nick Woltemade,de GER,"FW,MF",Werder Bremen,21-339,2002,3.0,16,5.39,12,0,1,1,2,0,2,0.67,2,0,0,0,0,0
Jeong Woo-yeong,kr KOR,MF,Stuttgart,24-121,1999,4.2,15,3.54,13,1,0,1,0,0,3,0.71,2,0,0,1,0,0
Granit Xhaka,ch SUI,MF,Leverkusen,31-114,1992,16.7,55,3.29,51,0,2,1,1,0,6,0.36,6,0,0,0,0,0
Dan-Axel Zagadou,fr FRA,DF,Stuttgart,24-230,1999,14.1,7,0.49,6,0,1,0,0,0,0,0.00,0,0,0,0,0,0
Robin Zentner,de GER,GK,Mainz 05,29-083,1994,13.0,2,0.15,2,0,0,0,0,0,0,0.00,0,0,0,0,0,0
Cedric Zesiger,ch SUI,DF,Wolfsburg,25-209,1998,10.4,6,0.58,4,1,0,1,0,0,1,0.10,1,0,0,0,0,0
Michael Zetterer,de GER,GK,Werder Bremen,28-191,1995,10.0,0,0.00,0,0,0,0,0,0,0,0.00,0,0,0,0,0,0
Christoph Zimmermann,de GER,DF,Darmstadt 98,31-007,1993,4.9,1,0.20,1,0,0,0,0,0,0,0.00,0,0,0,0,0,0
Simon Zoller,de GER,"FW,MF",Bochum,32-207,1991,0.5,0,0.00,0,0,0,0,0,0,0,0.00,0,0,0,0,0,0
