Player,Nation,Pos,Squad,Age,Born,MP,Starts,Min,90s,Gls,Ast,G+A,G-PK,PK,PKatt,CrdY,CrdR,xG,npxG,xAG,npxG+xAG,PrgC,PrgP,PrgR,Gls,Ast,G+A,G-PK,G+A-PK,xG,xAG,xG+xAG,npxG,npxG+xAG,Matches
James Abankwah,ie IRL,DF,Udinese,18,2004,2,1,63,0.7,0,0,0,0,0,0,0,0,0.0,0.0,0.0,0.0,0,0,0,0.00,0.00,0.00,0.00,0.00,0.00,0.00,0.00,0.00,0.00,Matches
Oliver Abildgaard,dk DEN,MF,Hellas Verona,26,1996,13,6,592,6.6,0,0,0,0,0,0,2,0,0.1,0.1,0.4,0.6,2,15,8,0.00,0.00,0.00,0.00,0.00,0.02,0.07,0.09,0.02,0.09,Matches
Tammy Abraham,eng ENG,FW,Roma,24,1997,38,24,"2,189",24.3,8,3,11,8,0,0,2,0,10.8,10.8,3.6,14.5,35,54,141,0.33,0.12,0.45,0.33,0.45,0.45,0.15,0.60,0.45,0.60,Matches
Christian Acella,it ITA,MF,Cremonese,20,2002,1,0,15,0.2,0,0,0,0,0,0,0,0,0.0,0.0,0.0,0.0,0,0,0,0.00,0.00,0.00,0.00,0.00,0.00,0.00,0.00,0.00,0.00,Matches
Francesco Acerbi,it ITA,DF,Inter,34,1988,31,25,"2,425",26.9,0,2,2,0,0,0,4,0,1.0,1.0,1.1,2.1,39,100,32,0.00,0.07,0.07,0.00,0.07,0.04,0.04,0.08,0.04,0.08,Matches
Yacine Adli,fr FRA,"MF,FW",Milan,22,2000,6,1,144,1.6,0,0,0,0,0,0,1,0,0.1,0.1,0.3,0.3,7,10,8,0.00,0.00,0.00,0.00,0.00,0.05,0.16,0.22,0.05,0.22,Matches
Michel Aebischer,ch SUI,"FW,MF",Bologna,25,1997,32,18,"1,542",17.1,1,0,1,1,0,0,4,0,1.5,1.5,0.6,2.1,14,46,85,0.06,0.00,0.06,0.06,0.06,0.08,0.04,0.12,0.08,0.12,Matches
Felix Afena-Gyan,gh GHA,"FW,MF",Cremonese,19,2003,23,7,817,9.1,0,0,0,0,0,0,4,0,1.9,1.9,0.1,2.0,22,8,54,0.00,0.00,0.00,0.00,0.00,0.21,0.02,0.22,0.21,0.22,Matches
Kevin Agudelo,co COL,"MF,FW",Spezia,23,1998,34,23,"2,131",23.7,0,1,1,0,0,0,5,0,1.5,1.5,3.0,4.5,81,110,100,0.00,0.04,0.04,0.00,0.04,0.06,0.13,0.19,0.06,0.19,Matches
Ola Aina,ng NGA,DF,Torino,25,1996,19,9,876,9.7,1,1,2,1,0,0,5,0,0.8,0.8,2.1,2.9,35,43,43,0.10,0.10,0.21,0.10,0.21,0.08,0.21,0.29,0.08,0.29,Matches
Emanuel Aiwum,at AUT,DF,Cremonese,21,2000,23,17,"1,653",18.4,0,0,0,0,0,0,3,0,0.2,0.2,0.4,0.6,19,46,7,0.00,0.00,0.00,0.00,0.00,0.01,0.02,0.03,0.01,0.03,Matches
Jean-Daniel Akpa-Akpro,ci CIV,"MF,FW",Empoli,29,1992,24,16,"1,356",15.1,1,1,2,1,0,0,9,2,1.5,1.5,1.0,2.4,19,39,37,0.07,0.07,0.13,0.07,0.13,0.10,0.06,0.16,0.10,0.16,Matches
Luis Alberto,es ESP,MF,Lazio,29,1992,35,27,"2,442",27.1,6,7,13,5,1,2,4,0,4.4,2.7,7.0,9.7,73,248,94,0.22,0.26,0.48,0.18,0.44,0.16,0.26,0.42,0.10,0.36,Matches
Agustín Álvarez Martínez,uy URU,"FW,MF",Sassuolo,21,2001,22,1,368,4.1,1,1,2,1,0,0,1,0,1.5,1.5,0.4,1.9,2,6,19,0.24,0.24,0.49,0.24,0.49,0.36,0.10,0.46,0.36,0.46,Matches
Kelvin Amian,fr FRA,DF,Spezia,24,1998,30,26,"2,372",26.4,0,1,1,0,0,0,7,1,2.7,2.7,2.3,5.0,53,102,72,0.00,0.04,0.04,0.00,0.04,0.10,0.09,0.19,0.10,0.19,Matches
Bruno Amione,ar ARG,DF,Hellas Verona,20,2002,1,1,58,0.6,0,0,0,0,0,0,1,0,0.0,0.0,0.0,0.0,0,0,0,0.00,0.00,0.00,0.00,0.00,0.00,0.00,0.00,0.00,0.00,Matches
Bruno Amione,ar ARG,DF,Sampdoria,20,2002,26,25,"2,086",23.2,1,1,2,1,0,0,10,1,0.9,0.9,0.6,1.5,11,54,9,0.04,0.04,0.09,0.04,0.09,0.04,0.03,0.06,0.04,0.06,Matches
Ethan Ampadu,wls WAL,"DF,MF",Spezia,21,2000,31,31,"2,639",29.3,0,1,1,0,0,0,10,1,1.1,1.1,1.1,2.2,28,125,10,0.00,0.03,0.03,0.00,0.03,0.04,0.04,0.07,0.04,0.07,Matches
Sofyan Amrabat,ma MAR,MF,Fiorentina,25,1996,29,24,"1,998",22.2,0,1,1,0,0,0,11,0,0.5,0.5,1.1,1.6,36,176,24,0.00,0.05,0.05,0.00,0.05,0.02,0.05,0.07,0.02,0.07,Matches
Felipe Anderson,br BRA,FW,Lazio,29,1993,38,35,"2,958",32.9,9,2,11,9,0,0,3,0,6.0,6.0,4.8,10.9,83,114,224,0.27,0.06,0.33,0.27,0.33,0.18,0.15,0.33,0.18,0.33,Matches
Janis Antiste,fr FRA,FW,Sassuolo,19,2002,2,0,52,0.6,1,0,1,1,0,0,0,0,0.2,0.2,0.0,0.2,0,1,2,1.73,0.00,1.73,1.73,1.73,0.31,0.00,0.31,0.31,0.31,Matches
Marcos Antônio,br BRA,MF,Lazio,22,2000,16,6,594,6.6,1,1,2,1,0,0,2,0,1.2,1.2,0.3,1.5,1,25,8,0.15,0.15,0.30,0.15,0.30,0.18,0.04,0.23,0.18,0.23,Matches
Valentin Antov,bg BUL,DF,Monza,21,2000,9,2,306,3.4,0,0,0,0,0,0,2,0,0.0,0.0,0.0,0.0,2,14,3,0.00,0.00,0.00,0.00,0.00,0.00,0.01,0.01,0.00,0.01,Matches
Marko Arnautović,at AUT,FW,Bologna,33,1989,21,18,"1,530",17.0,10,0,10,7,3,3,5,0,7.2,4.8,1.9,6.7,13,36,116,0.59,0.00,0.59,0.41,0.41,0.42,0.11,0.53,0.28,0.39,Matches
Tolgay Arslan,de GER,MF,Udinese,31,1990,36,12,"1,211",13.5,1,0,1,1,0,0,3,0,2.2,2.2,1.6,3.8,45,77,37,0.07,0.00,0.07,0.07,0.07,0.16,0.12,0.29,0.16,0.29,Matches
,,,,,,,,,,,,,,,,,,,,,,,,,,,,,,,,,,,
Arthur,br BRA,FW,Fiorentina,24,1998,28,15,"1,432",15.9,8,1,9,6,2,2,4,0,7.9,6.3,0.8,7.0,11,21,86,0.50,0.06,0.57,0.38,0.44,0.49,0.05,0.54,0.39,0.44,Matches
Santiago Ascacíbar,ar ARG,MF,Cremonese,25,1997,13,7,727,8.1,0,0,0,0,0,0,1,0,0.4,0.4,0.4,0.8,1,41,6,0.00,0.00,0.00,0.00,0.00,0.05,0.05,0.10,0.05,0.10,Matches
Kristoffer Askildsen,no NOR,MF,Lecce,21,2001,21,7,728,8.1,0,0,0,0,0,0,3,0,0.5,0.5,0.3,0.9,10,24,17,0.00,0.00,0.00,0.00,0.00,0.06,0.04,0.11,0.06,0.11,Matches
Kristjan Asllani,al ALB,MF,Inter,20,2002,20,5,592,6.6,0,0,0,0,0,0,2,0,0.5,0.5,0.9,1.5,6,29,6,0.00,0.00,0.00,0.00,0.00,0.08,0.14,0.22,0.08,0.22,Matches
Emil Audero,it ITA,GK,Sampdoria,25,1997,25,25,"2,250",25.0,0,0,0,0,0,0,1,0,0.0,0.0,0.0,0.0,0,0,0,0.00,0.00,0.00,0.00,0.00,0.00,0.00,0.00,0.00,0.00,Matches
Tommaso Augello,it ITA,DF,Sampdoria,27,1994,37,35,"3,061",34.0,2,5,7,2,0,0,3,0,1.0,1.0,3.9,4.8,84,119,153,0.06,0.15,0.21,0.06,0.21,0.03,0.11,0.14,0.03,0.14,Matches
Kaan Ayhan,tr TUR,DF,Sassuolo,27,1994,10,5,545,6.1,0,0,0,0,0,0,1,0,0.0,0.0,0.0,0.0,8,15,0,0.00,0.00,0.00,0.00,0.00,0.00,0.00,0.00,0.00,0.00,Matches
Jaime Báez,uy URU,DF,Cremonese,27,1995,2,1,96,1.1,0,0,0,0,0,0,0,0,0.1,0.1,0.1,0.3,5,4,8,0.00,0.00,0.00,0.00,0.00,0.12,0.12,0.24,0.12,0.24,Matches
Nedim Bajrami,al ALB,"MF,FW",Empoli,23,1999,19,8,940,10.4,1,1,2,1,0,0,1,0,1.2,1.2,1.2,2.4,22,29,47,0.10,0.10,0.19,0.10,0.19,0.12,0.11,0.23,0.12,0.23,Matches
Nedim Bajrami,al ALB,"FW,MF",Sassuolo,23,1999,18,7,819,9.1,1,0,1,1,0,0,0,0,1.9,1.9,1.5,3.4,23,44,96,0.11,0.00,0.11,0.11,0.11,0.21,0.16,0.37,0.21,0.37,Matches
Tiemoué Bakayoko,fr FRA,MF,Milan,27,1994,3,0,41,0.5,0,0,0,0,0,0,0,0,0.0,0.0,0.0,0.0,0,2,1,0.00,0.00,0.00,0.00,0.00,0.00,0.00,0.00,0.00,0.00,Matches
Tommaso Baldanzi,it ITA,MF,Empoli,19,2003,26,24,"1,772",19.7,4,0,4,4,0,0,2,0,2.4,2.4,1.8,4.2,57,69,94,0.20,0.00,0.20,0.20,0.20,0.12,0.09,0.21,0.12,0.21,Matches
Fodé Ballo-Touré,sn SEN,DF,Milan,25,1997,10,5,523,5.8,1,0,1,1,0,0,0,0,0.6,0.6,0.2,0.9,11,25,31,0.17,0.00,0.17,0.17,0.17,0.11,0.04,0.15,0.11,0.15,Matches
Lameck Banda,zm ZAM,"FW,MF",Lecce,21,2001,36,19,"1,636",18.2,2,1,3,2,0,0,6,0,3.1,3.1,1.3,4.5,86,28,160,0.11,0.06,0.17,0.11,0.17,0.17,0.07,0.25,0.17,0.25,Matches
Filippo Bandinelli,it ITA,MF,Empoli,27,1995,35,28,"2,263",25.1,2,0,2,2,0,0,10,0,1.7,1.7,2.6,4.4,40,101,89,0.08,0.00,0.08,0.08,0.08,0.07,0.10,0.17,0.07,0.17,Matches
Antonín Barák,cz CZE,MF,Hellas Verona,27,1994,1,0,25,0.3,0,0,0,0,0,0,0,0,0.0,0.0,0.0,0.0,0,2,1,0.00,0.00,0.00,0.00,0.00,0.00,0.00,0.00,0.00,0.00,Matches
Antonín Barák,cz CZE,MF,Fiorentina,27,1994,30,21,"1,799",20.0,2,0,2,2,0,0,4,0,2.6,2.6,1.6,4.1,45,82,93,0.10,0.00,0.10,0.10,0.10,0.13,0.08,0.21,0.13,0.21,Matches
Andrea Barberis,it ITA,MF,Monza,28,1993,9,3,338,3.8,0,1,1,0,0,0,0,0,0.1,0.1,0.4,0.5,3,14,0,0.00,0.27,0.27,0.00,0.27,0.03,0.10,0.12,0.03,0.12,Matches
Tommaso Barbieri,it ITA,DF,Juventus,19,2002,3,2,109,1.2,0,0,0,0,0,0,0,0,0.0,0.0,0.0,0.0,5,0,4,0.00,0.00,0.00,0.00,0.00,0.00,0.00,0.00,0.00,0.00,Matches
Francesco Bardi,it ITA,GK,Bologna,30,1992,1,1,90,1.0,0,0,0,0,0,0,0,0,0.0,0.0,0.0,0.0,0,0,0,0.00,0.00,0.00,0.00,0.00,0.00,0.00,0.00,0.00,0.00,Matches
Nicolò Barella,it ITA,MF,Inter,25,1997,35,31,"2,613",29.0,6,6,12,6,0,0,6,0,3.2,3.2,5.6,8.8,76,214,162,0.21,0.21,0.41,0.21,0.41,0.11,0.19,0.30,0.11,0.30,Matches
Enzo Barrenechea,ar ARG,MF,Juventus,21,2001,3,3,158,1.8,0,0,0,0,0,0,0,0,0.1,0.1,0.0,0.1,1,5,2,0.00,0.00,0.00,0.00,0.00,0.04,0.01,0.05,0.04,0.05,Matches
Musa Barrow,gm GAM,"FW,MF",Bologna,23,1998,32,26,"1,960",21.8,3,8,11,3,0,0,3,0,3.0,3.0,4.7,7.7,68,58,141,0.14,0.37,0.51,0.14,0.51,0.14,0.22,0.35,0.14,0.35,Matches
Federico Baschirotto,it ITA,DF,Lecce,25,1996,37,37,"3,330",37.0,3,0,3,3,0,0,6,0,1.9,1.9,0.7,2.6,12,107,12,0.08,0.00,0.08,0.08,0.08,0.05,0.02,0.07,0.05,0.07,Matches
Toma Bašić,hr CRO,MF,Lazio,25,1996,25,4,513,5.7,1,0,1,1,0,0,2,0,1.8,1.8,0.4,2.2,14,22,29,0.18,0.00,0.18,0.18,0.18,0.32,0.07,0.39,0.32,0.39,Matches
,,,,,,,,,,,,,,,,,,,,,,,,,,,,,,,,,,,
Alberto Basso,it ITA,MF,Cremonese,18,2004,1,0,16,0.2,0,0,0,0,0,0,0,0,0.0,0.0,0.0,0.0,0,1,2,0.00,0.00,0.00,0.00,0.00,0.20,0.00,0.20,0.20,0.20,Matches
Alessandro Bastoni,it ITA,DF,Inter,23,1999,29,26,"2,157",24.0,0,2,2,0,0,0,3,0,1.0,1.0,2.7,3.7,47,141,44,0.00,0.08,0.08,0.00,0.08,0.04,0.11,0.15,0.04,0.15,Matches
Simone Bastoni,it ITA,"MF,DF",Spezia,25,1996,19,15,"1,189",13.2,2,4,6,2,0,0,7,0,1.1,1.1,1.7,2.8,20,32,65,0.15,0.30,0.45,0.15,0.45,0.08,0.13,0.21,0.08,0.21,Matches
Brian Bayeye,fr FRA,DF,Torino,22,2000,2,1,64,0.7,0,0,0,0,0,0,0,0,0.0,0.0,0.0,0.0,3,3,5,0.00,0.00,0.00,0.00,0.00,0.00,0.03,0.03,0.00,0.03,Matches
Rodrigo Becão,br BRA,DF,Udinese,26,1996,28,28,"2,484",27.6,2,1,3,2,0,0,11,1,1.5,1.5,0.6,2.1,19,98,48,0.07,0.04,0.11,0.07,0.11,0.05,0.02,0.08,0.05,0.08,Matches
Julius Beck,dk DEN,MF,Spezia,17,2005,1,0,10,0.1,0,0,0,0,0,0,0,0,0.0,0.0,0.0,0.0,0,2,0,0.00,0.00,0.00,0.00,0.00,0.00,0.00,0.00,0.00,0.00,Matches
Raoul Bellanova,it ITA,DF,Inter,22,2000,18,3,496,5.5,0,0,0,0,0,0,0,0,0.6,0.6,0.4,1.0,25,12,37,0.00,0.00,0.00,0.00,0.00,0.12,0.07,0.19,0.12,0.19,Matches
Andrea Belotti,it ITA,FW,Roma,28,1993,31,11,"1,146",12.7,0,2,2,0,0,1,0,0,3.5,2.7,1.6,4.3,21,13,94,0.00,0.16,0.16,0.00,0.16,0.27,0.13,0.40,0.21,0.34,Matches
Marco Benassi,it ITA,DF,Fiorentina,27,1994,2,1,93,1.0,0,0,0,0,0,0,0,0,0.0,0.0,0.1,0.1,0,9,6,0.00,0.00,0.00,0.00,0.00,0.00,0.09,0.09,0.00,0.09,Matches
Marco Benassi,it ITA,MF,Cremonese,27,1994,15,11,998,11.1,0,0,0,0,0,0,1,0,1.3,1.3,0.4,1.7,10,27,30,0.00,0.00,0.00,0.00,0.00,0.12,0.04,0.16,0.12,0.16,Matches
Ismaël Bennacer,dz ALG,MF,Milan,24,1997,28,24,"2,007",22.3,2,2,4,2,0,0,5,0,1.0,1.0,3.3,4.3,30,132,52,0.09,0.09,0.18,0.09,0.18,0.04,0.15,0.19,0.04,0.19,Matches
Domenico Berardi,it ITA,FW,Sassuolo,27,1994,26,22,"1,866",20.7,12,7,19,5,7,8,7,0,11.4,5.1,6.6,11.7,57,114,213,0.58,0.34,0.92,0.24,0.58,0.55,0.32,0.87,0.24,0.56,Matches
Bartosz Bereszyński,pl POL,DF,Sampdoria,30,1992,15,15,"1,198",13.3,0,0,0,0,0,0,1,0,0.1,0.1,0.1,0.2,20,44,40,0.00,0.00,0.00,0.00,0.00,0.01,0.01,0.02,0.01,0.02,Matches
Bartosz Bereszyński,pl POL,DF,Napoli,30,1992,3,2,166,1.8,0,1,1,0,0,0,1,0,0.0,0.0,0.2,0.2,8,7,7,0.00,0.54,0.54,0.00,0.54,0.00,0.10,0.10,0.00,0.10,Matches
Marco Bertini,it ITA,MF,Lazio,19,2002,1,0,1,0.0,0,0,0,0,0,0,0,0,0.0,0.0,0.0,0.0,0,0,0,0.00,0.00,0.00,0.00,0.00,0.00,0.00,0.00,0.00,0.00,Matches
Beto,gw GNB,FW,Udinese,24,1998,33,23,"2,129",23.7,10,1,11,9,1,1,2,0,10.9,10.1,2.6,12.6,25,13,121,0.42,0.04,0.47,0.38,0.42,0.46,0.11,0.57,0.43,0.53,Matches
Matteo Bianchetti,it ITA,DF,Cremonese,29,1993,25,22,"2,132",23.7,1,0,1,1,0,0,5,0,0.8,0.8,0.5,1.2,6,47,4,0.04,0.00,0.04,0.04,0.04,0.03,0.02,0.05,0.03,0.05,Matches
Alessandro Bianco,it ITA,MF,Fiorentina,19,2002,7,2,153,1.7,0,0,0,0,0,0,1,0,0.1,0.1,0.0,0.1,4,9,2,0.00,0.00,0.00,0.00,0.00,0.04,0.01,0.05,0.04,0.05,Matches
Jaka Bijol,si SVN,DF,Udinese,23,1999,32,32,"2,728",30.3,3,2,5,3,0,0,10,0,2.2,2.2,1.6,3.9,3,66,7,0.10,0.07,0.16,0.10,0.16,0.07,0.05,0.13,0.07,0.13,Matches
Cristiano Biraghi,it ITA,DF,Fiorentina,29,1992,33,30,"2,551",28.3,2,4,6,2,0,1,1,0,1.8,1.1,5.5,6.6,69,161,113,0.07,0.14,0.21,0.07,0.21,0.07,0.19,0.26,0.04,0.23,Matches
Samuele Birindelli,it ITA,DF,Monza,23,1999,31,14,"1,400",15.6,0,1,1,0,0,0,8,0,1.1,1.1,2.2,3.3,55,43,121,0.00,0.06,0.06,0.00,0.06,0.07,0.14,0.21,0.07,0.21,Matches
Kristijan Bistrović,hr CRO,MF,Lecce,24,1998,11,5,461,5.1,0,0,0,0,0,0,0,0,0.3,0.3,0.4,0.7,4,16,8,0.00,0.00,0.00,0.00,0.00,0.07,0.07,0.14,0.07,0.14,Matches
Alexis Blin,fr FRA,MF,Lecce,25,1996,35,26,"2,376",26.4,1,0,1,1,0,0,8,0,2.8,2.8,1.1,3.9,13,101,32,0.04,0.00,0.04,0.04,0.04,0.11,0.04,0.15,0.11,0.15,Matches
Jeremie Boga,ci CIV,"MF,FW",Atalanta,25,1997,23,5,782,8.7,2,5,7,2,0,0,0,0,1.9,1.9,2.8,4.7,64,53,78,0.23,0.58,0.81,0.23,0.81,0.22,0.33,0.54,0.22,0.54,Matches
Emil Bohinen,no NOR,MF,Salernitana,23,1999,24,9,832,9.2,0,0,0,0,0,0,0,0,0.1,0.1,0.7,0.8,12,31,16,0.00,0.00,0.00,0.00,0.00,0.02,0.07,0.09,0.02,0.09,Matches
,,,,,,,,,,,,,,,,,,,,,,,,,,,,,,,,,,,
Giacomo Bonaventura,it ITA,MF,Fiorentina,32,1989,30,21,"1,911",21.2,5,1,6,5,0,0,4,1,4.3,4.3,3.1,7.4,64,102,91,0.24,0.05,0.28,0.24,0.28,0.20,0.15,0.35,0.20,0.35,Matches
Federico Bonazzoli,it ITA,"FW,MF",Salernitana,25,1997,24,12,"1,119",12.4,2,1,3,2,0,0,1,0,2.4,2.4,1.1,3.5,11,43,67,0.16,0.08,0.24,0.16,0.24,0.19,0.09,0.28,0.19,0.28,Matches
Warren Bondo,fr FRA,MF,Monza,18,2003,4,0,60,0.7,0,0,0,0,0,0,1,0,0.1,0.1,0.0,0.1,3,5,2,0.00,0.00,0.00,0.00,0.00,0.09,0.00,0.09,0.09,0.09,Matches
Kevin Bonifazi,it ITA,DF,Bologna,26,1996,13,9,902,10.0,0,0,0,0,0,0,2,0,0.2,0.2,0.0,0.2,4,33,0,0.00,0.00,0.00,0.00,0.00,0.02,0.00,0.02,0.02,0.02,Matches
Leonardo Bonucci,it ITA,DF,Juventus,35,1987,16,9,879,9.8,1,0,1,1,0,1,2,0,1.1,0.3,0.2,0.5,2,28,1,0.10,0.00,0.10,0.10,0.10,0.11,0.02,0.13,0.03,0.05,Matches
Erik Botheim,no NOR,"MF,FW",Salernitana,22,2000,28,9,866,9.6,1,3,4,1,0,0,2,0,0.6,0.6,1.8,2.3,11,21,61,0.10,0.31,0.42,0.10,0.42,0.06,0.18,0.24,0.06,0.24,Matches
Mehdi Bourabia,ma MAR,MF,Spezia,30,1991,37,36,"2,771",30.8,1,3,4,1,0,0,3,0,2.1,2.1,4.4,6.5,37,113,58,0.03,0.10,0.13,0.03,0.13,0.07,0.14,0.21,0.07,0.21,Matches
Edoardo Bove,it ITA,MF,Roma,20,2002,22,10,992,11.0,1,0,1,1,0,0,2,0,0.8,0.5,0.9,1.4,9,33,26,0.09,0.00,0.09,0.09,0.09,0.07,0.08,0.15,0.05,0.13,Matches
Jayden Braaf,nl NED,"MF,FW",Hellas Verona,19,2002,6,2,288,3.2,0,0,0,0,0,0,1,0,0.8,0.8,0.1,0.9,10,5,29,0.00,0.00,0.00,0.00,0.00,0.24,0.05,0.28,0.24,0.28,Matches
Domagoj Bradarić,hr CRO,DF,Salernitana,22,1999,31,24,"2,250",25.0,0,3,3,0,0,0,5,0,0.2,0.2,2.3,2.5,63,52,107,0.00,0.12,0.12,0.00,0.12,0.01,0.09,0.10,0.01,0.10,Matches
Josip Brekalo,hr CRO,"FW,MF",Fiorentina,24,1998,6,1,229,2.5,0,0,0,0,0,0,1,0,0.7,0.7,0.5,1.2,11,18,31,0.00,0.00,0.00,0.00,0.00,0.26,0.20,0.46,0.26,0.46,Matches
Gleison Bremer,br BRA,DF,Juventus,25,1997,30,30,"2,634",29.3,4,1,5,4,0,0,6,0,4.9,4.9,1.7,6.6,8,54,4,0.14,0.03,0.17,0.14,0.17,0.17,0.06,0.23,0.17,0.23,Matches
Dylan Bronn,tn TUN,DF,Salernitana,27,1995,24,19,"1,683",18.7,0,0,0,0,0,0,5,1,0.7,0.7,0.4,1.0,10,70,5,0.00,0.00,0.00,0.00,0.00,0.03,0.02,0.05,0.03,0.05,Matches
Marcelo Brozović,hr CRO,MF,Inter,29,1992,28,19,"1,770",19.7,3,5,8,3,0,0,8,0,2.5,2.5,2.8,5.3,29,114,35,0.15,0.25,0.41,0.15,0.41,0.13,0.14,0.27,0.13,0.27,Matches
Cristian Buonaiuto,it ITA,"MF,FW",Cremonese,29,1992,29,7,980,10.9,1,0,1,0,1,1,3,0,3.3,2.5,1.8,4.2,35,39,89,0.09,0.00,0.09,0.00,0.00,0.30,0.16,0.46,0.23,0.39,Matches
Alessandro Buongiorno,it ITA,DF,Torino,23,1999,34,30,"2,721",30.2,1,2,3,1,0,0,8,0,2.2,2.2,1.3,3.6,13,81,19,0.03,0.07,0.10,0.03,0.10,0.07,0.04,0.12,0.07,0.12,Matches
Leonardo Buta,pt POR,DF,Udinese,20,2002,2,0,16,0.2,0,0,0,0,0,0,0,0,0.0,0.0,0.0,0.0,1,1,1,0.00,0.00,0.00,0.00,0.00,0.00,0.00,0.00,0.00,0.00,Matches
Juan Cabal,co COL,DF,Hellas Verona,21,2001,11,3,444,4.9,0,0,0,0,0,0,3,0,0.0,0.0,0.3,0.3,4,17,8,0.00,0.00,0.00,0.00,0.00,0.00,0.06,0.06,0.00,0.06,Matches
Liberato Cacace,nz NZL,DF,Empoli,21,2000,12,5,587,6.5,0,0,0,0,0,0,1,0,0.6,0.6,0.6,1.2,21,41,31,0.00,0.00,0.00,0.00,0.00,0.09,0.10,0.19,0.09,0.19,Matches
Davide Calabria,it ITA,DF,Milan,25,1996,25,21,"1,690",18.8,1,4,5,1,0,0,6,0,1.2,1.2,1.7,2.9,26,108,80,0.05,0.21,0.27,0.05,0.27,0.06,0.09,0.15,0.06,0.15,Matches
Mattia Caldara,it ITA,DF,Spezia,28,1994,20,13,"1,253",13.9,0,0,0,0,0,0,6,0,0.8,0.8,0.0,0.8,5,35,4,0.00,0.00,0.00,0.00,0.00,0.06,0.00,0.06,0.06,0.06,Matches
Luca Caldirola,it ITA,DF,Monza,31,1991,31,27,"2,353",26.1,2,0,2,2,0,0,6,0,1.1,1.1,0.5,1.6,12,63,13,0.08,0.00,0.08,0.08,0.08,0.04,0.02,0.06,0.04,0.06,Matches
Hakan Çalhanoğlu,tr TUR,MF,Inter,28,1994,33,28,"2,363",26.3,3,6,9,2,1,1,3,0,3.1,2.3,5.0,7.3,46,172,68,0.11,0.23,0.34,0.08,0.30,0.12,0.19,0.31,0.09,0.28,Matches
Mohamed Camara,gn GUI,MF,Roma,25,1997,15,8,696,7.7,0,0,0,0,0,0,3,0,0.6,0.6,0.4,1.0,13,30,14,0.00,0.00,0.00,0.00,0.00,0.08,0.05,0.13,0.08,0.13,Matches
Nicolò Cambiaghi,it ITA,"FW,MF",Empoli,21,2000,28,12,"1,285",14.3,6,1,7,6,0,0,5,1,3.4,3.4,1.1,4.5,73,42,99,0.42,0.07,0.49,0.42,0.49,0.23,0.08,0.31,0.23,0.31,Matches
,,,,,,,,,,,,,,,,,,,,,,,,,,,,,,,,,,,
Andrea Cambiaso,it ITA,DF,Bologna,22,2000,32,25,"2,170",24.1,0,3,3,0,0,0,2,0,0.9,0.9,2.4,3.3,64,83,105,0.00,0.12,0.12,0.00,0.12,0.04,0.10,0.14,0.04,0.14,Matches
Matteo Cancellieri,it ITA,FW,Lazio,20,2002,20,1,256,2.8,0,0,0,0,0,0,4,0,0.4,0.4,0.4,0.8,15,2,33,0.00,0.00,0.00,0.00,0.00,0.14,0.14,0.28,0.14,0.28,Matches
Antonio Candreva,it ITA,"MF,DF",Salernitana,35,1987,35,32,"2,726",30.3,7,4,11,7,0,0,3,1,3.7,3.7,4.7,8.3,71,135,171,0.23,0.13,0.36,0.23,0.36,0.12,0.15,0.27,0.12,0.27,Matches
Gianluca Caprari,it ITA,"MF,FW",Monza,29,1993,37,32,"2,441",27.1,5,2,7,4,1,1,7,0,5.0,4.2,2.5,6.7,100,92,188,0.18,0.07,0.26,0.15,0.22,0.18,0.09,0.28,0.15,0.25,Matches
Francesco Caputo,it ITA,FW,Sampdoria,34,1987,15,13,"1,094",12.2,1,0,1,1,0,0,0,0,1.9,1.9,0.5,2.4,6,11,76,0.08,0.00,0.08,0.08,0.08,0.15,0.04,0.19,0.15,0.19,Matches
Francesco Caputo,it ITA,FW,Empoli,34,1987,21,20,"1,708",19.0,5,4,9,3,2,2,1,0,7.5,5.9,2.2,8.1,16,21,128,0.26,0.21,0.47,0.16,0.37,0.39,0.12,0.51,0.31,0.43,Matches
Andrea Carboni,it ITA,DF,Monza,21,2001,4,1,167,1.9,0,0,0,0,0,0,0,0,0.1,0.1,0.1,0.2,4,9,2,0.00,0.00,0.00,0.00,0.00,0.03,0.07,0.10,0.03,0.10,Matches
Franco Carboni,it ITA,"DF,FW",Monza,19,2003,3,0,66,0.7,0,0,0,0,0,0,0,0,0.1,0.1,0.0,0.1,7,2,8,0.00,0.00,0.00,0.00,0.00,0.11,0.06,0.17,0.11,0.17,Matches
Valentin Carboni,ar ARG,"MF,DF",Inter,17,2005,5,0,25,0.3,0,0,0,0,0,0,0,0,0.0,0.0,0.0,0.0,2,1,3,0.00,0.00,0.00,0.00,0.00,0.00,0.09,0.09,0.00,0.09,Matches
Carlos,br BRA,DF,Monza,23,1999,35,35,"3,083",34.3,6,5,11,6,0,0,4,0,4.4,4.4,3.7,8.1,87,101,151,0.18,0.15,0.32,0.18,0.32,0.13,0.11,0.24,0.13,0.24,Matches
Marco Carnesecchi,it ITA,GK,Cremonese,22,2000,27,27,"2,430",27.0,0,1,1,0,0,0,1,0,0.0,0.0,0.2,0.2,0,0,0,0.00,0.04,0.04,0.00,0.04,0.00,0.01,0.01,0.00,0.01,Matches
Nicolò Casale,it ITA,DF,Lazio,24,1998,29,27,"2,437",27.1,1,1,2,1,0,0,6,0,0.6,0.6,0.3,0.9,11,70,3,0.04,0.04,0.07,0.04,0.07,0.02,0.01,0.03,0.02,0.03,Matches
Tommaso Cassandro,it ITA,DF,Lecce,22,2000,1,0,13,0.1,0,0,0,0,0,0,0,0,0.0,0.0,0.0,0.0,0,0,0,0.00,0.00,0.00,0.00,0.00,0.00,0.00,0.00,0.00,0.00,Matches
Michele Castagnetti,it ITA,MF,Cremonese,32,1989,27,14,"1,412",15.7,0,1,1,0,0,0,2,0,0.6,0.6,1.8,2.5,14,120,10,0.00,0.06,0.06,0.00,0.06,0.04,0.12,0.16,0.04,0.16,Matches
Gaetano Castrovilli,it ITA,MF,Fiorentina,25,1997,15,7,718,8.0,2,1,3,2,0,0,3,0,1.2,1.2,1.1,2.3,12,14,16,0.25,0.13,0.38,0.25,0.38,0.15,0.14,0.29,0.15,0.29,Matches
Danilo Cataldi,it ITA,MF,Lazio,27,1994,29,26,"1,921",21.3,0,1,1,0,0,0,5,0,0.2,0.2,1.1,1.4,8,83,14,0.00,0.05,0.05,0.00,0.05,0.01,0.05,0.06,0.01,0.06,Matches
Pietro Ceccaroni,it ITA,DF,Lecce,26,1995,2,0,43,0.5,0,0,0,0,0,0,0,0,0.1,0.1,0.2,0.3,0,0,1,0.00,0.00,0.00,0.00,0.00,0.24,0.33,0.58,0.24,0.58,Matches
Federico Ceccherini,it ITA,DF,Hellas Verona,30,1992,22,18,"1,417",15.7,2,0,2,2,0,0,9,1,0.8,0.8,0.2,1.0,25,53,20,0.13,0.00,0.13,0.13,0.13,0.05,0.01,0.06,0.05,0.06,Matches
Assan Ceesay,gm GAM,FW,Lecce,28,1994,34,20,"1,812",20.1,6,0,6,5,1,1,2,0,5.1,4.3,0.8,5.1,21,16,111,0.30,0.00,0.30,0.25,0.25,0.25,0.04,0.29,0.21,0.25,Matches
Emil Ceide,no NOR,FW,Sassuolo,20,2001,19,5,515,5.7,0,1,1,0,0,0,0,0,0.8,0.8,1.3,2.1,37,19,47,0.00,0.17,0.17,0.00,0.17,0.15,0.23,0.38,0.15,0.38,Matches
Zeki Çelik,tr TUR,DF,Roma,25,1997,24,16,"1,504",16.7,0,1,1,0,0,0,7,1,0.3,0.3,1.6,1.9,34,67,76,0.00,0.06,0.06,0.00,0.06,0.02,0.09,0.12,0.02,0.12,Matches
Michele Cerofolini,it ITA,GK,Fiorentina,23,1999,5,5,450,5.0,0,0,0,0,0,0,0,0,0.0,0.0,0.0,0.0,0,0,0,0.00,0.00,0.00,0.00,0.00,0.00,0.00,0.00,0.00,0.00,Matches
Federico Chiesa,it ITA,"DF,MF",Juventus,24,1997,21,6,852,9.5,2,5,7,2,0,0,2,0,1.5,1.5,2.6,4.1,46,34,88,0.21,0.53,0.74,0.21,0.74,0.15,0.27,0.43,0.15,0.43,Matches
Vlad Chiricheș,ro ROU,DF,Cremonese,32,1989,16,14,983,10.9,0,0,0,0,0,0,2,0,0.0,0.0,0.0,0.0,2,18,1,0.00,0.00,0.00,0.00,0.00,0.00,0.00,0.00,0.00,0.00,Matches
Daniel Ciofani,it ITA,FW,Cremonese,37,1985,32,10,"1,060",11.8,8,0,8,5,3,4,1,0,5.5,2.3,0.7,2.9,5,10,36,0.68,0.00,0.68,0.42,0.42,0.47,0.06,0.53,0.19,0.25,Matches
,,,,,,,,,,,,,,,,,,,,,,,,,,,,,,,,,,,
Tio Cipot,si SVN,"FW,MF",Spezia,19,2003,8,0,139,1.5,0,0,0,0,0,0,0,0,0.0,0.0,0.1,0.2,5,5,17,0.00,0.00,0.00,0.00,0.00,0.02,0.08,0.11,0.02,0.11,Matches
Patrick Ciurria,it ITA,"DF,MF",Monza,27,1995,36,31,"2,753",30.6,6,5,11,6,0,0,4,0,4.8,4.8,5.5,10.2,67,91,168,0.20,0.16,0.36,0.20,0.36,0.16,0.18,0.34,0.16,0.34,Matches
Nicolò Cocetta,it ITA,DF,Udinese,18,2003,1,0,32,0.4,0,0,0,0,0,0,0,0,0.0,0.0,0.0,0.0,0,0,0,0.00,0.00,0.00,0.00,0.00,0.00,0.00,0.00,0.00,0.00,Matches
Omar Colley,gm GAM,DF,Sampdoria,29,1992,16,15,"1,384",15.4,1,0,1,1,0,0,5,0,1.2,1.2,0.0,1.2,3,33,2,0.07,0.00,0.07,0.07,0.07,0.08,0.00,0.08,0.08,0.08,Matches
Lorenzo Colombo,it ITA,FW,Lecce,20,2002,33,18,"1,515",16.8,5,2,7,4,1,2,4,0,6.2,4.6,1.4,6.1,14,21,119,0.30,0.12,0.42,0.24,0.36,0.37,0.09,0.45,0.27,0.36,Matches
Andrea Colpani,it ITA,MF,Monza,23,1999,27,10,948,10.5,4,1,5,4,0,0,1,0,2.1,2.1,1.9,4.1,31,51,69,0.38,0.09,0.47,0.38,0.47,0.20,0.18,0.39,0.20,0.39,Matches
Andrea Consigli,it ITA,GK,Sassuolo,35,1987,35,35,"3,150",35.0,0,0,0,0,0,0,0,0,0.0,0.0,0.0,0.0,0,1,0,0.00,0.00,0.00,0.00,0.00,0.00,0.00,0.00,0.00,0.00,Matches
Andrea Conti,it ITA,DF,Sampdoria,28,1994,1,0,23,0.3,0,0,0,0,0,0,0,0,0.0,0.0,0.0,0.0,0,1,2,0.00,0.00,0.00,0.00,0.00,0.00,0.00,0.00,0.00,0.00,Matches
Diego Coppola,it ITA,DF,Hellas Verona,18,2003,19,11,"1,177",13.1,0,0,0,0,0,0,5,0,0.3,0.3,0.0,0.3,9,42,8,0.00,0.00,0.00,0.00,0.00,0.03,0.00,0.03,0.03,0.03,Matches
Alex Cordaz,it ITA,GK,Inter,39,1983,1,0,26,0.3,0,0,0,0,0,0,0,0,0.0,0.0,0.0,0.0,0,0,0,0.00,0.00,0.00,0.00,0.00,0.00,0.00,0.00,0.00,0.00,Matches
Joaquín Correa,ar ARG,FW,Inter,27,1994,26,12,950,10.6,3,1,4,3,0,0,1,0,3.4,3.4,1.3,4.7,19,29,61,0.28,0.09,0.38,0.28,0.38,0.33,0.12,0.45,0.33,0.45,Matches
Alessandro Cortinovis,it ITA,MF,Hellas Verona,21,2001,1,0,6,0.1,0,0,0,0,0,0,0,0,0.0,0.0,0.0,0.0,0,2,2,0.00,0.00,0.00,0.00,0.00,0.00,0.00,0.00,0.00,0.00,Matches
Lassana Coulibaly,ml MLI,MF,Salernitana,26,1996,35,34,"2,892",32.1,3,3,6,3,0,0,12,0,0.8,0.8,1.8,2.6,52,120,59,0.09,0.09,0.19,0.09,0.19,0.03,0.06,0.08,0.03,0.08,Matches
Alessio Cragno,it ITA,GK,Monza,28,1994,1,1,90,1.0,0,0,0,0,0,0,0,0,0.0,0.0,0.0,0.0,0,0,0,0.00,0.00,0.00,0.00,0.00,0.00,0.00,0.00,0.00,0.00,Matches
Bryan Cristante,it ITA,"MF,DF",Roma,27,1995,36,34,"2,938",32.6,1,1,2,1,0,1,8,1,2.6,1.9,1.4,3.3,16,142,27,0.03,0.03,0.06,0.03,0.06,0.08,0.04,0.12,0.06,0.10,Matches
Domen Črnigoj,si SVN,MF,Salernitana,26,1995,7,4,296,3.3,0,0,0,0,0,0,1,0,0.1,0.1,0.4,0.5,2,3,9,0.00,0.00,0.00,0.00,0.00,0.03,0.13,0.16,0.03,0.16,Matches
Juan Cuadrado,co COL,"DF,FW",Juventus,34,1988,31,24,"2,078",23.1,1,3,4,1,0,0,6,1,1.4,1.4,2.7,4.2,48,92,125,0.04,0.13,0.17,0.04,0.17,0.06,0.12,0.18,0.06,0.18,Matches
Mickaël Cuisance,fr FRA,MF,Sampdoria,22,1999,12,9,618,6.9,0,0,0,0,0,0,1,0,0.5,0.5,0.7,1.2,11,23,31,0.00,0.00,0.00,0.00,0.00,0.07,0.10,0.17,0.07,0.17,Matches
Marco D'Alessandro,it ITA,"DF,FW",Monza,31,1991,8,3,290,3.2,0,0,0,0,0,0,2,0,0.3,0.3,0.2,0.5,14,3,19,0.00,0.00,0.00,0.00,0.00,0.10,0.06,0.16,0.10,0.16,Matches
Danilo D'Ambrosio,it ITA,DF,Inter,33,1988,15,8,733,8.1,0,2,2,0,0,0,3,1,0.3,0.3,0.7,0.9,8,34,17,0.00,0.25,0.25,0.00,0.25,0.03,0.08,0.11,0.03,0.11,Matches
Luca D'Andrea,it ITA,FW,Sassuolo,17,2004,5,5,316,3.5,0,1,1,0,0,0,0,0,0.3,0.3,0.8,1.1,11,9,29,0.00,0.28,0.28,0.00,0.28,0.08,0.23,0.31,0.08,0.31,Matches
Flavius Daniliuc,at AUT,DF,Salernitana,21,2001,27,23,"2,195",24.4,0,2,2,0,0,0,9,0,0.6,0.6,0.5,1.2,14,70,5,0.00,0.08,0.08,0.00,0.08,0.03,0.02,0.05,0.03,0.05,Matches
Danilo,br BRA,DF,Juventus,31,1991,37,35,"3,184",35.4,3,3,6,3,0,0,5,0,2.8,2.8,2.4,5.2,39,176,43,0.08,0.08,0.17,0.08,0.17,0.08,0.07,0.15,0.08,0.15,Matches
Matteo Darmian,it ITA,DF,Inter,32,1989,31,24,"2,025",22.5,1,2,3,1,0,0,3,0,1.0,1.0,1.9,2.9,22,88,96,0.04,0.09,0.13,0.04,0.13,0.04,0.09,0.13,0.04,0.13,Matches
Paweł Dawidowicz,pl POL,DF,Hellas Verona,27,1995,23,20,"1,632",18.1,1,1,2,1,0,0,6,1,1.1,1.1,0.8,1.9,20,60,17,0.06,0.06,0.11,0.06,0.11,0.06,0.04,0.11,0.06,0.11,Matches
,,,,,,,,,,,,,,,,,,,,,,,,,,,,,,,,,,,
Charles De Ketelaere,be BEL,"MF,FW",Milan,21,2001,32,9,"1,116",12.4,0,1,1,0,0,0,2,0,2.0,2.0,2.0,4.0,45,59,69,0.00,0.08,0.08,0.00,0.08,0.16,0.16,0.32,0.16,0.32,Matches
Manuel De Luca,it ITA,"FW,MF",Sampdoria,24,1998,2,0,44,0.5,0,0,0,0,0,0,0,0,0.0,0.0,0.0,0.0,0,0,4,0.00,0.00,0.00,0.00,0.00,0.00,0.00,0.00,0.00,0.00,Matches
Tommaso De Nipoti,it ITA,MF,Atalanta,19,2003,1,0,4,0.0,0,0,0,0,0,0,0,0,0.0,0.0,0.0,0.0,1,1,0,0.00,0.00,0.00,0.00,0.00,0.00,0.00,0.00,0.00,0.00,Matches
Mattia De Sciglio,it ITA,DF,Juventus,29,1992,17,11,"1,042",11.6,0,0,0,0,0,0,0,0,0.1,0.1,0.5,0.6,16,50,40,0.00,0.00,0.00,0.00,0.00,0.01,0.04,0.05,0.01,0.05,Matches
Lorenzo De Silvestri,it ITA,DF,Bologna,34,1988,15,6,672,7.5,1,0,1,1,0,0,1,0,0.6,0.6,0.2,0.9,18,31,17,0.13,0.00,0.13,0.13,0.13,0.09,0.03,0.12,0.09,0.12,Matches
Koni De Winter,be BEL,DF,Empoli,20,2002,14,12,"1,024",11.4,0,0,0,0,0,0,3,0,0.0,0.0,0.2,0.2,2,22,0,0.00,0.00,0.00,0.00,0.00,0.00,0.01,0.01,0.00,0.01,Matches
Grégoire Defrel,mq MTQ,FW,Sassuolo,31,1991,27,13,"1,167",13.0,2,1,3,2,0,0,3,0,3.5,3.5,0.5,4.0,11,10,75,0.15,0.08,0.23,0.15,0.23,0.27,0.04,0.31,0.27,0.31,Matches
Duccio Degl'Innocenti,it ITA,MF,Empoli,19,2003,1,0,3,0.0,0,0,0,0,0,0,0,0,0.0,0.0,0.0,0.0,0,0,0,0.00,0.00,0.00,0.00,0.00,0.00,0.00,0.00,0.00,0.00,Matches
Merih Demiral,tr TUR,DF,Atalanta,24,1998,28,14,"1,536",17.1,1,0,1,1,0,0,5,0,0.7,0.7,0.5,1.2,3,26,4,0.06,0.00,0.06,0.06,0.06,0.04,0.03,0.07,0.04,0.07,Matches
Diego Demme,de GER,MF,Napoli,30,1991,7,2,146,1.6,0,0,0,0,0,0,0,0,0.0,0.0,0.0,0.0,3,16,1,0.00,0.00,0.00,0.00,0.00,0.00,0.01,0.01,0.00,0.01,Matches
Fabio Depaoli,it ITA,DF,Hellas Verona,25,1997,31,24,"2,173",24.1,2,2,4,2,0,0,7,0,1.7,1.7,1.2,2.9,28,66,76,0.08,0.08,0.17,0.08,0.17,0.07,0.05,0.12,0.07,0.12,Matches
Fabio Depaoli,it ITA,"DF,MF",Sampdoria,25,1997,3,1,136,1.5,0,0,0,0,0,0,1,0,0.2,0.2,0.4,0.6,2,10,6,0.00,0.00,0.00,0.00,0.00,0.12,0.26,0.38,0.12,0.38,Matches
Kastriot Dermaku,al ALB,DF,Lecce,30,1992,1,0,34,0.4,0,0,0,0,0,0,0,0,0.0,0.0,0.0,0.0,0,0,0,0.00,0.00,0.00,0.00,0.00,0.00,0.00,0.00,0.00,0.00,Matches
Cyriel Dessers,ng NGA,FW,Cremonese,27,1994,26,19,"1,587",17.6,6,1,7,6,0,1,3,0,7.1,6.4,1.6,8.0,21,27,110,0.34,0.06,0.40,0.34,0.40,0.40,0.09,0.50,0.36,0.45,Matches
Sergiño Dest,us USA,DF,Milan,21,2000,8,2,329,3.7,0,0,0,0,0,0,0,0,0.3,0.3,0.3,0.6,11,14,12,0.00,0.00,0.00,0.00,0.00,0.08,0.09,0.17,0.08,0.17,Matches
Mattia Destro,it ITA,"FW,MF",Empoli,31,1991,17,6,572,6.4,1,0,1,1,0,0,3,0,1.4,1.4,0.4,1.8,4,4,20,0.16,0.00,0.16,0.16,0.16,0.22,0.06,0.28,0.22,0.28,Matches
Gerard Deulofeu,es ESP,FW,Udinese,28,1994,16,15,"1,211",13.5,2,6,8,2,0,0,1,0,5.1,5.1,4.4,9.5,72,82,118,0.15,0.45,0.59,0.15,0.59,0.38,0.33,0.70,0.38,0.70,Matches
Samuel Di Carmine,it ITA,"FW,MF",Cremonese,33,1988,2,0,28,0.3,0,0,0,0,0,0,0,0,0.1,0.1,0.0,0.1,1,1,2,0.00,0.00,0.00,0.00,0.00,0.28,0.00,0.28,0.28,0.28,Matches
Federico Di Francesco,it ITA,"FW,MF",Lecce,28,1994,36,23,"2,031",22.6,2,2,4,2,0,0,5,0,3.3,3.3,2.7,6.0,50,60,177,0.09,0.09,0.18,0.09,0.18,0.14,0.12,0.27,0.14,0.27,Matches
Michele Di Gregorio,it ITA,GK,Monza,25,1997,37,37,"3,330",37.0,0,1,1,0,0,0,0,0,0.0,0.0,0.0,0.0,0,0,0,0.00,0.03,0.03,0.00,0.03,0.00,0.00,0.00,0.00,0.00,Matches
Giovanni Di Lorenzo,it ITA,DF,Napoli,28,1993,37,36,"3,257",36.2,3,4,7,3,0,0,2,0,2.7,2.7,4.7,7.4,73,256,182,0.08,0.11,0.19,0.08,0.19,0.07,0.13,0.20,0.07,0.20,Matches
Ángel Di María,ar ARG,"FW,MF",Juventus,34,1988,26,15,"1,363",15.1,4,4,8,3,1,1,1,1,3.1,2.3,4.5,6.7,56,96,95,0.26,0.26,0.53,0.20,0.46,0.20,0.29,0.50,0.15,0.44,Matches
Boulaye Dia,sn SEN,"FW,MF",Salernitana,25,1996,33,27,"2,518",28.0,16,6,22,15,1,1,4,0,8.8,8.0,3.1,11.1,48,50,140,0.57,0.21,0.79,0.54,0.75,0.31,0.11,0.43,0.29,0.40,Matches
Brahim Díaz,es ESP,"MF,FW",Milan,22,1999,33,27,"1,925",21.4,6,7,13,6,0,0,3,0,6.0,6.0,5.6,11.5,80,121,116,0.28,0.33,0.61,0.28,0.61,0.28,0.26,0.54,0.28,0.54,Matches
Federico Dimarco,it ITA,DF,Inter,24,1997,33,26,"2,069",23.0,4,3,7,4,0,0,0,0,3.1,3.1,6.9,9.9,45,88,189,0.17,0.13,0.30,0.17,0.30,0.13,0.30,0.43,0.13,0.43,Matches
,,,,,,,,,,,,,,,,,,,,,,,,,,,,,,,,,,,
Koffi Djidji,ci CIV,DF,Torino,29,1992,34,26,"2,424",26.9,1,0,1,1,0,0,3,0,0.9,0.9,0.1,1.1,11,83,13,0.04,0.00,0.04,0.04,0.04,0.04,0.00,0.04,0.04,0.04,Matches
Berat Djimsiti,al ALB,DF,Atalanta,29,1993,24,20,"1,797",20.0,0,1,1,0,0,0,3,0,0.6,0.6,0.2,0.8,7,45,9,0.00,0.05,0.05,0.00,0.05,0.03,0.01,0.04,0.03,0.04,Matches
Dodô,br BRA,DF,Fiorentina,23,1998,33,28,"2,331",25.9,1,3,4,1,0,0,5,1,0.7,0.7,2.2,2.9,72,141,104,0.04,0.12,0.15,0.04,0.15,0.03,0.09,0.11,0.03,0.11,Matches
Josh Doig,sct SCO,DF,Hellas Verona,20,2002,22,15,"1,354",15.0,2,3,5,2,0,0,1,0,1.8,1.8,1.2,3.0,41,27,61,0.13,0.20,0.33,0.13,0.33,0.12,0.08,0.20,0.12,0.20,Matches
Nicolás Domínguez,ar ARG,MF,Bologna,24,1998,31,26,"2,300",25.6,3,2,5,3,0,0,10,0,2.6,2.6,2.9,5.4,39,147,84,0.12,0.08,0.20,0.12,0.20,0.10,0.11,0.21,0.10,0.21,Matches
Giulio Donati,it ITA,DF,Monza,32,1990,8,4,422,4.7,1,0,1,1,0,0,4,2,0.4,0.4,0.1,0.5,4,21,8,0.21,0.00,0.21,0.21,0.21,0.08,0.02,0.11,0.08,0.11,Matches
Bartłomiej Drągowski,pl POL,GK,Spezia,24,1997,34,34,"2,946",32.7,0,1,1,0,0,0,1,0,0.0,0.0,0.1,0.1,0,0,0,0.00,0.03,0.03,0.00,0.03,0.00,0.00,0.00,0.00,0.00,Matches
Ondrej Duda,sk SVK,MF,Hellas Verona,27,1994,15,11,"1,061",11.8,0,0,0,0,0,0,4,0,0.8,0.8,0.3,1.1,15,44,22,0.00,0.00,0.00,0.00,0.00,0.07,0.03,0.10,0.07,0.10,Matches
Denzel Dumfries,nl NED,DF,Inter,26,1996,34,25,"2,218",24.6,1,4,5,1,0,0,4,0,3.6,3.6,4.9,8.5,62,59,172,0.04,0.16,0.20,0.04,0.20,0.15,0.20,0.35,0.15,0.35,Matches
Alfred Duncan,gh GHA,MF,Fiorentina,29,1993,25,13,"1,103",12.3,1,0,1,1,0,0,3,0,0.5,0.5,0.6,1.1,18,70,30,0.08,0.00,0.08,0.08,0.08,0.04,0.05,0.09,0.04,0.09,Matches
Paulo Dybala,ar ARG,"MF,FW",Roma,28,1993,25,21,"1,739",19.3,12,6,18,7,5,5,5,0,9.3,5.3,6.9,12.2,56,75,109,0.62,0.31,0.93,0.36,0.67,0.48,0.36,0.83,0.28,0.63,Matches
Edin Džeko,ba BIH,FW,Inter,36,1986,33,18,"1,732",19.2,9,3,12,9,0,0,3,0,9.7,9.7,3.2,13.0,32,67,150,0.47,0.16,0.62,0.47,0.62,0.50,0.17,0.67,0.50,0.67,Matches
Festy Ebosele,ie IRL,DF,Udinese,19,2002,17,4,411,4.6,0,1,1,0,0,0,4,0,0.2,0.2,0.9,1.1,27,17,22,0.00,0.22,0.22,0.00,0.22,0.04,0.19,0.24,0.04,0.24,Matches
Enzo Ebosse,cm CMR,DF,Udinese,23,1999,20,9,930,10.3,0,0,0,0,0,0,3,0,0.1,0.1,0.0,0.1,11,51,20,0.00,0.00,0.00,0.00,0.00,0.01,0.00,0.01,0.01,0.01,Matches
Tyronne Ebuehi,ng NGA,DF,Empoli,26,1995,26,22,"1,923",21.4,2,4,6,2,0,0,0,0,3.1,3.1,1.9,5.0,31,41,42,0.09,0.19,0.28,0.09,0.28,0.14,0.09,0.23,0.14,0.23,Matches
Éderson,br BRA,MF,Atalanta,23,1999,35,25,"2,215",24.6,1,1,2,1,0,0,4,0,2.0,2.0,2.3,4.2,37,93,62,0.04,0.04,0.08,0.04,0.08,0.08,0.09,0.17,0.08,0.17,Matches
Kingsley Ehizibue,nl NED,DF,Udinese,27,1995,27,16,"1,535",17.1,2,0,2,2,0,0,7,0,2.0,2.0,0.9,3.0,29,40,69,0.12,0.00,0.12,0.12,0.12,0.12,0.06,0.17,0.12,0.17,Matches
Albin Ekdal,se SWE,MF,Spezia,33,1989,31,18,"1,734",19.3,0,2,2,0,0,0,6,1,2.9,2.9,1.6,4.4,15,80,35,0.00,0.10,0.10,0.00,0.10,0.15,0.08,0.23,0.15,0.23,Matches
Emmanuel Ekong,se SWE,"FW,MF",Empoli,20,2002,2,0,20,0.2,0,0,0,0,0,0,0,0,0.0,0.0,0.0,0.0,1,0,1,0.00,0.00,0.00,0.00,0.00,0.20,0.00,0.20,0.20,0.20,Matches
Mikael Ellertsson,is ISL,"MF,DF",Spezia,20,2002,11,1,171,1.9,0,0,0,0,0,0,3,0,0.1,0.1,0.0,0.2,3,3,4,0.00,0.00,0.00,0.00,0.00,0.07,0.01,0.08,0.07,0.08,Matches
Elif Elmas,mk MKD,"FW,MF",Napoli,22,1999,36,14,"1,627",18.1,6,3,9,5,1,1,5,0,4.0,3.3,1.9,5.2,42,73,103,0.33,0.17,0.50,0.28,0.44,0.22,0.11,0.33,0.18,0.29,Matches
Martin Erlic,hr CRO,DF,Sassuolo,24,1998,28,26,"2,330",25.9,0,0,0,0,0,0,2,0,0.5,0.5,0.2,0.7,7,65,1,0.00,0.00,0.00,0.00,0.00,0.02,0.01,0.03,0.02,0.03,Matches
Gonzalo Escalante,ar ARG,MF,Cremonese,29,1993,9,7,555,6.2,0,1,1,0,0,0,0,1,0.2,0.2,0.2,0.4,3,30,8,0.00,0.16,0.16,0.00,0.16,0.03,0.04,0.07,0.03,0.07,Matches
Salvatore Esposito,it ITA,MF,Spezia,21,2000,15,10,971,10.8,1,0,1,1,0,0,5,1,0.7,0.7,1.5,2.2,4,51,11,0.09,0.00,0.09,0.09,0.09,0.06,0.14,0.21,0.06,0.21,Matches
Nicolò Fagioli,it ITA,MF,Juventus,21,2001,26,17,"1,520",16.9,3,3,6,3,0,0,3,0,1.5,1.5,1.3,2.8,27,56,56,0.18,0.18,0.36,0.18,0.36,0.09,0.08,0.17,0.09,0.17,Matches
,,,,,,,,,,,,,,,,,,,,,,,,,,,,,,,,,,,
Wladimiro Falcone,it ITA,GK,Lecce,27,1995,38,38,"3,420",38.0,0,0,0,0,0,0,2,0,0.0,0.0,0.2,0.2,0,0,0,0.00,0.00,0.00,0.00,0.00,0.00,0.01,0.01,0.00,0.01,Matches
Davide Faraoni,it ITA,DF,Hellas Verona,30,1991,23,19,"1,485",16.5,2,3,5,2,0,0,7,0,2.7,2.7,1.0,3.7,11,54,33,0.12,0.18,0.30,0.12,0.30,0.17,0.06,0.23,0.17,0.23,Matches
Federico Fazio,ar ARG,DF,Salernitana,35,1987,14,12,"1,074",11.9,1,0,1,1,0,0,2,1,0.7,0.7,0.1,0.8,13,40,4,0.08,0.00,0.08,0.08,0.08,0.06,0.01,0.07,0.06,0.07,Matches
Jacopo Fazzini,it ITA,MF,Empoli,19,2003,21,8,825,9.2,0,0,0,0,0,0,4,0,1.0,1.0,0.9,1.9,11,21,40,0.00,0.00,0.00,0.00,0.00,0.11,0.09,0.20,0.11,0.20,Matches
Lewis Ferguson,sct SCO,"MF,FW",Bologna,22,1999,32,27,"2,314",25.7,7,0,7,7,0,0,4,0,4.7,4.7,1.0,5.7,31,88,114,0.27,0.00,0.27,0.27,0.27,0.18,0.04,0.22,0.18,0.22,Matches
Alex Ferrari,it ITA,DF,Sampdoria,28,1994,12,10,868,9.6,0,0,0,0,0,0,3,0,0.2,0.2,0.4,0.5,7,25,3,0.00,0.00,0.00,0.00,0.00,0.02,0.04,0.06,0.02,0.06,Matches
Alex Ferrari,it ITA,DF,Cremonese,28,1994,16,13,"1,007",11.2,0,0,0,0,0,0,3,0,0.0,0.0,0.1,0.1,2,27,5,0.00,0.00,0.00,0.00,0.00,0.00,0.01,0.01,0.00,0.01,Matches
Salvador Ferrer,es ESP,DF,Spezia,24,1998,5,0,136,1.5,0,0,0,0,0,0,0,0,0.0,0.0,0.0,0.0,0,1,2,0.00,0.00,0.00,0.00,0.00,0.00,0.02,0.02,0.00,0.02,Matches
Vincenzo Fiorillo,it ITA,GK,Salernitana,32,1990,1,1,90,1.0,0,0,0,0,0,0,0,0,0.0,0.0,0.0,0.0,0,0,0,0.00,0.00,0.00,0.00,0.00,0.00,0.00,0.00,0.00,0.00,Matches
Alessandro Florenzi,it ITA,DF,Milan,31,1991,6,2,203,2.3,0,0,0,0,0,0,1,0,0.8,0.8,0.5,1.2,1,10,19,0.00,0.00,0.00,0.00,0.00,0.34,0.21,0.54,0.34,0.54,Matches
Davide Frattesi,it ITA,MF,Sassuolo,22,1999,36,35,"2,873",31.9,7,0,7,7,0,0,4,0,7.8,7.8,1.9,9.7,73,137,94,0.22,0.00,0.22,0.22,0.22,0.24,0.06,0.30,0.24,0.30,Matches
Matteo Gabbia,it ITA,DF,Milan,22,1999,12,6,613,6.8,0,0,0,0,0,0,2,0,0.0,0.0,0.0,0.0,1,15,1,0.00,0.00,0.00,0.00,0.00,0.01,0.00,0.01,0.01,0.01,Matches
Manolo Gabbiadini,it ITA,"FW,MF",Sampdoria,30,1991,35,27,"2,354",26.2,7,2,9,7,0,0,6,0,7.4,7.4,4.5,11.9,32,55,111,0.27,0.08,0.34,0.27,0.34,0.28,0.17,0.45,0.28,0.45,Matches
Gianluca Gaetano,it ITA,MF,Napoli,22,2000,8,0,76,0.8,1,1,2,1,0,0,0,0,1.1,1.1,0.2,1.2,4,4,9,1.18,1.18,2.37,1.18,2.37,1.42,0.22,1.64,1.42,1.64,Matches
Roberto Gagliardini,it ITA,MF,Inter,28,1994,19,7,783,8.7,0,0,0,0,0,0,5,1,0.9,0.9,0.3,1.1,20,39,22,0.00,0.00,0.00,0.00,0.00,0.10,0.03,0.13,0.10,0.13,Matches
Adolfo Gaich,ar ARG,FW,Hellas Verona,23,1999,16,8,726,8.1,2,0,2,2,0,0,2,0,2.5,2.5,0.4,2.9,6,11,33,0.25,0.00,0.25,0.25,0.25,0.31,0.05,0.36,0.31,0.36,Matches
Pablo Galdames Millán,cl CHI,MF,Cremonese,25,1996,13,10,734,8.2,1,2,3,1,0,0,2,0,0.3,0.3,1.1,1.4,5,33,17,0.12,0.25,0.37,0.12,0.37,0.04,0.13,0.17,0.04,0.17,Matches
Antonino Gallo,it ITA,DF,Lecce,22,2000,32,28,"2,486",27.6,0,1,1,0,0,0,5,1,0.6,0.6,1.9,2.6,71,154,65,0.00,0.04,0.04,0.00,0.04,0.02,0.07,0.09,0.02,0.09,Matches
Federico Gatti,it ITA,DF,Juventus,24,1998,18,16,"1,448",16.1,0,0,0,0,0,0,4,0,0.6,0.6,1.5,2.0,18,56,13,0.00,0.00,0.00,0.00,0.00,0.03,0.09,0.13,0.03,0.13,Matches
Valentin Gendrey,fr FRA,DF,Lecce,22,2000,37,35,"3,101",34.5,0,2,2,0,0,0,4,0,0.6,0.6,2.9,3.5,47,112,107,0.00,0.06,0.06,0.00,0.06,0.02,0.08,0.10,0.02,0.10,Matches
Paolo Ghiglione,it ITA,DF,Cremonese,25,1997,15,8,711,7.9,1,1,2,1,0,0,4,0,0.8,0.8,0.6,1.5,5,19,35,0.13,0.13,0.25,0.13,0.25,0.10,0.08,0.18,0.10,0.18,Matches
Mario Gila,es ESP,DF,Lazio,21,2000,4,0,90,1.0,0,0,0,0,0,0,0,0,0.0,0.0,0.0,0.0,1,6,2,0.00,0.00,0.00,0.00,0.00,0.00,0.00,0.00,0.00,0.00,Matches
Gvidas Gineitis,lt LTU,MF,Torino,18,2004,3,2,136,1.5,0,0,0,0,0,0,2,0,0.0,0.0,0.0,0.0,3,6,7,0.00,0.00,0.00,0.00,0.00,0.01,0.00,0.01,0.01,0.01,Matches
Olivier Giroud,fr FRA,FW,Milan,35,1986,33,25,"2,139",23.8,13,5,18,10,3,3,8,1,12.7,10.4,4.0,14.4,12,36,152,0.55,0.21,0.76,0.42,0.63,0.53,0.17,0.70,0.44,0.61,Matches
Pierluigi Gollini,it ITA,GK,Fiorentina,27,1995,3,3,270,3.0,0,0,0,0,0,0,0,0,0.0,0.0,0.0,0.0,0,0,0,0.00,0.00,0.00,0.00,0.00,0.00,0.00,0.00,0.00,0.00,Matches
,,,,,,,,,,,,,,,,,,,,,,,,,,,,,,,,,,,
Pierluigi Gollini,it ITA,GK,Napoli,27,1995,4,4,360,4.0,0,0,0,0,0,0,0,0,0.0,0.0,0.0,0.0,0,0,0,0.00,0.00,0.00,0.00,0.00,0.00,0.00,0.00,0.00,0.00,Matches
Joan Gonzàlez,es ESP,MF,Lecce,20,2002,35,26,"2,197",24.4,1,3,4,1,0,0,8,0,1.5,1.5,1.3,2.8,18,71,67,0.04,0.12,0.16,0.04,0.16,0.06,0.05,0.11,0.06,0.11,Matches
Nicolás González,ar ARG,"FW,MF",Fiorentina,24,1998,24,13,"1,354",15.0,6,1,7,4,2,2,3,0,6.7,5.4,1.3,6.7,37,70,112,0.40,0.07,0.47,0.27,0.33,0.45,0.09,0.53,0.36,0.45,Matches
Robin Gosens,de GER,DF,Inter,28,1994,32,11,"1,184",13.2,3,0,3,3,0,0,2,0,3.0,3.0,2.4,5.3,29,41,102,0.23,0.00,0.23,0.23,0.23,0.23,0.18,0.41,0.23,0.41,Matches
Alberto Grassi,it ITA,MF,Empoli,27,1995,25,14,"1,194",13.3,0,0,0,0,0,0,3,0,0.6,0.6,0.4,0.9,5,50,10,0.00,0.00,0.00,0.00,0.00,0.04,0.03,0.07,0.04,0.07,Matches
Andrew Gravillon,gp GLP,DF,Torino,24,1998,7,4,312,3.5,0,0,0,0,0,0,2,0,0.0,0.0,0.0,0.0,1,9,0,0.00,0.00,0.00,0.00,0.00,0.00,0.00,0.00,0.00,0.00,Matches
Axel Guessand,fr FRA,DF,Udinese,17,2004,1,1,79,0.9,0,0,0,0,0,0,0,0,0.0,0.0,0.0,0.0,0,0,0,0.00,0.00,0.00,0.00,0.00,0.00,0.00,0.00,0.00,0.00,Matches
Koray Günter,de GER,DF,Hellas Verona,27,1994,13,11,"1,003",11.1,1,0,1,1,0,0,3,0,0.9,0.9,0.9,1.9,7,36,3,0.09,0.00,0.09,0.09,0.09,0.08,0.08,0.17,0.08,0.17,Matches
Koray Günter,de GER,DF,Sampdoria,27,1994,10,8,776,8.6,0,0,0,0,0,0,2,0,0.1,0.1,0.2,0.3,4,21,2,0.00,0.00,0.00,0.00,0.00,0.01,0.02,0.03,0.01,0.03,Matches
Emmanuel Gyasi,gh GHA,"FW,DF",Spezia,28,1994,35,35,"2,810",31.2,2,0,2,2,0,0,10,0,4.0,4.0,1.9,5.9,35,52,154,0.06,0.00,0.06,0.06,0.06,0.13,0.06,0.19,0.13,0.19,Matches
Norbert Gyömbér,sk SVK,DF,Salernitana,30,1992,27,23,"1,740",19.3,0,1,1,0,0,0,5,0,0.7,0.7,0.6,1.4,5,45,2,0.00,0.05,0.05,0.00,0.05,0.04,0.03,0.07,0.04,0.07,Matches
Christian Gytkjær,dk DEN,"FW,MF",Monza,32,1990,22,3,559,6.2,1,0,1,1,0,1,0,0,3.9,3.1,0.3,3.4,1,6,32,0.16,0.00,0.16,0.16,0.16,0.63,0.05,0.68,0.51,0.55,Matches
Nicolas Haas,ch SUI,MF,Empoli,26,1996,24,12,"1,156",12.8,1,1,2,1,0,0,2,0,1.2,1.2,0.9,2.1,10,36,23,0.08,0.08,0.16,0.08,0.16,0.09,0.07,0.16,0.09,0.16,Matches
Samir Handanović,si SVN,GK,Inter,38,1984,14,14,"1,234",13.7,0,0,0,0,0,0,0,0,0.0,0.0,0.0,0.0,0,0,0,0.00,0.00,0.00,0.00,0.00,0.00,0.00,0.00,0.00,0.00,Matches
Abdou Harroui,nl NED,MF,Sassuolo,24,1998,23,5,647,7.2,2,0,2,2,0,0,2,0,1.5,1.5,0.3,1.8,21,36,32,0.28,0.00,0.28,0.28,0.28,0.20,0.05,0.25,0.20,0.25,Matches
Hans Hateboer,nl NED,DF,Atalanta,28,1994,17,17,"1,397",15.5,1,1,2,1,0,0,7,0,1.3,1.3,1.5,2.8,16,55,73,0.06,0.06,0.13,0.06,0.13,0.09,0.10,0.18,0.09,0.18,Matches
Liam Henderson,sct SCO,MF,Empoli,26,1996,25,11,"1,007",11.2,0,1,1,0,0,0,9,0,0.5,0.5,1.4,1.9,11,38,38,0.00,0.09,0.09,0.00,0.09,0.04,0.12,0.17,0.04,0.17,Matches
Jack Hendry,sct SCO,DF,Cremonese,27,1995,4,2,220,2.4,0,0,0,0,0,0,1,0,0.0,0.0,0.0,0.0,1,9,0,0.00,0.00,0.00,0.00,0.00,0.00,0.01,0.01,0.00,0.01,Matches
Matheus Henrique,br BRA,MF,Sassuolo,24,1997,30,21,"1,947",21.6,4,1,5,4,0,0,4,0,2.9,2.9,1.8,4.6,40,116,68,0.18,0.05,0.23,0.18,0.23,0.13,0.08,0.21,0.13,0.21,Matches
Thomas Henry,fr FRA,FW,Hellas Verona,27,1994,16,13,"1,030",11.4,2,0,2,2,0,0,4,0,1.7,1.7,1.1,2.8,3,18,58,0.17,0.00,0.17,0.17,0.17,0.15,0.09,0.24,0.15,0.24,Matches
Theo Hernández,fr FRA,DF,Milan,24,1997,32,32,"2,771",30.8,4,3,7,3,1,1,7,0,4.1,3.3,3.3,6.6,108,128,146,0.13,0.10,0.23,0.10,0.19,0.13,0.11,0.24,0.11,0.21,Matches
Isak Hien,se SWE,DF,Hellas Verona,23,1999,32,28,"2,607",29.0,0,0,0,0,0,0,9,0,0.3,0.3,0.1,0.4,17,54,2,0.00,0.00,0.00,0.00,0.00,0.01,0.00,0.01,0.01,0.01,Matches
Morten Hjulmand,dk DEN,MF,Lecce,23,1999,35,34,"2,962",32.9,0,4,4,0,0,0,9,1,0.6,0.6,2.1,2.7,9,159,16,0.00,0.12,0.12,0.00,0.12,0.02,0.06,0.08,0.02,0.08,Matches
Emil Holm,se SWE,DF,Spezia,22,2000,20,17,"1,393",15.5,1,1,2,1,0,0,4,0,1.2,1.2,1.3,2.5,41,40,82,0.06,0.06,0.13,0.06,0.13,0.08,0.08,0.16,0.08,0.16,Matches
Martin Hongla,cm CMR,MF,Hellas Verona,24,1998,9,6,523,5.8,0,0,0,0,0,0,4,0,0.2,0.2,0.3,0.5,6,24,10,0.00,0.00,0.00,0.00,0.00,0.03,0.05,0.08,0.03,0.08,Matches
,,,,,,,,,,,,,,,,,,,,,,,,,,,,,,,,,,,
Petko Hristov,bg BUL,DF,Spezia,23,1999,9,4,365,4.1,0,0,0,0,0,0,0,0,0.1,0.1,0.0,0.1,2,8,3,0.00,0.00,0.00,0.00,0.00,0.02,0.00,0.02,0.02,0.02,Matches
Ajdin Hrustic,au AUS,MF,Hellas Verona,26,1996,6,3,226,2.5,0,0,0,0,0,0,0,0,0.3,0.3,0.6,0.9,7,8,12,0.00,0.00,0.00,0.00,0.00,0.13,0.24,0.37,0.13,0.37,Matches
Elseid Hysaj,al ALB,DF,Lazio,28,1994,34,22,"1,998",22.2,1,1,2,1,0,0,3,0,0.2,0.2,1.1,1.3,36,103,60,0.05,0.05,0.09,0.05,0.09,0.01,0.05,0.06,0.01,0.06,Matches
Rasmus Højlund,dk DEN,FW,Atalanta,19,2003,32,20,"1,834",20.4,9,2,11,9,0,0,1,0,9.5,9.5,2.4,11.8,40,37,224,0.44,0.10,0.54,0.44,0.54,0.47,0.12,0.58,0.47,0.58,Matches
Roger Ibanez,br BRA,DF,Roma,23,1998,33,32,"2,796",31.1,3,0,3,3,0,0,11,1,3.0,3.0,0.6,3.5,24,77,9,0.10,0.00,0.10,0.10,0.10,0.10,0.02,0.11,0.10,0.11,Matches
Zlatan Ibrahimović,se SWE,FW,Milan,40,1981,4,1,146,1.6,1,0,1,0,1,1,0,0,1.2,0.4,0.2,0.6,0,4,10,0.62,0.00,0.62,0.00,0.00,0.72,0.11,0.84,0.24,0.35,Matches
Antonio Iervolino,it ITA,MF,Salernitana,19,2003,1,0,5,0.1,0,0,0,0,0,0,0,0,0.0,0.0,0.0,0.0,0,2,2,0.00,0.00,0.00,0.00,0.00,0.00,0.00,0.00,0.00,0.00,Matches
Igor,br BRA,DF,Fiorentina,24,1998,27,23,"2,057",22.9,0,0,0,0,0,0,10,1,0.5,0.5,0.2,0.8,19,76,2,0.00,0.00,0.00,0.00,0.00,0.02,0.01,0.03,0.02,0.03,Matches
Jonathan Ikone,fr FRA,FW,Fiorentina,24,1998,33,24,"2,007",22.3,4,4,8,4,0,0,4,0,4.1,4.1,3.7,7.8,83,67,178,0.18,0.18,0.36,0.18,0.36,0.18,0.17,0.35,0.18,0.35,Matches
Ivan Ilić,rs SRB,MF,Hellas Verona,21,2001,11,10,851,9.5,0,1,1,0,0,0,1,0,0.4,0.4,1.0,1.4,18,39,20,0.00,0.11,0.11,0.00,0.11,0.04,0.10,0.14,0.04,0.14,Matches
Ivan Ilić,rs SRB,MF,Torino,21,2001,14,13,"1,177",13.1,2,2,4,2,0,0,3,0,0.2,0.2,1.1,1.3,29,66,28,0.15,0.15,0.31,0.15,0.31,0.02,0.08,0.10,0.02,0.10,Matches
Samuel Iling-Junior,eng ENG,"DF,FW",Juventus,18,2003,12,1,318,3.5,1,1,2,1,0,0,1,0,0.7,0.7,0.2,1.0,11,18,36,0.28,0.28,0.57,0.28,0.57,0.21,0.07,0.28,0.21,0.28,Matches
Emirhan İlkhan,tr TUR,MF,Torino,18,2004,4,1,87,1.0,0,0,0,0,0,0,1,0,0.0,0.0,0.1,0.1,2,8,3,0.00,0.00,0.00,0.00,0.00,0.05,0.10,0.14,0.05,0.14,Matches
Emirhan İlkhan,tr TUR,MF,Sampdoria,18,2004,8,0,113,1.3,0,0,0,0,0,0,0,0,0.0,0.0,0.1,0.1,1,5,8,0.00,0.00,0.00,0.00,0.00,0.02,0.05,0.08,0.02,0.08,Matches
Ciro Immobile,it ITA,FW,Lazio,32,1990,31,27,"2,219",24.7,12,5,17,8,4,5,3,0,14.2,10.3,1.9,12.2,40,43,174,0.49,0.20,0.69,0.32,0.53,0.57,0.08,0.65,0.42,0.49,Matches
Ardian Ismajli,al ALB,DF,Empoli,25,1996,25,22,"2,094",23.3,0,0,0,0,0,0,3,0,0.7,0.7,0.3,1.0,10,42,0,0.00,0.00,0.00,0.00,0.00,0.03,0.01,0.04,0.03,0.04,Matches
Mihailo Ivanović,rs SRB,FW,Sampdoria,17,2004,1,0,4,0.0,0,0,0,0,0,0,0,0,0.0,0.0,0.0,0.0,0,0,0,0.00,0.00,0.00,0.00,0.00,0.00,0.00,0.00,0.00,0.00,Matches
Armando Izzo,it ITA,DF,Monza,30,1992,30,29,"2,466",27.4,1,0,1,1,0,0,10,0,2.1,2.1,0.9,3.1,22,96,29,0.04,0.00,0.04,0.04,0.04,0.08,0.03,0.11,0.08,0.11,Matches
Mato Jajalo,ba BIH,MF,Udinese,34,1988,3,0,63,0.7,0,0,0,0,0,0,0,0,0.0,0.0,0.0,0.1,0,4,1,0.00,0.00,0.00,0.00,0.00,0.07,0.07,0.14,0.07,0.14,Matches
Jesé,es ESP,FW,Sampdoria,29,1993,11,1,210,2.3,1,1,2,1,0,0,0,0,0.3,0.3,0.5,0.8,1,1,15,0.43,0.43,0.86,0.43,0.86,0.13,0.20,0.34,0.13,0.34,Matches
Juan Jesus,br BRA,DF,Napoli,31,1991,15,10,933,10.4,1,0,1,1,0,0,2,0,0.2,0.2,0.1,0.3,14,55,3,0.10,0.00,0.10,0.10,0.10,0.02,0.01,0.02,0.02,0.02,Matches
Þórir Jóhann Helgason,is ISL,MF,Lecce,21,2000,12,2,222,2.5,0,0,0,0,0,0,0,0,0.1,0.1,0.4,0.4,2,2,5,0.00,0.00,0.00,0.00,0.00,0.02,0.16,0.18,0.02,0.18,Matches
Luka Jović,rs SRB,"FW,MF",Fiorentina,24,1997,31,16,"1,534",17.0,6,3,9,6,0,1,3,0,7.9,7.1,1.5,8.6,8,28,75,0.35,0.18,0.53,0.35,0.53,0.46,0.09,0.55,0.42,0.51,Matches
Hamed Junior Traorè,ci CIV,"MF,FW",Sassuolo,22,2000,11,6,591,6.6,0,3,3,0,0,0,1,0,1.0,1.0,1.8,2.7,14,26,36,0.00,0.46,0.46,0.00,0.46,0.15,0.27,0.41,0.15,0.41,Matches
Yayah Kallon,sl SLE,"MF,FW",Hellas Verona,21,2001,22,8,860,9.6,1,1,2,1,0,0,1,0,1.7,1.7,1.5,3.2,33,22,64,0.10,0.10,0.21,0.10,0.21,0.17,0.16,0.33,0.17,0.33,Matches
,,,,,,,,,,,,,,,,,,,,,,,,,,,,,,,,,,,
Pierre Kalulu,fr FRA,DF,Milan,22,2000,34,26,"2,548",28.3,1,0,1,1,0,0,4,0,1.5,1.5,1.2,2.8,52,138,43,0.04,0.00,0.04,0.04,0.04,0.05,0.04,0.10,0.05,0.10,Matches
Yann Karamoh,fr FRA,"MF,FW",Torino,24,1998,21,7,716,8.0,4,0,4,4,0,0,2,0,3.3,3.3,0.7,4.0,27,12,74,0.50,0.00,0.50,0.50,0.50,0.41,0.09,0.50,0.41,0.50,Matches
Rick Karsdorp,nl NED,DF,Roma,27,1995,13,8,711,7.9,0,0,0,0,0,0,0,0,0.3,0.3,1.2,1.5,16,24,33,0.00,0.00,0.00,0.00,0.00,0.03,0.15,0.19,0.03,0.19,Matches
Denso Kasius,nl NED,DF,Bologna,19,2002,7,4,342,3.8,0,2,2,0,0,0,1,0,0.1,0.1,0.7,0.8,9,9,21,0.00,0.53,0.53,0.00,0.53,0.03,0.18,0.21,0.03,0.21,Matches
Grigoris Kastanos,cy CYP,"MF,DF",Salernitana,24,1998,28,13,"1,286",14.3,2,1,3,2,0,0,4,0,1.9,1.9,0.6,2.5,27,57,59,0.14,0.07,0.21,0.14,0.21,0.13,0.05,0.18,0.13,0.18,Matches
Moise Kean,it ITA,FW,Juventus,22,2000,28,11,995,11.1,6,0,6,6,0,0,5,1,6.3,6.3,1.1,7.4,30,13,76,0.54,0.00,0.54,0.54,0.54,0.57,0.10,0.67,0.57,0.67,Matches
Jakub Kiwior,pl POL,DF,Spezia,22,2000,17,17,"1,443",16.0,0,0,0,0,0,0,3,0,0.6,0.6,0.2,0.8,13,37,6,0.00,0.00,0.00,0.00,0.00,0.04,0.01,0.05,0.04,0.05,Matches
Simon Kjær,dk DEN,DF,Milan,33,1989,17,12,"1,007",11.2,0,0,0,0,0,0,4,0,0.0,0.0,0.0,0.0,3,45,1,0.00,0.00,0.00,0.00,0.00,0.00,0.00,0.00,0.00,0.00,Matches
Teun Koopmeiners,nl NED,MF,Atalanta,24,1998,33,32,"2,858",31.8,10,4,14,8,2,4,7,0,7.6,4.3,6.4,10.7,60,186,106,0.31,0.13,0.44,0.25,0.38,0.24,0.20,0.44,0.14,0.34,Matches
Filip Kostić,rs SRB,"DF,FW",Juventus,29,1992,37,33,"2,564",28.5,3,8,11,3,0,0,3,0,2.4,2.4,7.1,9.4,101,78,230,0.11,0.28,0.39,0.11,0.39,0.08,0.25,0.33,0.08,0.33,Matches
Christian Kouamé,ci CIV,FW,Fiorentina,24,1997,28,22,"1,866",20.7,4,4,8,4,0,0,5,0,5.3,5.3,3.7,9.0,50,54,203,0.19,0.19,0.39,0.19,0.39,0.26,0.18,0.43,0.26,0.43,Matches
Viktor Kovalenko,ua UKR,MF,Spezia,26,1996,18,7,548,6.1,0,0,0,0,0,0,1,0,1.6,1.6,0.6,2.2,4,22,28,0.00,0.00,0.00,0.00,0.00,0.26,0.09,0.36,0.26,0.36,Matches
Julian Kristoffersen,no NOR,FW,Salernitana,25,1997,1,0,18,0.2,0,0,0,0,0,0,0,0,0.0,0.0,0.0,0.0,0,0,2,0.00,0.00,0.00,0.00,0.00,0.00,0.00,0.00,0.00,0.00,Matches
Raimonds Krollis,lv LVA,"FW,DF",Spezia,20,2001,4,0,36,0.4,0,0,0,0,0,0,0,0,0.1,0.1,0.0,0.1,1,2,4,0.00,0.00,0.00,0.00,0.00,0.24,0.06,0.31,0.24,0.31,Matches
Rade Krunić,ba BIH,MF,Milan,28,1993,23,18,"1,657",18.4,0,1,1,0,0,0,8,0,1.1,1.1,1.1,2.2,31,73,21,0.00,0.05,0.05,0.00,0.05,0.06,0.06,0.12,0.06,0.12,Matches
Marash Kumbulla,al ALB,DF,Roma,22,2000,7,5,259,2.9,0,0,0,0,0,0,1,1,0.0,0.0,0.1,0.1,2,8,1,0.00,0.00,0.00,0.00,0.00,0.01,0.03,0.04,0.01,0.04,Matches
Khvicha Kvaratskhelia,ge GEO,FW,Napoli,21,2001,34,30,"2,518",28.0,12,10,22,10,2,2,1,0,8.2,6.6,7.7,14.2,139,91,291,0.43,0.36,0.79,0.36,0.71,0.29,0.27,0.56,0.23,0.51,Matches
Giorgos Kyriakopoulos,gr GRE,"DF,FW",Bologna,26,1996,12,8,704,7.8,0,2,2,0,0,0,2,0,0.2,0.2,0.8,1.0,21,23,50,0.00,0.26,0.26,0.00,0.26,0.03,0.10,0.13,0.03,0.13,Matches
Giorgos Kyriakopoulos,gr GRE,"FW,DF",Sassuolo,26,1996,12,9,766,8.5,1,1,2,1,0,0,3,0,1.1,1.1,1.4,2.5,17,32,46,0.12,0.12,0.23,0.12,0.23,0.13,0.17,0.29,0.13,0.29,Matches
Sam Lammers,nl NED,FW,Sampdoria,25,1997,19,13,"1,100",12.2,1,1,2,1,0,0,1,0,2.5,2.5,1.2,3.7,17,19,65,0.08,0.08,0.16,0.08,0.16,0.20,0.10,0.30,0.20,0.30,Matches
Sam Lammers,nl NED,FW,Empoli,25,1997,14,10,883,9.8,1,1,2,1,0,0,0,0,2.3,2.3,0.7,2.9,9,19,67,0.10,0.10,0.20,0.10,0.20,0.23,0.07,0.30,0.23,0.30,Matches
Kevin Lasagna,it ITA,"FW,MF",Hellas Verona,29,1992,26,17,"1,572",17.5,1,2,3,1,0,0,2,0,6.0,6.0,1.7,7.7,36,19,105,0.06,0.11,0.17,0.06,0.17,0.35,0.09,0.44,0.35,0.44,Matches
Armand Lauriente,fr FRA,FW,Sassuolo,23,1998,28,27,"2,175",24.2,7,6,13,6,1,1,10,1,4.7,3.9,6.2,10.1,127,90,263,0.29,0.25,0.54,0.25,0.50,0.19,0.26,0.45,0.16,0.42,Matches
Valentino Lazaro,at AUT,DF,Torino,26,1996,23,15,"1,373",15.3,0,3,3,0,0,0,4,0,0.4,0.4,2.7,3.1,44,74,84,0.00,0.20,0.20,0.00,0.20,0.03,0.18,0.21,0.03,0.21,Matches
Marko Lazetić,rs SRB,FW,Milan,18,2004,1,0,9,0.1,0,0,0,0,0,0,1,0,0.1,0.1,0.0,0.1,0,0,3,0.00,0.00,0.00,0.00,0.00,0.63,0.00,0.63,0.63,0.63,Matches
,,,,,,,,,,,,,,,,,,,,,,,,,,,,,,,,,,,
Darko Lazović,rs SRB,"MF,DF",Hellas Verona,31,1990,30,27,"2,242",24.9,4,5,9,4,0,0,0,0,3.6,3.6,6.4,10.0,72,81,167,0.16,0.20,0.36,0.16,0.36,0.14,0.26,0.40,0.14,0.40,Matches
Manuel Lazzari,it ITA,DF,Lazio,28,1993,28,22,"1,879",20.9,0,0,0,0,0,0,8,0,0.3,0.3,0.7,1.0,98,64,74,0.00,0.00,0.00,0.00,0.00,0.02,0.03,0.05,0.02,0.05,Matches
Rafael Leão,pt POR,"FW,MF",Milan,23,1999,35,28,"2,421",26.9,15,8,23,15,0,0,7,1,10.8,10.8,7.0,17.9,136,122,235,0.56,0.30,0.86,0.56,0.86,0.40,0.26,0.66,0.40,0.66,Matches
Mehdi Léris,dz ALG,"MF,DF",Sampdoria,24,1998,32,29,"2,460",27.3,1,1,2,1,0,0,13,0,3.4,3.4,1.8,5.2,56,62,165,0.04,0.04,0.07,0.04,0.07,0.13,0.07,0.19,0.13,0.19,Matches
Karol Linetty,pl POL,MF,Torino,27,1995,32,22,"1,886",21.0,1,0,1,1,0,0,8,0,1.0,1.0,0.9,1.9,27,73,32,0.05,0.00,0.05,0.05,0.05,0.05,0.04,0.09,0.05,0.09,Matches
Marcin Listkowski,pl POL,"MF,FW",Lecce,24,1998,5,0,77,0.9,0,0,0,0,0,0,0,0,0.1,0.1,0.0,0.1,6,1,4,0.00,0.00,0.00,0.00,0.00,0.06,0.00,0.06,0.06,0.06,Matches
Diego Llorente,es ESP,DF,Roma,28,1993,9,5,573,6.4,0,0,0,0,0,0,0,0,0.4,0.4,0.1,0.5,2,12,3,0.00,0.00,0.00,0.00,0.00,0.06,0.01,0.07,0.06,0.07,Matches
Stanislav Lobotka,sk SVK,MF,Napoli,27,1994,38,34,"3,101",34.5,1,1,2,1,0,0,2,0,0.6,0.6,1.0,1.6,51,172,39,0.03,0.03,0.06,0.03,0.06,0.02,0.03,0.05,0.02,0.05,Matches
Manuel Locatelli,it ITA,MF,Juventus,24,1998,32,29,"2,446",27.2,0,2,2,0,0,0,8,0,1.5,1.5,1.8,3.2,25,134,37,0.00,0.07,0.07,0.00,0.07,0.05,0.07,0.12,0.05,0.12,Matches
Luka Lochoshvili,ge GEO,DF,Cremonese,24,1998,25,22,"1,839",20.4,1,2,3,1,0,0,4,0,0.6,0.6,1.1,1.7,17,70,5,0.05,0.10,0.15,0.05,0.15,0.03,0.05,0.08,0.03,0.08,Matches
Ademola Lookman,ng NGA,"FW,MF",Atalanta,24,1997,31,20,"1,729",19.2,13,6,19,10,3,3,3,0,9.1,6.7,6.6,13.3,73,79,185,0.68,0.31,0.99,0.52,0.83,0.47,0.34,0.82,0.35,0.69,Matches
Maxime Lopez,fr FRA,MF,Sassuolo,24,1997,30,25,"2,296",25.5,0,0,0,0,0,0,11,0,1.0,1.0,2.1,3.1,54,210,40,0.00,0.00,0.00,0.00,0.00,0.04,0.08,0.12,0.04,0.12,Matches
Matteo Lovato,it ITA,DF,Salernitana,22,2000,17,8,814,9.0,0,0,0,0,0,0,2,0,0.0,0.0,0.0,0.0,1,8,1,0.00,0.00,0.00,0.00,0.00,0.00,0.00,0.00,0.00,0.00,Matches
Sandi Lovrić,si SVN,MF,Udinese,24,1998,37,28,"2,335",25.9,5,6,11,5,0,0,4,0,4.8,4.8,3.2,8.0,42,105,90,0.19,0.23,0.42,0.19,0.42,0.18,0.12,0.31,0.18,0.31,Matches
Hirving Lozano,mx MEX,FW,Napoli,27,1995,32,20,"1,605",17.8,3,3,6,2,1,1,3,0,5.4,4.6,3.3,7.9,86,49,190,0.17,0.17,0.34,0.11,0.28,0.30,0.19,0.49,0.26,0.45,Matches
Jhon Lucumí,co COL,DF,Bologna,24,1998,33,33,"2,900",32.2,0,1,1,0,0,0,8,0,0.7,0.7,0.4,1.0,37,84,6,0.00,0.03,0.03,0.00,0.03,0.02,0.01,0.03,0.02,0.03,Matches
José Luis Palomino,ar ARG,DF,Atalanta,32,1990,15,8,759,8.4,1,0,1,1,0,0,4,0,0.5,0.5,0.3,0.8,3,29,3,0.12,0.00,0.12,0.12,0.12,0.06,0.03,0.10,0.06,0.10,Matches
Romelu Lukaku,be BEL,FW,Inter,29,1993,25,19,"1,660",18.4,10,6,16,8,2,2,1,0,9.0,7.4,4.1,11.5,34,41,159,0.54,0.33,0.87,0.43,0.76,0.49,0.22,0.71,0.40,0.62,Matches
Saša Lukić,rs SRB,MF,Torino,25,1996,16,13,"1,195",13.3,2,0,2,1,1,1,4,0,1.7,0.9,1.4,2.3,26,44,33,0.15,0.00,0.15,0.08,0.08,0.13,0.11,0.23,0.07,0.18,Matches
Sebastiano Luperto,it ITA,DF,Empoli,25,1996,36,36,"3,135",34.8,2,0,2,2,0,0,4,2,1.2,1.2,0.6,1.9,13,72,3,0.06,0.00,0.06,0.06,0.06,0.04,0.02,0.05,0.04,0.05,Matches
Charalambos Lykogiannis,gr GRE,DF,Bologna,28,1993,21,11,"1,108",12.3,2,0,2,2,0,0,3,0,0.8,0.8,1.5,2.3,32,60,47,0.16,0.00,0.16,0.16,0.16,0.06,0.12,0.19,0.06,0.19,Matches
Giulio Maggiore,it ITA,MF,Salernitana,24,1998,16,11,894,9.9,0,0,0,0,0,0,2,0,0.5,0.5,0.5,0.9,7,53,13,0.00,0.00,0.00,0.00,0.00,0.05,0.05,0.10,0.05,0.10,Matches
Giangiacomo Magnani,it ITA,DF,Hellas Verona,26,1995,24,19,"1,532",17.0,0,1,1,0,0,0,7,1,0.5,0.5,0.2,0.7,5,32,5,0.00,0.06,0.06,0.00,0.06,0.03,0.01,0.04,0.03,0.04,Matches
Mike Maignan,fr FRA,GK,Milan,27,1995,22,22,"1,978",22.0,0,1,1,0,0,0,0,0,0.0,0.0,0.0,0.0,0,1,0,0.00,0.05,0.05,0.00,0.05,0.00,0.00,0.00,0.00,0.00,Matches
Jordan Majchrzak,pl POL,FW,Roma,17,2004,1,0,14,0.2,0,0,0,0,0,0,0,0,0.0,0.0,0.0,0.0,0,0,1,0.00,0.00,0.00,0.00,0.00,0.00,0.00,0.00,0.00,0.00,Matches
,,,,,,,,,,,,,,,,,,,,,,,,,,,,,,,,,,,
Jean-Victor Makengo,fr FRA,MF,Udinese,24,1998,16,11,805,8.9,0,1,1,0,0,0,2,0,0.4,0.4,0.5,0.8,18,36,31,0.00,0.11,0.11,0.00,0.11,0.04,0.05,0.09,0.04,0.09,Matches
Lorenzo Malagrida,it ITA,"MF,DF",Sampdoria,18,2003,6,0,109,1.2,0,0,0,0,0,0,2,0,0.2,0.2,0.1,0.3,1,4,10,0.00,0.00,0.00,0.00,0.00,0.12,0.09,0.21,0.12,0.21,Matches
Daniel Maldini,it ITA,"FW,MF",Spezia,20,2001,18,4,628,7.0,2,0,2,2,0,0,1,0,1.2,1.2,0.5,1.7,13,10,34,0.29,0.00,0.29,0.29,0.29,0.17,0.07,0.24,0.17,0.24,Matches
Youssef Maleh,ma MAR,MF,Fiorentina,23,1998,7,4,297,3.3,0,0,0,0,0,0,2,0,0.6,0.6,0.6,1.2,3,11,17,0.00,0.00,0.00,0.00,0.00,0.17,0.20,0.36,0.17,0.36,Matches
Youssef Maleh,ma MAR,MF,Lecce,23,1998,17,7,674,7.5,0,1,1,0,0,0,3,0,0.3,0.3,0.3,0.6,9,19,19,0.00,0.13,0.13,0.00,0.13,0.04,0.04,0.08,0.04,0.08,Matches
Ruslan Malinovskyi,ua UKR,"MF,FW",Atalanta,29,1993,15,5,553,6.1,1,2,3,1,0,0,2,0,0.6,0.6,2.0,2.6,19,50,36,0.16,0.33,0.49,0.16,0.49,0.10,0.33,0.43,0.10,0.43,Matches
Gianluca Mancini,it ITA,DF,Roma,26,1996,35,33,"2,858",31.8,1,2,3,1,0,0,7,0,2.3,2.3,1.6,3.9,17,93,19,0.03,0.06,0.09,0.03,0.09,0.07,0.05,0.12,0.07,0.12,Matches
Rolando Mandragora,it ITA,MF,Fiorentina,25,1997,29,22,"1,950",21.7,2,4,6,2,0,0,8,0,1.5,1.5,4.9,6.4,18,142,59,0.09,0.18,0.28,0.09,0.28,0.07,0.23,0.30,0.07,0.30,Matches
Federico Marchetti,it ITA,GK,Spezia,39,1983,1,0,66,0.7,0,0,0,0,0,0,0,1,0.0,0.0,0.0,0.0,0,0,0,0.00,0.00,0.00,0.00,0.00,0.00,0.00,0.00,0.00,0.00,Matches
Riccardo Marchizza,it ITA,DF,Sassuolo,24,1998,10,3,283,3.1,0,1,1,0,0,0,1,0,0.0,0.0,0.3,0.3,3,15,15,0.00,0.32,0.32,0.00,0.32,0.00,0.10,0.10,0.00,0.10,Matches
Gian Marco Ferrari,it ITA,DF,Sassuolo,30,1992,33,24,"2,223",24.7,1,0,1,1,0,0,5,0,1.2,1.2,0.4,1.6,11,101,4,0.04,0.00,0.04,0.04,0.04,0.05,0.02,0.07,0.05,0.07,Matches
Pablo Marí,es ESP,DF,Monza,28,1993,30,28,"2,487",27.6,1,0,1,1,0,0,4,0,0.6,0.6,0.3,1.0,6,57,3,0.04,0.00,0.04,0.04,0.04,0.02,0.01,0.04,0.02,0.04,Matches
Răzvan Marin,ro ROU,MF,Empoli,26,1996,33,28,"2,538",28.2,2,4,6,2,0,0,7,0,1.4,1.4,4.2,5.5,35,118,27,0.07,0.14,0.21,0.07,0.21,0.05,0.15,0.20,0.05,0.20,Matches
Marlon,br BRA,DF,Monza,26,1995,28,18,"1,592",17.7,0,0,0,0,0,0,7,1,0.3,0.2,0.3,0.6,19,63,12,0.00,0.00,0.00,0.00,0.00,0.01,0.02,0.03,0.01,0.03,Matches
Luca Marrone,it ITA,DF,Monza,32,1990,2,2,135,1.5,0,0,0,0,0,0,0,0,0.1,0.1,0.0,0.1,0,4,0,0.00,0.00,0.00,0.00,0.00,0.07,0.00,0.07,0.07,0.07,Matches
Lautaro Martínez,ar ARG,FW,Inter,24,1997,38,27,"2,576",28.6,21,6,27,20,1,2,3,0,18.1,16.5,5.4,21.9,49,83,172,0.73,0.21,0.94,0.70,0.91,0.63,0.19,0.82,0.58,0.76,Matches
Lucas Martínez Quarta,ar ARG,DF,Fiorentina,26,1996,27,25,"2,171",24.1,1,1,2,1,0,0,6,0,2.5,2.5,0.6,3.1,19,119,6,0.04,0.04,0.08,0.04,0.08,0.10,0.02,0.13,0.10,0.13,Matches
Adam Marušić,me MNE,DF,Lazio,29,1992,33,31,"2,760",30.7,0,2,2,0,0,0,8,1,0.7,0.7,1.1,1.8,38,116,43,0.00,0.07,0.07,0.00,0.07,0.02,0.03,0.06,0.02,0.06,Matches
Adam Masina,ma MAR,DF,Udinese,28,1994,14,8,789,8.8,2,0,2,2,0,0,2,0,0.1,0.1,0.2,0.3,4,24,6,0.23,0.00,0.23,0.23,0.23,0.01,0.02,0.03,0.01,0.03,Matches
Nemanja Matić,rs SRB,MF,Roma,33,1988,35,16,"1,852",20.6,2,2,4,2,0,0,5,0,1.0,1.0,2.6,3.6,50,134,17,0.10,0.10,0.19,0.10,0.19,0.05,0.13,0.17,0.05,0.17,Matches
Luís Maximiano,pt POR,GK,Lazio,23,1999,1,1,5,0.1,0,0,0,0,0,0,0,1,0.0,0.0,0.0,0.0,0,0,0,0.00,0.00,0.00,0.00,0.00,0.00,0.00,0.00,0.00,0.00,Matches
Pasquale Mazzocchi,it ITA,DF,Salernitana,27,1995,27,23,"1,958",21.8,2,3,5,2,0,0,2,0,1.3,1.3,2.6,3.9,70,60,102,0.09,0.14,0.23,0.09,0.23,0.06,0.12,0.18,0.06,0.18,Matches
Weston McKennie,us USA,"MF,DF",Juventus,23,1998,15,13,"1,052",11.7,1,1,2,1,0,0,0,0,0.9,0.9,0.7,1.6,19,39,54,0.09,0.09,0.17,0.09,0.17,0.08,0.06,0.14,0.08,0.14,Matches
Gary Medel,cl CHI,"MF,DF",Bologna,34,1987,29,17,"1,478",16.4,0,1,1,0,0,0,5,0,0.1,0.1,0.4,0.5,1,58,5,0.00,0.06,0.06,0.00,0.06,0.00,0.02,0.03,0.00,0.03,Matches
Soualiho Meïté,fr FRA,MF,Cremonese,28,1994,31,28,"2,366",26.3,0,2,2,0,0,0,5,0,0.5,0.5,0.7,1.2,26,82,22,0.00,0.08,0.08,0.00,0.08,0.02,0.03,0.04,0.02,0.04,Matches
,,,,,,,,,,,,,,,,,,,,,,,,,,,,,,,,,,,
Alex Meret,it ITA,GK,Napoli,25,1997,34,34,"3,060",34.0,0,0,0,0,0,0,0,0,0.0,0.0,0.0,0.0,0,0,0,0.00,0.00,0.00,0.00,0.00,0.00,0.00,0.00,0.00,0.00,Matches
Yıldırım Mert Çetin,tr TUR,DF,Lecce,25,1997,1,1,20,0.2,0,0,0,0,0,0,0,0,0.0,0.0,0.0,0.0,0,0,0,0.00,0.00,0.00,0.00,0.00,0.00,0.00,0.00,0.00,0.00,Matches
Junior Messias,br BRA,"FW,DF",Milan,31,1991,25,19,"1,498",16.6,5,2,7,5,0,0,3,0,2.3,2.3,0.8,3.0,45,54,137,0.30,0.12,0.42,0.30,0.42,0.14,0.05,0.18,0.14,0.18,Matches
Tommaso Milanese,it ITA,MF,Cremonese,20,2002,2,0,27,0.3,0,0,0,0,0,0,0,0,0.0,0.0,0.2,0.2,2,2,1,0.00,0.00,0.00,0.00,0.00,0.00,0.63,0.63,0.00,0.63,Matches
Nikola Milenković,rs SRB,DF,Fiorentina,24,1997,27,23,"2,137",23.7,2,1,3,2,0,0,4,0,1.9,1.9,0.5,2.4,9,78,3,0.08,0.04,0.13,0.08,0.13,0.08,0.02,0.10,0.08,0.10,Matches
Arkadiusz Milik,pl POL,FW,Juventus,28,1994,27,17,"1,586",17.6,7,1,8,7,0,1,3,1,6.5,5.7,2.1,7.7,10,34,85,0.40,0.06,0.45,0.40,0.45,0.37,0.12,0.49,0.32,0.44,Matches
Sergej Milinković-Savić,rs SRB,MF,Lazio,27,1995,36,34,"3,022",33.6,9,8,17,9,0,0,10,0,6.8,6.8,7.1,13.9,47,166,129,0.27,0.24,0.51,0.27,0.51,0.20,0.21,0.41,0.20,0.41,Matches
Vanja Milinković-Savić,rs SRB,GK,Torino,25,1997,38,38,"3,420",38.0,0,0,0,0,0,0,4,0,0.0,0.0,0.5,0.5,0,0,0,0.00,0.00,0.00,0.00,0.00,0.00,0.01,0.01,0.00,0.01,Matches
Kim Min-jae,kr KOR,DF,Napoli,25,1996,35,35,"3,050",33.9,2,2,4,2,0,0,5,0,1.0,1.0,1.9,2.9,42,169,8,0.06,0.06,0.12,0.06,0.12,0.03,0.06,0.09,0.03,0.09,Matches
Aleksei Miranchuk,ru RUS,MF,Torino,26,1995,29,24,"2,089",23.2,4,5,9,4,0,0,0,0,2.9,2.9,4.2,7.1,47,99,105,0.17,0.22,0.39,0.17,0.39,0.12,0.18,0.30,0.12,0.30,Matches
Antonio Mirante,it ITA,GK,Milan,39,1983,1,0,2,0.0,0,0,0,0,0,0,0,0,0.0,0.0,0.0,0.0,0,0,0,0.00,0.00,0.00,0.00,0.00,0.00,0.00,0.00,0.00,0.00,Matches
Fabio Miretti,it ITA,"MF,FW",Juventus,18,2003,27,14,"1,234",13.7,0,2,2,0,0,0,2,0,2.4,2.4,1.3,3.8,33,60,85,0.00,0.15,0.15,0.00,0.15,0.18,0.10,0.27,0.18,0.27,Matches
Filippo Missori,it ITA,DF,Roma,18,2004,3,2,181,2.0,0,0,0,0,0,0,1,0,0.0,0.0,0.0,0.0,1,0,3,0.00,0.00,0.00,0.00,0.00,0.00,0.00,0.00,0.00,0.00,Matches
Henrikh Mkhitaryan,am ARM,MF,Inter,33,1989,31,24,"1,986",22.1,3,2,5,3,0,0,4,0,2.8,2.8,2.1,4.9,48,133,74,0.14,0.09,0.23,0.14,0.23,0.13,0.10,0.22,0.13,0.22,Matches
Salvatore Molina,it ITA,DF,Monza,30,1992,5,1,229,2.5,0,0,0,0,0,0,1,0,0.0,0.0,0.1,0.1,9,7,22,0.00,0.00,0.00,0.00,0.00,0.02,0.04,0.05,0.02,0.05,Matches
Daniele Montevago,it ITA,FW,Sampdoria,19,2003,6,3,231,2.6,0,0,0,0,0,0,1,0,0.5,0.5,0.2,0.7,1,0,10,0.00,0.00,0.00,0.00,0.00,0.19,0.09,0.28,0.19,0.28,Matches
Lorenzo Montipò,it ITA,GK,Hellas Verona,26,1996,37,37,"3,330",37.0,0,0,0,0,0,0,1,0,0.0,0.0,0.0,0.0,0,0,0,0.00,0.00,0.00,0.00,0.00,0.00,0.00,0.00,0.00,0.00,Matches
Nikola Moro,hr CRO,MF,Bologna,24,1998,26,12,"1,226",13.6,1,5,6,1,0,0,1,0,0.8,0.8,2.2,3.0,24,102,35,0.07,0.37,0.44,0.07,0.44,0.06,0.16,0.22,0.06,0.22,Matches
Dany Mota,pt POR,"FW,MF",Monza,24,1998,29,21,"1,912",21.2,5,1,6,5,0,0,2,0,5.1,5.1,2.1,7.3,66,34,166,0.24,0.05,0.28,0.24,0.28,0.24,0.10,0.34,0.24,0.34,Matches
João Moutinho,pt POR,"DF,FW",Spezia,24,1998,4,0,58,0.6,0,0,0,0,0,0,0,0,0.0,0.0,0.0,0.0,0,1,2,0.00,0.00,0.00,0.00,0.00,0.00,0.05,0.05,0.00,0.05,Matches
Mert Müldür,tr TUR,"FW,DF",Sassuolo,23,1999,2,1,13,0.1,0,0,0,0,0,0,0,0,0.0,0.0,0.0,0.0,0,0,0,0.00,0.00,0.00,0.00,0.00,0.00,0.00,0.00,0.00,0.00,Matches
Luis Muriel,co COL,"FW,MF",Atalanta,31,1991,29,10,"1,073",11.9,3,3,6,2,1,1,2,2,2.8,2.0,3.5,5.6,53,71,124,0.25,0.25,0.50,0.17,0.42,0.24,0.30,0.53,0.17,0.47,Matches
Jeison Murillo,co COL,DF,Sampdoria,30,1992,20,12,"1,057",11.7,0,0,0,0,0,0,6,1,0.2,0.2,0.0,0.2,8,35,3,0.00,0.00,0.00,0.00,0.00,0.02,0.00,0.02,0.02,0.02,Matches
Nicola Murru,it ITA,DF,Sampdoria,27,1994,20,5,784,8.7,0,0,0,0,0,0,3,0,0.0,0.0,0.1,0.1,7,27,13,0.00,0.00,0.00,0.00,0.00,0.00,0.01,0.01,0.00,0.01,Matches
Juan Musso,ar ARG,GK,Atalanta,28,1994,24,24,"2,077",23.1,0,0,0,0,0,0,1,0,0.0,0.0,0.1,0.1,0,0,0,0.00,0.00,0.00,0.00,0.00,0.00,0.00,0.00,0.00,0.00,Matches
,,,,,,,,,,,,,,,,,,,,,,,,,,,,,,,,,,,
Joakim Mæhle,dk DEN,"DF,MF",Atalanta,25,1997,34,25,"2,209",24.5,3,3,6,3,0,0,5,1,3.0,3.0,2.9,5.9,81,137,186,0.12,0.12,0.24,0.12,0.24,0.12,0.12,0.24,0.12,0.24,Matches
Herculano Nabian,pt POR,MF,Empoli,18,2004,1,0,1,0.0,0,0,0,0,0,0,0,0,0.0,0.0,0.0,0.0,0,0,0,0.00,0.00,0.00,0.00,0.00,0.00,0.00,0.00,0.00,0.00,Matches
Michel Ndary Adopo,fr FRA,"MF,DF",Torino,22,2000,9,3,264,2.9,0,0,0,0,0,0,1,0,0.1,0.1,0.0,0.1,2,10,4,0.00,0.00,0.00,0.00,0.00,0.02,0.02,0.04,0.02,0.04,Matches
Tanguy Ndombele,fr FRA,MF,Napoli,25,1996,30,8,807,9.0,1,0,1,1,0,0,5,0,1.0,1.0,0.5,1.4,27,52,33,0.11,0.00,0.11,0.11,0.11,0.11,0.05,0.16,0.11,0.16,Matches
Ilija Nestorovski,mk MKD,"FW,MF",Udinese,32,1990,21,5,638,7.1,2,1,3,2,0,0,3,0,1.6,1.6,0.5,2.1,1,19,29,0.28,0.14,0.42,0.28,0.42,0.23,0.07,0.29,0.23,0.29,Matches
Cyril Ngonge,be BEL,"MF,FW",Hellas Verona,22,2000,14,9,745,8.3,3,1,4,3,0,0,2,0,2.0,2.0,0.6,2.5,18,13,40,0.36,0.12,0.48,0.36,0.48,0.24,0.07,0.31,0.24,0.31,Matches
Hans Nicolussi Caviglia,it ITA,MF,Salernitana,22,2000,12,6,586,6.5,1,0,1,1,0,0,2,0,0.4,0.4,0.0,0.5,4,19,2,0.15,0.00,0.15,0.15,0.15,0.07,0.01,0.07,0.07,0.07,Matches
Dimitris Nikolaou,gr GRE,DF,Spezia,23,1998,36,34,"2,958",32.9,1,0,1,1,0,0,9,1,0.8,0.8,0.9,1.7,20,105,15,0.03,0.00,0.03,0.03,0.03,0.03,0.03,0.05,0.03,0.05,Matches
Samuel Ntanda,be BEL,MF,Sampdoria,17,2005,1,0,4,0.0,0,0,0,0,0,0,0,0,0.1,0.1,0.0,0.1,0,0,1,0.00,0.00,0.00,0.00,0.00,3.77,0.00,3.77,3.77,3.77,Matches
Bram Nuytinck,nl NED,DF,Udinese,32,1990,6,3,385,4.3,0,0,0,0,0,0,1,0,0.0,0.0,0.0,0.0,1,4,0,0.00,0.00,0.00,0.00,0.00,0.01,0.00,0.01,0.01,0.01,Matches
Bram Nuytinck,nl NED,DF,Sampdoria,32,1990,19,19,"1,498",16.6,0,1,1,0,0,0,4,0,0.3,0.3,0.3,0.5,4,23,3,0.00,0.06,0.06,0.00,0.06,0.02,0.02,0.03,0.02,0.03,Matches
M'Bala Nzola,ao ANG,FW,Spezia,25,1996,31,29,"2,653",29.5,13,2,15,10,3,3,8,0,11.0,8.6,2.5,11.1,50,50,215,0.44,0.07,0.51,0.34,0.41,0.37,0.09,0.46,0.29,0.38,Matches
Pedro Obiang,gq EQG,MF,Sassuolo,30,1992,17,11,876,9.7,0,1,1,0,0,0,2,0,0.4,0.4,0.2,0.6,0,40,6,0.00,0.10,0.10,0.00,0.10,0.04,0.02,0.06,0.04,0.06,Matches
Guillermo Ochoa,mx MEX,GK,Salernitana,37,1985,20,20,"1,800",20.0,0,0,0,0,0,0,1,0,0.0,0.0,0.0,0.0,0,0,0,0.00,0.00,0.00,0.00,0.00,0.00,0.00,0.00,0.00,0.00,Matches
Marios Oikonomou,gr GRE,DF,Sampdoria,29,1992,6,3,220,2.4,0,0,0,0,0,0,3,0,0.3,0.3,0.0,0.3,0,2,0,0.00,0.00,0.00,0.00,0.00,0.13,0.00,0.13,0.13,0.13,Matches
David Okereke,ng NGA,"FW,MF",Cremonese,24,1997,33,25,"2,266",25.2,7,0,7,6,1,1,4,0,5.9,5.2,1.1,6.3,56,70,144,0.28,0.00,0.28,0.24,0.24,0.24,0.04,0.28,0.20,0.25,Matches
Caleb Okoli,it ITA,DF,Atalanta,21,2001,17,9,960,10.7,0,0,0,0,0,0,3,0,0.5,0.5,0.0,0.5,4,19,12,0.00,0.00,0.00,0.00,0.00,0.04,0.00,0.04,0.04,0.04,Matches
Mathías Olivera,uy URU,DF,Napoli,24,1997,30,17,"1,643",18.3,2,2,4,2,0,0,2,0,0.7,0.7,2.1,2.8,60,88,68,0.11,0.11,0.22,0.11,0.22,0.04,0.12,0.16,0.04,0.16,Matches
André Onana,cm CMR,GK,Inter,26,1996,24,24,"2,160",24.0,0,0,0,0,0,0,1,0,0.0,0.0,0.1,0.1,0,2,0,0.00,0.00,0.00,0.00,0.00,0.00,0.00,0.00,0.00,0.00,Matches
Divock Origi,be BEL,FW,Milan,27,1995,27,10,"1,027",11.4,2,1,3,2,0,0,1,0,2.1,2.1,1.2,3.3,24,18,79,0.18,0.09,0.26,0.18,0.26,0.19,0.10,0.29,0.19,0.29,Matches
Riccardo Orsolini,it ITA,FW,Bologna,25,1997,32,22,"2,124",23.6,11,4,15,8,3,3,8,2,10.5,8.1,3.1,11.2,53,62,212,0.47,0.17,0.64,0.34,0.51,0.44,0.13,0.58,0.34,0.48,Matches
Victor Osimhen,ng NGA,FW,Napoli,23,1998,32,30,"2,566",28.5,26,4,30,24,2,3,4,0,21.3,18.9,2.8,21.8,43,28,196,0.91,0.14,1.05,0.84,0.98,0.75,0.10,0.85,0.66,0.76,Matches
Remi Oudin,fr FRA,"FW,MF",Lecce,25,1996,31,12,"1,321",14.7,3,0,3,3,0,0,3,0,2.0,2.0,2.3,4.3,24,63,54,0.20,0.00,0.20,0.20,0.20,0.14,0.16,0.29,0.14,0.29,Matches
Adam Ounas,dz ALG,FW,Napoli,25,1996,2,0,15,0.2,0,0,0,0,0,0,0,0,0.0,0.0,0.0,0.0,3,4,1,0.00,0.00,0.00,0.00,0.00,0.23,0.00,0.23,0.23,0.23,Matches
Simone Pafundi,it ITA,"MF,FW",Udinese,16,2006,8,0,85,0.9,0,0,0,0,0,0,0,0,0.1,0.1,0.1,0.2,3,6,9,0.00,0.00,0.00,0.00,0.00,0.09,0.16,0.25,0.09,0.25,Matches
,,,,,,,,,,,,,,,,,,,,,,,,,,,,,,,,,,,
Flavio Paoletti,it ITA,MF,Sampdoria,19,2003,12,1,284,3.2,0,0,0,0,0,0,1,0,0.0,0.0,0.0,0.0,7,8,8,0.00,0.00,0.00,0.00,0.00,0.00,0.01,0.01,0.00,0.01,Matches
Leandro Paredes,ar ARG,MF,Juventus,28,1994,25,8,977,10.9,1,0,1,1,0,0,7,1,0.6,0.6,1.9,2.5,11,72,11,0.09,0.00,0.09,0.09,0.09,0.06,0.18,0.23,0.06,0.23,Matches
Fabiano Parisi,it ITA,DF,Empoli,21,2000,33,33,"2,830",31.4,2,0,2,2,0,0,10,1,1.8,1.8,2.0,3.8,102,154,68,0.06,0.00,0.06,0.06,0.06,0.06,0.06,0.12,0.06,0.12,Matches
Mario Pašalić,hr CRO,"MF,FW",Atalanta,27,1995,32,24,"1,769",19.7,5,2,7,5,0,0,3,0,5.7,5.7,2.2,7.9,24,82,83,0.25,0.10,0.36,0.25,0.36,0.29,0.11,0.40,0.29,0.40,Matches
Patric,es ESP,DF,Lazio,29,1993,18,16,"1,413",15.7,0,0,0,0,0,0,1,0,0.1,0.1,0.0,0.2,0,27,3,0.00,0.00,0.00,0.00,0.00,0.01,0.00,0.01,0.01,0.01,Matches
Rui Patrício,pt POR,GK,Roma,34,1988,35,35,"3,150",35.0,0,0,0,0,0,0,1,0,0.0,0.0,0.0,0.0,0,0,0,0.00,0.00,0.00,0.00,0.00,0.00,0.00,0.00,0.00,0.00,Matches
Pedro,es ESP,FW,Lazio,35,1987,36,17,"1,898",21.1,4,3,7,4,0,0,1,0,3.4,3.4,2.6,6.1,64,52,144,0.19,0.14,0.33,0.19,0.33,0.16,0.13,0.29,0.16,0.29,Matches
Gianluca Pegolo,it ITA,GK,Sassuolo,41,1981,2,2,180,2.0,0,0,0,0,0,0,0,0,0.0,0.0,0.0,0.0,0,0,0,0.00,0.00,0.00,0.00,0.00,0.00,0.00,0.00,0.00,0.00,Matches
Pietro Pellegri,it ITA,FW,Torino,21,2001,18,4,465,5.2,2,0,2,2,0,0,3,0,1.5,1.5,0.5,2.0,4,8,50,0.39,0.00,0.39,0.39,0.39,0.29,0.10,0.39,0.29,0.39,Matches
Lorenzo Pellegrini,it ITA,MF,Roma,26,1996,32,29,"2,545",28.3,4,5,9,2,2,3,5,0,8.0,5.7,6.9,12.5,58,106,113,0.14,0.18,0.32,0.07,0.25,0.28,0.24,0.53,0.20,0.44,Matches
Luca Pellegrini,it ITA,DF,Lazio,23,1999,7,1,180,2.0,0,0,0,0,0,0,3,0,0.1,0.1,0.2,0.3,7,9,11,0.00,0.00,0.00,0.00,0.00,0.04,0.11,0.15,0.04,0.15,Matches
Pepín,gq EQG,MF,Monza,25,1996,25,11,"1,123",12.5,0,2,2,0,0,0,4,0,0.5,0.5,1.5,2.0,19,74,28,0.00,0.16,0.16,0.00,0.16,0.04,0.12,0.16,0.04,0.16,Matches
Roberto Pereyra,ar ARG,"DF,MF",Udinese,31,1991,34,33,"2,820",31.3,5,7,12,5,0,1,7,0,4.7,3.9,5.5,9.5,66,143,186,0.16,0.22,0.38,0.16,0.38,0.15,0.18,0.33,0.13,0.30,Matches
Nehuén Pérez,ar ARG,DF,Udinese,22,2000,34,33,"2,818",31.3,2,0,2,2,0,0,7,1,1.0,1.0,0.5,1.5,23,101,26,0.06,0.00,0.06,0.06,0.06,0.03,0.02,0.05,0.03,0.05,Matches
Simone Perilli,it ITA,GK,Hellas Verona,27,1995,1,1,90,1.0,0,0,0,0,0,0,0,0,0.0,0.0,0.0,0.0,0,0,0,0.00,0.00,0.00,0.00,0.00,0.00,0.00,0.00,0.00,0.00,Matches
Mattia Perin,it ITA,GK,Juventus,29,1992,11,10,948,10.5,0,0,0,0,0,0,0,0,0.0,0.0,0.0,0.0,0,1,0,0.00,0.00,0.00,0.00,0.00,0.00,0.00,0.00,0.00,0.00,Matches
Samuele Perisan,it ITA,GK,Empoli,24,1997,7,7,630,7.0,0,0,0,0,0,0,0,0,0.0,0.0,0.0,0.0,0,0,0,0.00,0.00,0.00,0.00,0.00,0.00,0.00,0.00,0.00,0.00,Matches
Matteo Pessina,it ITA,MF,Monza,25,1997,35,34,"2,932",32.6,5,3,8,2,3,3,6,0,5.1,2.8,2.1,4.9,77,193,88,0.15,0.09,0.25,0.06,0.15,0.16,0.06,0.22,0.08,0.15,Matches
Andrea Petagna,it ITA,FW,Monza,27,1995,31,19,"1,663",18.5,4,5,9,3,1,1,2,0,5.7,4.9,4.4,9.3,23,34,132,0.22,0.27,0.49,0.16,0.43,0.31,0.24,0.54,0.26,0.50,Matches
Giuseppe Pezzella,it ITA,DF,Lecce,24,1997,16,10,918,10.2,0,1,1,0,0,0,2,0,0.1,0.1,0.6,0.7,28,65,48,0.00,0.10,0.10,0.00,0.10,0.01,0.05,0.07,0.01,0.07,Matches
Krzysztof Piątek,pl POL,FW,Salernitana,27,1995,33,23,"2,140",23.8,4,5,9,3,1,1,5,0,8.3,7.6,2.1,9.7,27,33,121,0.17,0.21,0.38,0.13,0.34,0.35,0.09,0.44,0.32,0.41,Matches
Roberto Piccoli,it ITA,FW,Hellas Verona,21,2001,7,2,192,2.1,0,0,0,0,0,0,0,0,0.4,0.4,0.2,0.6,2,0,8,0.00,0.00,0.00,0.00,0.00,0.19,0.08,0.27,0.19,0.27,Matches
Roberto Piccoli,it ITA,FW,Empoli,21,2001,13,6,516,5.7,2,0,2,2,0,0,0,0,1.3,1.3,0.4,1.7,8,4,25,0.35,0.00,0.35,0.35,0.35,0.22,0.07,0.29,0.22,0.29,Matches
Charles Pickel,ch SUI,MF,Cremonese,25,1997,33,30,"2,483",27.6,1,0,1,1,0,0,8,1,1.6,1.6,1.2,2.8,18,104,61,0.04,0.00,0.04,0.04,0.04,0.06,0.04,0.10,0.06,0.10,Matches
Andrea Pinamonti,it ITA,FW,Sassuolo,23,1999,32,25,"2,161",24.0,5,0,5,4,1,1,3,1,7.1,6.3,1.5,7.8,17,29,166,0.21,0.00,0.21,0.17,0.17,0.30,0.06,0.36,0.26,0.32,Matches
,,,,,,,,,,,,,,,,,,,,,,,,,,,,,,,,,,,
Lorenzo Pirola,it ITA,DF,Salernitana,20,2002,26,23,"1,941",21.6,2,0,2,2,0,0,4,0,1.5,1.5,0.4,1.9,13,43,4,0.09,0.00,0.09,0.09,0.09,0.07,0.02,0.09,0.07,0.09,Matches
Niccolò Pisilli,it ITA,MF,Roma,17,2004,1,0,1,0.0,0,0,0,0,0,0,0,0,0.0,0.0,0.0,0.0,0,0,0,0.00,0.00,0.00,0.00,0.00,0.00,0.00,0.00,0.00,0.00,Matches
Marko Pjaca,hr CRO,"MF,FW",Empoli,27,1995,17,5,525,5.8,0,0,0,0,0,0,1,0,0.7,0.7,0.4,1.1,22,18,33,0.00,0.00,0.00,0.00,0.00,0.11,0.08,0.19,0.11,0.19,Matches
Tommaso Pobega,it ITA,MF,Milan,23,1999,19,9,883,9.8,2,0,2,2,0,0,4,0,1.4,1.4,0.3,1.7,8,36,22,0.20,0.00,0.20,0.20,0.20,0.15,0.03,0.17,0.15,0.17,Matches
Paul Pogba,fr FRA,"MF,FW",Juventus,29,1993,6,1,111,1.2,0,0,0,0,0,0,0,0,0.3,0.3,0.2,0.6,5,4,15,0.00,0.00,0.00,0.00,0.00,0.27,0.20,0.46,0.27,0.46,Matches
Matteo Politano,it ITA,FW,Napoli,28,1993,27,14,"1,166",13.0,3,3,6,1,2,3,1,0,4.1,1.7,3.6,5.4,81,72,138,0.23,0.23,0.46,0.08,0.31,0.32,0.28,0.60,0.13,0.41,Matches
Marin Pongračić,hr CRO,DF,Lecce,24,1997,9,9,790,8.8,0,0,0,0,0,0,2,0,0.0,0.0,0.1,0.1,3,19,1,0.00,0.00,0.00,0.00,0.00,0.00,0.01,0.01,0.00,0.01,Matches
Stefan Posch,at AUT,DF,Bologna,25,1997,30,30,"2,532",28.1,6,2,8,6,0,0,6,0,3.3,3.3,2.0,5.3,45,148,65,0.21,0.07,0.28,0.21,0.28,0.12,0.07,0.19,0.12,0.19,Matches
Ivan Provedel,it ITA,GK,Lazio,28,1994,38,37,"3,413",37.9,0,0,0,0,0,0,1,0,0.0,0.0,0.0,0.0,0,0,0,0.00,0.00,0.00,0.00,0.00,0.00,0.00,0.00,0.00,0.00,Matches
Ignacio Pussetto,ar ARG,"MF,DF",Sampdoria,26,1995,5,1,152,1.7,0,0,0,0,0,0,1,0,0.2,0.2,0.2,0.3,2,1,17,0.00,0.00,0.00,0.00,0.00,0.09,0.11,0.20,0.09,0.20,Matches
Niklas Pyyhtiä,fi FIN,MF,Bologna,18,2003,6,0,110,1.2,0,1,1,0,0,0,0,0,0.2,0.2,0.1,0.3,2,1,5,0.00,0.82,0.82,0.00,0.82,0.12,0.12,0.24,0.12,0.24,Matches
Fabio Quagliarella,it ITA,FW,Sampdoria,39,1983,23,7,800,8.9,1,1,2,1,0,0,2,0,2.8,2.8,0.7,3.5,5,25,72,0.11,0.11,0.23,0.11,0.23,0.31,0.08,0.40,0.31,0.40,Matches
Giacomo Quagliata,it ITA,DF,Cremonese,22,2000,20,6,699,7.8,0,1,1,0,0,0,0,1,0.5,0.5,1.0,1.5,19,28,45,0.00,0.13,0.13,0.00,0.13,0.06,0.13,0.19,0.06,0.19,Matches
Adrien Rabiot,fr FRA,MF,Juventus,27,1995,32,31,"2,748",30.5,8,4,12,8,0,0,9,0,6.2,5.8,2.3,8.2,72,133,109,0.26,0.13,0.39,0.26,0.39,0.20,0.08,0.28,0.19,0.27,Matches
Nemanja Radonjić,rs SRB,"MF,FW",Torino,26,1996,28,16,"1,461",16.2,2,2,4,2,0,0,1,0,5.0,5.0,1.7,6.6,86,42,163,0.12,0.12,0.25,0.12,0.25,0.31,0.10,0.41,0.31,0.41,Matches
Ivan Radovanović,rs SRB,"MF,DF",Salernitana,33,1988,10,7,671,7.5,0,0,0,0,0,0,1,1,0.2,0.2,0.0,0.2,2,16,2,0.00,0.00,0.00,0.00,0.00,0.03,0.00,0.03,0.03,0.03,Matches
Ionuț Radu,ro ROU,GK,Cremonese,25,1997,9,9,810,9.0,0,0,0,0,0,0,0,0,0.0,0.0,0.4,0.4,0,0,0,0.00,0.00,0.00,0.00,0.00,0.00,0.04,0.04,0.00,0.04,Matches
Ștefan Radu,ro ROU,FW,Lazio,35,1986,1,0,1,0.0,0,0,0,0,0,0,1,0,0.0,0.0,0.0,0.0,0,1,0,0.00,0.00,0.00,0.00,0.00,0.00,0.00,0.00,0.00,0.00,Matches
Antonio Raimondo,it ITA,FW,Bologna,18,2004,2,0,15,0.2,0,0,0,0,0,0,0,0,0.0,0.0,0.0,0.0,1,0,3,0.00,0.00,0.00,0.00,0.00,0.00,0.00,0.00,0.00,0.00,Matches
Luca Ranieri,it ITA,DF,Fiorentina,23,1999,9,5,508,5.6,0,0,0,0,0,0,1,0,0.1,0.1,0.1,0.2,4,11,0,0.00,0.00,0.00,0.00,0.00,0.01,0.02,0.03,0.01,0.03,Matches
Andrea Ranocchia,it ITA,DF,Monza,34,1988,1,1,47,0.5,0,0,0,0,0,0,0,0,0.0,0.0,0.0,0.0,0,0,0,0.00,0.00,0.00,0.00,0.00,0.00,0.00,0.00,0.00,0.00,Matches
Filippo Ranocchia,it ITA,MF,Monza,21,2001,14,5,530,5.9,1,0,1,1,0,0,1,0,1.2,1.2,0.4,1.6,13,26,15,0.17,0.00,0.17,0.17,0.17,0.21,0.06,0.27,0.21,0.27,Matches
Giacomo Raspadori,it ITA,FW,Sassuolo,22,2000,1,0,45,0.5,0,0,0,0,0,0,0,0,0.0,0.0,0.0,0.0,0,2,4,0.00,0.00,0.00,0.00,0.00,0.00,0.00,0.00,0.00,0.00,Matches
Giacomo Raspadori,it ITA,"FW,MF",Napoli,22,2000,25,10,911,10.1,2,2,4,2,0,0,1,0,3.5,3.5,1.3,4.8,13,33,88,0.20,0.20,0.40,0.20,0.40,0.35,0.13,0.47,0.35,0.47,Matches
Nicola Ravaglia,it ITA,GK,Sampdoria,33,1988,9,9,810,9.0,0,0,0,0,0,0,0,0,0.0,0.0,0.0,0.0,0,0,0,0.00,0.00,0.00,0.00,0.00,0.00,0.00,0.00,0.00,0.00,Matches
,,,,,,,,,,,,,,,,,,,,,,,,,,,,,,,,,,,
Ante Rebić,hr CRO,"FW,MF",Milan,28,1993,23,10,980,10.9,3,2,5,3,0,0,4,0,3.5,3.5,2.0,5.5,17,29,92,0.28,0.18,0.46,0.28,0.46,0.32,0.19,0.50,0.32,0.50,Matches
Arkadiusz Reca,pl POL,DF,Spezia,27,1995,30,24,"2,173",24.1,1,1,2,1,0,0,5,0,1.0,1.0,2.2,3.2,82,79,94,0.04,0.04,0.08,0.04,0.08,0.04,0.09,0.13,0.04,0.13,Matches
Panagiotis Retsos,gr GRE,DF,Hellas Verona,23,1998,2,1,122,1.4,0,0,0,0,0,0,0,0,0.1,0.1,0.0,0.1,2,2,0,0.00,0.00,0.00,0.00,0.00,0.05,0.02,0.06,0.05,0.06,Matches
Franck Ribéry,fr FRA,MF,Salernitana,39,1983,1,0,37,0.4,0,0,0,0,0,0,0,0,0.0,0.0,0.0,0.0,1,1,4,0.00,0.00,0.00,0.00,0.00,0.00,0.00,0.00,0.00,0.00,Matches
Samuele Ricci,it ITA,MF,Torino,20,2001,28,23,"2,070",23.0,2,1,3,2,0,0,6,0,1.7,1.7,1.8,3.5,43,104,31,0.09,0.04,0.13,0.09,0.13,0.07,0.08,0.15,0.07,0.15,Matches
Tomás Rincón,ve VEN,MF,Sampdoria,34,1988,34,30,"2,555",28.4,0,2,2,0,0,0,7,1,0.6,0.6,1.2,1.8,27,122,35,0.00,0.07,0.07,0.00,0.07,0.02,0.04,0.06,0.02,0.06,Matches
Pablo Rodríguez,es ESP,"FW,MF",Lecce,20,2001,4,0,54,0.6,0,0,0,0,0,0,0,0,0.0,0.0,0.0,0.0,2,3,7,0.00,0.00,0.00,0.00,0.00,0.00,0.04,0.04,0.00,0.04,Matches
Ricardo Rodríguez,ch SUI,DF,Torino,29,1992,35,30,"2,670",29.7,0,0,0,0,0,0,3,0,0.4,0.4,1.9,2.4,49,133,51,0.00,0.00,0.00,0.00,0.00,0.01,0.07,0.08,0.01,0.08,Matches
Rogério,br BRA,DF,Sassuolo,24,1998,36,34,"2,996",33.3,0,3,3,0,0,0,5,1,0.5,0.5,2.7,3.3,110,185,115,0.00,0.09,0.09,0.00,0.09,0.02,0.08,0.10,0.02,0.10,Matches
Filippo Romagna,it ITA,DF,Sassuolo,25,1997,2,0,46,0.5,0,0,0,0,0,0,0,0,0.0,0.0,0.0,0.0,1,0,0,0.00,0.00,0.00,0.00,0.00,0.00,0.00,0.00,0.00,0.00,Matches
Alessio Romagnoli,it ITA,DF,Lazio,27,1995,34,33,"2,922",32.5,2,0,2,2,0,0,6,0,1.4,1.4,0.1,1.6,3,62,3,0.06,0.00,0.06,0.06,0.06,0.04,0.00,0.05,0.04,0.05,Matches
Simone Romagnoli,it ITA,DF,Lecce,32,1990,7,1,167,1.9,0,0,0,0,0,0,0,0,0.0,0.0,0.0,0.0,0,5,0,0.00,0.00,0.00,0.00,0.00,0.01,0.00,0.01,0.01,0.01,Matches
Luka Romero,ar ARG,FW,Lazio,17,2004,6,1,151,1.7,1,0,1,1,0,0,0,0,0.9,0.9,0.1,0.9,4,4,21,0.60,0.00,0.60,0.60,0.60,0.52,0.04,0.55,0.52,0.55,Matches
Marten de Roon,nl NED,MF,Atalanta,31,1991,35,34,"2,964",32.9,3,1,4,3,0,0,7,0,1.1,1.1,1.8,2.9,18,171,23,0.09,0.03,0.12,0.09,0.12,0.03,0.06,0.09,0.03,0.09,Matches
Francesco Rossi,it ITA,GK,Atalanta,31,1991,1,0,4,0.0,0,0,0,0,0,0,0,0,0.0,0.0,0.0,0.0,0,0,0,0.00,0.00,0.00,0.00,0.00,0.00,0.00,0.00,0.00,0.00,Matches
Nicolò Rovella,it ITA,MF,Monza,20,2001,25,21,"1,740",19.3,1,2,3,1,0,0,5,1,1.2,1.2,2.2,3.4,26,99,19,0.05,0.10,0.16,0.05,0.16,0.06,0.11,0.18,0.06,0.18,Matches
Nicolò Rovella,it ITA,MF,Juventus,20,2001,3,0,27,0.3,0,0,0,0,0,0,1,0,0.1,0.1,0.0,0.1,1,1,2,0.00,0.00,0.00,0.00,0.00,0.30,0.00,0.30,0.30,0.30,Matches
Amir Rrahmani,xk KVX,DF,Napoli,28,1994,29,27,"2,448",27.2,2,1,3,2,0,0,2,0,1.8,1.8,1.0,2.9,23,135,5,0.07,0.04,0.11,0.07,0.11,0.07,0.04,0.11,0.07,0.11,Matches
Ruan,br BRA,DF,Sassuolo,23,1999,23,21,"1,711",19.0,0,0,0,0,0,0,13,3,0.5,0.5,0.0,0.5,6,22,3,0.00,0.00,0.00,0.00,0.00,0.03,0.00,0.03,0.03,0.03,Matches
Daniele Rugani,it ITA,DF,Juventus,28,1994,9,6,564,6.3,0,0,0,0,0,0,0,0,0.5,0.5,0.0,0.5,2,5,0,0.00,0.00,0.00,0.00,0.00,0.07,0.00,0.07,0.07,0.07,Matches
Matteo Ruggeri,it ITA,"DF,MF",Atalanta,20,2002,15,8,829,9.2,0,1,1,0,0,0,3,0,0.6,0.6,0.9,1.5,22,55,65,0.00,0.11,0.11,0.00,0.11,0.06,0.10,0.16,0.06,0.16,Matches
Mário Rui,pt POR,DF,Napoli,31,1991,22,21,"1,749",19.4,0,6,6,0,0,0,2,1,0.6,0.6,4.0,4.6,52,153,97,0.00,0.31,0.31,0.00,0.31,0.03,0.20,0.24,0.03,0.24,Matches
Alessandro Russo,it ITA,GK,Sassuolo,21,2001,1,1,90,1.0,0,0,0,0,0,0,0,0,0.0,0.0,0.0,0.0,0,0,0,0.00,0.00,0.00,0.00,0.00,0.00,0.00,0.00,0.00,0.00,Matches
Abdelhamid Sabiri,ma MAR,"MF,FW",Sampdoria,25,1996,18,12,"1,069",11.9,2,0,2,1,1,2,5,0,3.0,1.4,1.4,2.8,7,49,54,0.17,0.00,0.17,0.08,0.08,0.26,0.12,0.38,0.11,0.23,Matches
Alexis Saelemaekers,be BEL,"FW,DF",Milan,23,1999,30,14,"1,403",15.6,2,3,5,2,0,0,1,0,2.5,2.5,4.1,6.6,52,52,143,0.13,0.19,0.32,0.13,0.32,0.16,0.27,0.42,0.16,0.42,Matches
,,,,,,,,,,,,,,,,,,,,,,,,,,,,,,,,,,,
Jacopo Sala,it ITA,MF,Spezia,30,1991,6,1,112,1.2,0,0,0,0,0,0,1,0,0.0,0.0,0.0,0.0,2,6,3,0.00,0.00,0.00,0.00,0.00,0.00,0.01,0.01,0.00,0.01,Matches
Lazar Samardzic,rs SRB,MF,Udinese,20,2002,37,19,"1,848",20.5,5,4,9,5,0,0,1,0,2.4,2.4,3.7,6.1,34,100,65,0.24,0.19,0.44,0.24,0.44,0.12,0.18,0.30,0.12,0.30,Matches
Junior Sambia,fr FRA,DF,Salernitana,25,1996,22,7,697,7.7,0,1,1,0,0,0,3,0,0.6,0.6,1.6,2.2,23,27,38,0.00,0.13,0.13,0.00,0.13,0.08,0.21,0.29,0.08,0.29,Matches
Antonio Sanabria,py PAR,FW,Torino,26,1996,33,28,"2,433",27.0,12,4,16,11,1,1,4,0,9.3,8.5,3.0,11.5,17,46,139,0.44,0.15,0.59,0.41,0.55,0.34,0.11,0.45,0.32,0.42,Matches
Leandro Sanca,gw GNB,"FW,MF",Spezia,22,2000,4,0,32,0.4,0,0,0,0,0,0,0,0,0.0,0.0,0.0,0.0,1,0,3,0.00,0.00,0.00,0.00,0.00,0.00,0.00,0.00,0.00,0.00,Matches
Alex Sandro,br BRA,DF,Juventus,31,1991,25,21,"1,787",19.9,0,1,1,0,0,0,5,1,0.2,0.2,0.9,1.1,51,97,25,0.00,0.05,0.05,0.00,0.05,0.01,0.05,0.05,0.01,0.05,Matches
Nicola Sansone,it ITA,FW,Bologna,30,1991,18,8,740,8.2,4,2,6,4,0,0,2,0,2.8,2.8,1.0,3.7,17,13,72,0.49,0.24,0.73,0.49,0.73,0.34,0.12,0.45,0.34,0.45,Matches
Riccardo Saponara,it ITA,FW,Fiorentina,30,1991,29,14,"1,208",13.4,4,3,7,4,0,0,4,0,2.8,2.8,3.4,6.2,56,56,125,0.30,0.22,0.52,0.30,0.52,0.21,0.26,0.46,0.21,0.46,Matches
Mouhamadou Sarr,sn SEN,GK,Cremonese,25,1997,2,2,180,2.0,0,0,0,0,0,0,0,0,0.0,0.0,0.0,0.0,0,0,0,0.00,0.00,0.00,0.00,0.00,0.00,0.00,0.00,0.00,0.00,Matches
Martin Satriano,uy URU,FW,Empoli,21,2001,31,20,"1,705",18.9,2,1,3,2,0,0,4,0,3.9,3.9,1.2,5.1,29,22,127,0.11,0.05,0.16,0.11,0.16,0.20,0.07,0.27,0.20,0.27,Matches
Giorgio Scalvini,it ITA,DF,Atalanta,18,2003,32,29,"2,335",25.9,2,2,4,2,0,0,7,0,2.0,2.0,0.4,2.4,22,158,34,0.08,0.08,0.15,0.08,0.15,0.08,0.01,0.09,0.08,0.09,Matches
Jerdy Schouten,nl NED,MF,Bologna,25,1997,33,29,"2,509",27.9,0,2,2,0,0,0,3,0,0.4,0.4,1.5,1.9,15,139,29,0.00,0.07,0.07,0.00,0.07,0.02,0.05,0.07,0.02,0.07,Matches
Perr Schuurs,nl NED,DF,Torino,22,1999,30,28,"2,326",25.8,0,2,2,0,0,0,5,0,0.9,0.9,0.9,1.8,14,56,2,0.00,0.08,0.08,0.00,0.08,0.04,0.03,0.07,0.04,0.07,Matches
Demba Seck,sn SEN,"MF,FW",Torino,21,2001,19,6,519,5.8,0,0,0,0,0,0,0,0,0.6,0.6,0.6,1.2,29,17,42,0.00,0.00,0.00,0.00,0.00,0.10,0.10,0.20,0.10,0.20,Matches
Telasco Segovia,ve VEN,MF,Sampdoria,19,2003,1,0,4,0.0,0,0,0,0,0,0,0,0,0.0,0.0,0.0,0.0,0,0,0,0.00,0.00,0.00,0.00,0.00,0.00,0.00,0.00,0.00,0.00,Matches
Jacopo Segre,it ITA,DF,Torino,25,1997,1,0,21,0.2,0,0,0,0,0,0,0,0,0.0,0.0,0.0,0.0,0,0,0,0.00,0.00,0.00,0.00,0.00,0.00,0.00,0.00,0.00,0.00,Matches
Vivaldo Semedo,pt POR,"FW,MF",Udinese,17,2005,5,0,36,0.4,0,0,0,0,0,0,0,0,0.1,0.1,0.0,0.1,0,1,3,0.00,0.00,0.00,0.00,0.00,0.25,0.00,0.25,0.25,0.25,Matches
Stefano Sensi,it ITA,MF,Monza,26,1995,28,21,"1,618",18.0,3,1,4,3,0,0,8,0,1.4,1.4,2.1,3.5,27,143,37,0.17,0.06,0.22,0.17,0.22,0.08,0.12,0.19,0.08,0.19,Matches
Luigi Sepe,it ITA,GK,Salernitana,31,1991,17,17,"1,530",17.0,0,0,0,0,0,0,3,0,0.0,0.0,0.0,0.0,0,0,0,0.00,0.00,0.00,0.00,0.00,0.00,0.00,0.00,0.00,0.00,Matches
Leonardo Sernicola,it ITA,DF,Cremonese,25,1997,32,27,"2,317",25.7,2,2,4,2,0,0,11,0,1.3,1.3,2.3,3.7,60,62,95,0.08,0.08,0.16,0.08,0.16,0.05,0.09,0.14,0.05,0.14,Matches
Stephan El Shaarawy,it ITA,"DF,MF",Roma,29,1992,29,14,"1,523",16.9,7,2,9,7,0,0,3,0,5.5,5.5,1.4,6.9,58,66,136,0.41,0.12,0.53,0.41,0.53,0.33,0.08,0.41,0.33,0.41,Matches
Eldor Shomurodov,uz UZB,FW,Spezia,27,1995,15,9,809,9.0,1,1,2,1,0,0,2,0,2.8,2.8,1.4,4.2,7,15,53,0.11,0.11,0.22,0.11,0.22,0.31,0.15,0.46,0.31,0.46,Matches
Eldor Shomurodov,uz UZB,FW,Roma,27,1995,6,1,119,1.3,0,0,0,0,0,0,0,0,0.6,0.6,0.0,0.6,3,4,15,0.00,0.00,0.00,0.00,0.00,0.45,0.00,0.45,0.45,0.45,Matches
Marco Silvestri,it ITA,GK,Udinese,31,1991,38,38,"3,420",38.0,0,0,0,0,0,0,0,0,0.0,0.0,0.0,0.0,0,0,0,0.00,0.00,0.00,0.00,0.00,0.00,0.00,0.00,0.00,0.00,Matches
Giovanni Simeone,ar ARG,FW,Napoli,27,1995,25,1,406,4.5,4,1,5,4,0,0,1,0,1.4,1.4,1.2,2.5,11,9,34,0.89,0.22,1.11,0.89,1.11,0.30,0.26,0.56,0.30,0.56,Matches
,,,,,,,,,,,,,,,,,,,,,,,,,,,,,,,,,,,
Wilfried Singo,ci CIV,DF,Torino,21,2000,31,24,"2,046",22.7,2,1,3,2,0,0,8,0,2.7,2.7,1.9,4.6,54,67,93,0.09,0.04,0.13,0.09,0.13,0.12,0.08,0.20,0.12,0.20,Matches
Salvatore Sirigu,it ITA,GK,Fiorentina,35,1987,1,1,90,1.0,0,0,0,0,0,0,0,0,0.0,0.0,0.0,0.0,0,0,0,0.00,0.00,0.00,0.00,0.00,0.00,0.00,0.00,0.00,0.00,Matches
Leo Skiri Østigård,no NOR,DF,Napoli,22,1999,7,4,419,4.7,0,0,0,0,0,0,1,0,0.1,0.1,0.0,0.1,5,23,1,0.00,0.00,0.00,0.00,0.00,0.02,0.00,0.02,0.02,0.02,Matches
Łukasz Skorupski,pl POL,GK,Bologna,31,1991,37,37,"3,330",37.0,0,0,0,0,0,0,4,0,0.0,0.0,0.0,0.0,0,0,0,0.00,0.00,0.00,0.00,0.00,0.00,0.00,0.00,0.00,0.00,Matches
Milan Škriniar,sk SVK,DF,Inter,27,1995,21,20,"1,769",19.7,0,0,0,0,0,0,5,1,0.8,0.8,0.3,1.1,16,81,10,0.00,0.00,0.00,0.00,0.00,0.04,0.01,0.05,0.04,0.05,Matches
Chris Smalling,eng ENG,DF,Roma,32,1989,32,31,"2,808",31.2,3,1,4,3,0,0,7,0,1.7,1.7,0.4,2.1,5,51,7,0.10,0.03,0.13,0.10,0.13,0.05,0.01,0.07,0.05,0.07,Matches
Ola Solbakken,no NOR,"MF,FW",Roma,23,1998,14,7,502,5.6,1,2,3,1,0,0,2,0,0.6,0.6,1.6,2.2,5,14,35,0.18,0.36,0.54,0.18,0.54,0.11,0.29,0.40,0.11,0.40,Matches
Brandon Soppy,fr FRA,DF,Udinese,20,2002,1,1,90,1.0,0,0,0,0,0,0,1,0,0.1,0.1,0.2,0.3,4,4,4,0.00,0.00,0.00,0.00,0.00,0.07,0.19,0.27,0.07,0.27,Matches
Brandon Soppy,fr FRA,DF,Atalanta,20,2002,15,8,643,7.1,0,3,3,0,0,0,2,0,0.3,0.3,1.6,2.0,23,33,35,0.00,0.42,0.42,0.00,0.42,0.05,0.23,0.27,0.05,0.27,Matches
Roberto Soriano,it ITA,"FW,MF",Bologna,31,1991,27,15,"1,326",14.7,1,3,4,1,0,0,1,0,0.6,0.6,2.5,3.1,30,56,66,0.07,0.20,0.27,0.07,0.27,0.04,0.17,0.21,0.04,0.21,Matches
Joaquin Sosa,uy URU,DF,Bologna,20,2002,10,7,688,7.6,0,0,0,0,0,0,2,0,0.1,0.1,0.0,0.1,6,13,1,0.00,0.00,0.00,0.00,0.00,0.01,0.00,0.01,0.01,0.01,Matches
Riccardo Sottil,it ITA,FW,Fiorentina,23,1999,18,9,833,9.3,0,2,2,0,0,0,1,0,1.0,1.0,1.1,2.2,65,27,123,0.00,0.22,0.22,0.00,0.22,0.11,0.12,0.23,0.11,0.23,Matches
Matìas Soulé,ar ARG,"MF,FW",Juventus,19,2003,13,4,420,4.7,1,0,1,1,0,0,0,0,1.5,1.5,0.8,2.3,12,15,33,0.21,0.00,0.21,0.21,0.21,0.33,0.18,0.50,0.33,0.50,Matches
Adama Soumaoro,fr FRA,DF,Bologna,30,1992,23,22,"1,867",20.7,0,0,0,0,0,0,5,1,0.3,0.3,0.0,0.3,7,50,1,0.00,0.00,0.00,0.00,0.00,0.02,0.00,0.02,0.02,0.02,Matches
Leonardo Spinazzola,it ITA,DF,Roma,29,1993,26,18,"1,654",18.4,1,4,5,1,0,0,3,0,1.0,1.0,2.0,3.0,107,63,87,0.05,0.22,0.27,0.05,0.27,0.06,0.11,0.16,0.06,0.16,Matches
Marco Sportiello,it ITA,GK,Atalanta,30,1992,15,14,"1,339",14.9,0,0,0,0,0,0,0,0,0.0,0.0,0.0,0.0,0,2,0,0.00,0.00,0.00,0.00,0.00,0.00,0.00,0.00,0.00,0.00,Matches
Petar Stojanović,si SVN,DF,Empoli,26,1995,27,16,"1,530",17.0,0,1,1,0,0,0,3,0,0.3,0.3,1.0,1.3,50,91,51,0.00,0.06,0.06,0.00,0.06,0.02,0.06,0.08,0.02,0.08,Matches
Gabriel Strefezza,,"DF,FW",Lecce,25,1997,35,30,"2,442",27.1,8,4,12,6,2,3,5,0,,,,,,,,0.29,0.15,0.44,0.22,0.37,,,,,,Matches
Dávid Strelec,sk SVK,FW,Spezia,21,2001,7,1,169,1.9,0,0,0,0,0,0,0,0,0.5,0.5,0.1,0.6,2,1,14,0.00,0.00,0.00,0.00,0.00,0.28,0.05,0.33,0.28,0.33,Matches
Isaac Success,ng NGA,FW,Udinese,26,1996,30,21,"1,815",20.2,1,6,7,1,0,0,4,0,3.3,3.3,4.0,7.3,37,53,200,0.05,0.30,0.35,0.05,0.35,0.17,0.20,0.36,0.17,0.36,Matches
Ibrahim Sulemana,gh GHA,MF,Hellas Verona,19,2003,16,6,651,7.2,0,0,0,0,0,0,4,0,0.3,0.3,0.2,0.6,4,18,5,0.00,0.00,0.00,0.00,0.00,0.05,0.03,0.08,0.05,0.08,Matches
Mile Svilar,rs SRB,GK,Roma,22,1999,3,3,270,3.0,0,0,0,0,0,0,1,0,0.0,0.0,0.0,0.0,0,0,0,0.00,0.00,0.00,0.00,0.00,0.00,0.00,0.00,0.00,0.00,Matches
Wojciech Szczęsny,pl POL,GK,Juventus,32,1990,28,28,"2,472",27.5,0,0,0,0,0,0,0,0,0.0,0.0,0.0,0.0,0,0,0,0.00,0.00,0.00,0.00,0.00,0.00,0.00,0.00,0.00,0.00,Matches
Benjamin Tahirovic,ba BIH,MF,Roma,19,2003,11,4,355,3.9,0,0,0,0,0,0,1,0,0.0,0.0,0.2,0.2,0,9,3,0.00,0.00,0.00,0.00,0.00,0.00,0.04,0.04,0.00,0.04,Matches
Adrien Tameze,cm CMR,MF,Hellas Verona,28,1994,37,35,"3,031",33.7,0,0,0,0,0,0,3,0,0.9,0.9,0.9,1.8,32,103,58,0.00,0.00,0.00,0.00,0.00,0.03,0.03,0.05,0.03,0.05,Matches
,,,,,,,,,,,,,,,,,,,,,,,,,,,,,,,,,,,
Ciprian Tătărușanu,ro ROU,GK,Milan,36,1986,16,16,"1,440",16.0,0,1,1,0,0,0,0,0,0.0,0.0,0.5,0.5,0,0,0,0.00,0.06,0.06,0.00,0.06,0.00,0.03,0.03,0.00,0.03,Matches
Filippo Terracciano,it ITA,"DF,MF",Hellas Verona,19,2003,20,7,821,9.1,0,1,1,0,0,0,2,0,0.2,0.2,1.2,1.4,16,37,24,0.00,0.11,0.11,0.00,0.11,0.02,0.14,0.16,0.02,0.16,Matches
Pietro Terracciano,it ITA,GK,Fiorentina,32,1990,29,29,"2,610",29.0,0,0,0,0,0,0,1,0,0.0,0.0,0.0,0.0,0,0,0,0.00,0.00,0.00,0.00,0.00,0.00,0.00,0.00,0.00,0.00,Matches
Aleksa Terzić,rs SRB,DF,Fiorentina,22,1999,22,8,935,10.4,1,1,2,1,0,0,2,0,0.4,0.4,1.9,2.3,49,40,61,0.10,0.10,0.19,0.10,0.19,0.04,0.18,0.22,0.04,0.22,Matches
Florian Thauvin,fr FRA,"FW,MF",Udinese,29,1993,16,5,546,6.1,0,0,0,0,0,0,1,0,0.7,0.7,1.1,1.7,19,24,49,0.00,0.00,0.00,0.00,0.00,0.11,0.17,0.29,0.11,0.29,Matches
Malick Thiaw,de GER,DF,Milan,20,2001,20,15,"1,362",15.1,0,0,0,0,0,0,5,0,0.8,0.8,0.2,1.0,6,67,2,0.00,0.00,0.00,0.00,0.00,0.06,0.01,0.07,0.06,0.07,Matches
Kristian Thorstvedt,no NOR,MF,Sassuolo,23,1999,31,13,"1,136",12.6,2,1,3,2,0,0,5,0,2.1,2.1,1.1,3.2,31,60,54,0.16,0.08,0.24,0.16,0.24,0.17,0.09,0.26,0.17,0.26,Matches
Jeremy Toljan,de GER,DF,Sassuolo,27,1994,31,29,"2,672",29.7,0,1,1,0,0,0,3,0,0.5,0.5,2.4,3.0,56,142,99,0.00,0.03,0.03,0.00,0.03,0.02,0.08,0.10,0.02,0.10,Matches
Rafael Tolói,it ITA,DF,Atalanta,31,1990,32,32,"2,784",30.9,2,1,3,2,0,0,8,0,2.8,2.8,1.2,4.0,21,148,29,0.06,0.03,0.10,0.06,0.10,0.09,0.04,0.13,0.09,0.13,Matches
Fikayo Tomori,eng ENG,DF,Milan,24,1997,33,32,"2,760",30.7,1,1,2,1,0,0,5,0,1.3,1.3,0.8,2.1,26,122,10,0.03,0.03,0.07,0.03,0.07,0.04,0.03,0.07,0.04,0.07,Matches
Sandro Tonali,it ITA,MF,Milan,22,2000,34,30,"2,713",30.1,2,7,9,2,0,0,7,0,2.4,2.4,5.7,8.1,61,159,86,0.07,0.23,0.30,0.07,0.30,0.08,0.19,0.27,0.08,0.27,Matches
Lorenzo Tonelli,it ITA,DF,Empoli,32,1990,1,0,19,0.2,0,0,0,0,0,0,0,1,0.0,0.0,0.0,0.0,0,0,0,0.00,0.00,0.00,0.00,0.00,0.00,0.00,0.00,0.00,0.00,Matches
William Troost-Ekong,ng NGA,DF,Salernitana,28,1993,9,4,444,4.9,1,0,1,1,0,0,1,0,0.7,0.7,0.0,0.7,1,6,0,0.20,0.00,0.20,0.20,0.20,0.14,0.00,0.14,0.14,0.14,Matches
Frank Tsadjout,it ITA,FW,Cremonese,23,1999,20,14,"1,051",11.7,3,1,4,3,0,0,1,0,2.0,2.0,0.5,2.6,15,18,63,0.26,0.09,0.34,0.26,0.34,0.17,0.05,0.22,0.17,0.22,Matches
Alessandro Tuia,it ITA,DF,Lecce,32,1990,7,6,509,5.7,0,0,0,0,0,0,1,0,0.1,0.1,0.0,0.1,1,20,0,0.00,0.00,0.00,0.00,0.00,0.02,0.01,0.02,0.02,0.02,Matches
Martin Turk,si SVN,GK,Sampdoria,18,2003,4,4,360,4.0,0,0,0,0,0,0,0,0,0.0,0.0,0.0,0.0,0,0,0,0.00,0.00,0.00,0.00,0.00,0.00,0.00,0.00,0.00,0.00,Matches
Iyenoma Udogie,it ITA,DF,Udinese,19,2002,33,31,"2,704",30.0,3,4,7,3,0,0,5,0,2.9,2.9,4.2,7.1,109,106,155,0.10,0.13,0.23,0.10,0.23,0.10,0.14,0.24,0.10,0.24,Matches
Samir Ujkani,xk KVX,GK,Empoli,34,1988,1,0,7,0.1,0,0,0,0,0,0,0,0,0.0,0.0,0.0,0.0,0,0,0,0.00,0.00,0.00,0.00,0.00,0.00,0.00,0.00,0.00,0.00,Matches
Samuel Umtiti,fr FRA,DF,Lecce,28,1993,25,24,"2,113",23.5,0,0,0,0,0,0,8,0,0.8,0.8,0.1,0.9,12,56,2,0.00,0.00,0.00,0.00,0.00,0.03,0.00,0.04,0.03,0.04,Matches
Diego Valencia,cl CHI,"MF,FW",Salernitana,22,2000,12,0,231,2.6,0,0,0,0,0,0,1,0,0.1,0.1,0.1,0.2,1,4,21,0.00,0.00,0.00,0.00,0.00,0.05,0.05,0.09,0.05,0.09,Matches
Emanuele Valeri,it ITA,DF,Cremonese,23,1998,37,31,"2,785",30.9,2,3,5,2,0,0,3,0,2.2,2.2,4.6,6.8,111,90,158,0.06,0.10,0.16,0.06,0.16,0.07,0.15,0.22,0.07,0.22,Matches
Mattia Valoti,it ITA,"MF,FW",Monza,28,1993,16,4,453,5.0,0,0,0,0,0,0,1,0,0.2,0.2,0.1,0.2,7,16,9,0.00,0.00,0.00,0.00,0.00,0.03,0.01,0.05,0.03,0.05,Matches
Johan Vásquez,mx MEX,DF,Cremonese,23,1998,25,19,"1,813",20.1,1,0,1,1,0,0,7,0,0.7,0.7,0.3,1.0,18,48,12,0.05,0.00,0.05,0.05,0.05,0.04,0.02,0.05,0.04,0.05,Matches
Matías Vecino,uy URU,MF,Lazio,30,1991,32,17,"1,691",18.8,2,0,2,2,0,0,6,0,2.5,2.5,0.5,3.0,22,88,17,0.11,0.00,0.11,0.11,0.11,0.13,0.03,0.16,0.13,0.16,Matches
Miguel Veloso,pt POR,MF,Hellas Verona,36,1986,22,14,"1,163",12.9,0,0,0,0,0,0,6,0,0.5,0.5,2.1,2.6,17,84,22,0.00,0.00,0.00,0.00,0.00,0.04,0.16,0.20,0.04,0.20,Matches
,,,,,,,,,,,,,,,,,,,,,,,,,,,,,,,,,,,
Lorenzo Venuti,it ITA,DF,Fiorentina,27,1995,17,9,924,10.3,0,1,1,0,0,0,2,0,0.4,0.4,0.5,0.9,24,44,43,0.00,0.10,0.10,0.00,0.10,0.04,0.05,0.09,0.04,0.09,Matches
Daniele Verde,it ITA,"FW,MF",Spezia,26,1996,25,11,998,11.1,3,0,3,2,1,1,1,0,2.9,2.1,1.3,3.4,18,42,57,0.27,0.00,0.27,0.18,0.18,0.26,0.12,0.38,0.19,0.31,Matches
Simone Verdi,it ITA,"MF,FW",Hellas Verona,30,1992,24,12,"1,096",12.2,5,0,5,4,1,1,3,0,2.6,1.8,2.1,3.9,34,46,57,0.41,0.00,0.41,0.33,0.33,0.21,0.18,0.39,0.15,0.32,Matches
Valerio Verre,it ITA,MF,Sampdoria,28,1994,18,6,677,7.5,0,0,0,0,0,0,5,0,0.6,0.6,1.1,1.7,16,45,27,0.00,0.00,0.00,0.00,0.00,0.08,0.14,0.22,0.08,0.22,Matches
Guglielmo Vicario,it ITA,GK,Empoli,25,1996,31,31,"2,783",30.9,0,0,0,0,0,0,3,0,0.0,0.0,0.0,0.0,0,0,0,0.00,0.00,0.00,0.00,0.00,0.00,0.00,0.00,0.00,0.00,Matches
Ronaldo Vieira,gw GNB,MF,Torino,24,1998,2,0,16,0.2,0,0,0,0,0,0,0,0,,,,,,,,0.00,0.00,0.00,0.00,0.00,,,,,,Matches
Ronaldo Vieira,gw GNB,MF,Sampdoria,24,1998,16,8,815,9.1,0,0,0,0,0,0,3,0,,,,,,,,0.00,0.00,0.00,0.00,0.00,,,,,,Matches
Emanuel Vignato,it ITA,"MF,FW",Bologna,21,2000,8,2,242,2.7,0,1,1,0,0,0,1,0,0.1,0.1,0.4,0.5,3,9,4,0.00,0.37,0.37,0.00,0.37,0.03,0.14,0.17,0.03,0.17,Matches
Emanuel Vignato,it ITA,"MF,FW",Empoli,21,2000,5,0,57,0.6,1,0,1,1,0,0,0,0,0.2,0.2,0.1,0.3,1,7,5,1.58,0.00,1.58,1.58,1.58,0.30,0.19,0.49,0.30,0.49,Matches
Samuele Vignato,it ITA,"MF,FW",Monza,18,2004,5,0,62,0.7,0,1,1,0,0,0,0,0,0.1,0.1,0.3,0.4,4,1,6,0.00,1.45,1.45,0.00,1.45,0.11,0.49,0.60,0.11,0.60,Matches
Tonny Vilhena,nl NED,MF,Salernitana,27,1995,33,27,"2,265",25.2,4,1,5,4,0,0,5,0,2.4,2.4,1.7,4.1,30,80,59,0.16,0.04,0.20,0.16,0.20,0.10,0.07,0.16,0.10,0.16,Matches
Gonzalo Villar,es ESP,MF,Sampdoria,24,1998,15,8,696,7.7,0,0,0,0,0,0,2,0,0.0,0.0,0.0,0.0,9,26,2,0.00,0.00,0.00,0.00,0.00,0.00,0.00,0.00,0.00,0.00,Matches
Matías Viña,uy URU,DF,Roma,24,1997,3,1,55,0.6,0,0,0,0,0,0,0,0,0.0,0.0,0.1,0.1,2,2,4,0.00,0.00,0.00,0.00,0.00,0.00,0.18,0.18,0.00,0.18,Matches
Dušan Vlahović,rs SRB,FW,Juventus,22,2000,27,22,"1,925",21.4,10,2,12,8,2,3,1,0,9.7,7.3,2.4,9.8,22,40,117,0.47,0.09,0.56,0.37,0.47,0.45,0.11,0.57,0.34,0.46,Matches
Nikola Vlašić,hr CRO,"MF,FW",Torino,24,1997,34,29,"2,728",30.3,5,6,11,5,0,0,1,0,4.3,4.3,4.1,8.4,85,106,210,0.16,0.20,0.36,0.16,0.36,0.14,0.14,0.28,0.14,0.28,Matches
Joel Voelkerling Persson,se SWE,"FW,MF",Lecce,19,2003,9,0,99,1.1,0,0,0,0,0,0,0,0,0.0,0.0,0.0,0.1,1,3,10,0.00,0.00,0.00,0.00,0.00,0.04,0.02,0.06,0.04,0.06,Matches
Mërgim Vojvoda,xk KVX,DF,Torino,27,1995,29,18,"1,719",19.1,0,5,5,0,0,0,3,0,1.5,1.5,3.7,5.3,30,125,81,0.00,0.26,0.26,0.00,0.26,0.08,0.19,0.27,0.08,0.27,Matches
Cristian Volpato,it ITA,MF,Roma,18,2003,7,2,227,2.5,1,1,2,1,0,0,0,0,0.4,0.4,1.2,1.5,8,18,24,0.40,0.40,0.79,0.40,0.79,0.14,0.47,0.61,0.14,0.61,Matches
Lukáš Vorlický,cz CZE,"MF,FW",Atalanta,20,2002,3,0,24,0.3,0,0,0,0,0,0,0,0,0.0,0.0,0.0,0.0,2,3,3,0.00,0.00,0.00,0.00,0.00,0.18,0.00,0.18,0.18,0.18,Matches
Aster Vranckx,be BEL,MF,Milan,19,2002,9,2,240,2.7,0,0,0,0,0,0,1,0,0.1,0.1,0.3,0.3,2,4,5,0.00,0.00,0.00,0.00,0.00,0.02,0.11,0.12,0.02,0.12,Matches
Stefan de Vrij,nl NED,DF,Inter,30,1992,27,22,"1,945",21.6,1,0,1,1,0,0,4,0,2.2,2.2,0.2,2.4,13,55,0,0.05,0.00,0.05,0.05,0.05,0.10,0.01,0.11,0.10,0.11,Matches
Walace,br BRA,MF,Udinese,27,1995,37,37,"3,190",35.4,0,1,1,0,0,0,6,0,1.1,1.1,1.7,2.8,47,170,36,0.00,0.03,0.03,0.00,0.03,0.03,0.05,0.08,0.03,0.08,Matches
Sebastian Walukiewicz,pl POL,DF,Empoli,22,2000,11,6,603,6.7,0,0,0,0,0,0,0,0,0.3,0.3,0.1,0.4,6,13,0,0.00,0.00,0.00,0.00,0.00,0.05,0.01,0.07,0.05,0.07,Matches
Georginio Wijnaldum,nl NED,MF,Roma,31,1990,14,10,769,8.5,2,0,2,2,0,0,0,0,2.2,2.2,0.7,2.9,16,18,33,0.23,0.00,0.23,0.23,0.23,0.26,0.08,0.34,0.26,0.34,Matches
Harry Winks,eng ENG,MF,Sampdoria,26,1996,20,19,"1,716",19.1,0,0,0,0,0,0,2,0,0.6,0.6,1.3,1.8,19,117,17,0.00,0.00,0.00,0.00,0.00,0.03,0.07,0.10,0.03,0.10,Matches
,,,,,,,,,,,,,,,,,,,,,,,,,,,,,,,,,,,
Przemysław Wiśniewski,pl POL,DF,Spezia,24,1998,14,11,"1,003",11.1,1,0,1,1,0,0,3,0,1.2,1.2,0.7,1.9,2,24,1,0.09,0.00,0.09,0.09,0.09,0.11,0.06,0.17,0.11,0.17,Matches
Gerard Yepes,es ESP,MF,Sampdoria,19,2002,5,2,198,2.2,0,0,0,0,0,0,2,0,0.1,0.1,0.0,0.1,3,7,6,0.00,0.00,0.00,0.00,0.00,0.03,0.01,0.04,0.03,0.04,Matches
Mattia Zaccagni,it ITA,FW,Lazio,27,1995,35,33,"2,770",30.8,10,6,16,9,1,1,9,0,6.7,5.9,4.5,10.4,118,76,282,0.32,0.19,0.52,0.29,0.49,0.22,0.15,0.36,0.19,0.34,Matches
Denis Zakaria,ch SUI,MF,Juventus,25,1996,2,1,123,1.4,0,0,0,0,0,0,0,0,0.0,0.0,0.0,0.0,2,3,3,0.00,0.00,0.00,0.00,0.00,0.00,0.00,0.00,0.00,0.00,Matches
Nicola Zalewski,pl POL,DF,Roma,20,2002,33,26,"2,197",24.4,2,1,3,2,0,0,3,0,1.3,1.3,1.2,2.5,92,85,99,0.08,0.04,0.12,0.08,0.12,0.05,0.05,0.10,0.05,0.10,Matches
Andre-Frank Zambo Anguissa,cm CMR,MF,Napoli,26,1995,36,36,"3,050",33.9,3,5,8,3,0,0,3,0,4.4,4.4,2.6,7.0,58,181,140,0.09,0.15,0.24,0.09,0.24,0.13,0.08,0.21,0.13,0.21,Matches
Luca Zanimacchia,it ITA,"MF,FW",Cremonese,24,1998,15,9,746,8.3,0,0,0,0,0,0,2,0,1.2,1.2,0.9,2.0,22,26,70,0.00,0.00,0.00,0.00,0.00,0.14,0.10,0.25,0.14,0.25,Matches
Nicolò Zaniolo,it ITA,"MF,FW",Roma,23,1999,13,12,890,9.9,1,0,1,1,0,0,4,0,2.9,2.9,0.9,3.8,34,19,69,0.10,0.00,0.10,0.10,0.10,0.29,0.09,0.39,0.29,0.39,Matches
Alessandro Zanoli,it ITA,DF,Sampdoria,21,2000,22,16,"1,540",17.1,2,3,5,2,0,0,3,0,2.6,2.6,1.2,3.8,50,36,60,0.12,0.18,0.29,0.12,0.29,0.15,0.07,0.22,0.15,0.22,Matches
Alessandro Zanoli,it ITA,DF,Napoli,21,2000,1,0,12,0.1,0,0,0,0,0,0,0,0,0.1,0.1,0.0,0.1,1,0,2,0.00,0.00,0.00,0.00,0.00,0.47,0.00,0.47,0.47,0.47,Matches
Mattia Zanotti,it ITA,DF,Inter,19,2003,2,0,27,0.3,0,0,0,0,0,0,0,0,0.0,0.0,0.1,0.1,1,1,2,0.00,0.00,0.00,0.00,0.00,0.00,0.23,0.23,0.00,0.23,Matches
Duván Zapata,co COL,FW,Atalanta,31,1991,25,16,"1,390",15.4,2,2,4,2,0,0,1,0,3.9,3.9,1.1,5.1,35,40,140,0.13,0.13,0.26,0.13,0.26,0.25,0.07,0.33,0.25,0.33,Matches
Davide Zappacosta,it ITA,DF,Atalanta,30,1992,21,18,"1,471",16.3,4,2,6,4,0,0,4,0,1.5,1.5,1.6,3.2,48,55,101,0.24,0.12,0.37,0.24,0.37,0.09,0.10,0.20,0.09,0.20,Matches
Karim Zedadka,fr FRA,FW,Napoli,22,2000,3,0,20,0.2,0,0,0,0,0,0,0,0,0.0,0.0,0.0,0.0,1,0,4,0.00,0.00,0.00,0.00,0.00,0.00,0.00,0.00,0.00,0.00,Matches
Deyovaisio Zeefuik,nl NED,DF,Hellas Verona,24,1998,1,0,10,0.1,0,0,0,0,0,0,0,0,0.0,0.0,0.0,0.0,1,0,1,0.00,0.00,0.00,0.00,0.00,0.00,0.00,0.00,0.00,0.00,Matches
Marvin Zeegelaar,nl NED,DF,Udinese,31,1990,7,4,353,3.9,1,0,1,1,0,0,3,1,0.2,0.2,0.2,0.4,6,9,11,0.25,0.00,0.25,0.25,0.25,0.05,0.04,0.09,0.05,0.09,Matches
Alessio Zerbin,it ITA,FW,Napoli,23,1999,10,2,198,2.2,0,0,0,0,0,0,1,0,0.3,0.3,0.0,0.3,5,6,20,0.00,0.00,0.00,0.00,0.00,0.12,0.00,0.12,0.12,0.12,Matches
Piotr Zieliński,pl POL,MF,Napoli,28,1994,37,27,"2,287",25.4,3,8,11,3,0,0,3,0,3.5,3.5,7.4,10.9,62,128,129,0.12,0.31,0.43,0.12,0.43,0.14,0.29,0.43,0.14,0.43,Matches
David Zima,cz CZE,DF,Torino,21,2000,9,4,406,4.5,0,0,0,0,0,0,0,0,0.8,0.8,0.1,0.9,3,12,5,0.00,0.00,0.00,0.00,0.00,0.17,0.02,0.19,0.17,0.19,Matches
Joshua Zirkzee,nl NED,FW,Bologna,21,2001,19,5,822,9.1,2,2,4,2,0,0,1,0,3.1,3.1,1.4,4.5,10,17,74,0.22,0.22,0.44,0.22,0.44,0.34,0.15,0.49,0.34,0.49,Matches
Jeroen Zoet,nl NED,GK,Spezia,31,1991,5,4,334,3.7,0,0,0,0,0,0,1,0,0.0,0.0,0.0,0.0,0,0,0,0.00,0.00,0.00,0.00,0.00,0.00,0.00,0.00,0.00,0.00,Matches
Nadir Zortea,it ITA,"DF,MF",Atalanta,23,1999,9,1,222,2.5,1,0,1,1,0,0,1,0,0.1,0.1,0.6,0.7,11,9,13,0.41,0.00,0.41,0.41,0.41,0.05,0.23,0.28,0.05,0.28,Matches
Nadir Zortea,it ITA,DF,Sassuolo,23,1999,10,7,657,7.3,0,1,1,0,0,0,4,0,0.2,0.2,0.7,0.8,24,38,25,0.00,0.14,0.14,0.00,0.14,0.02,0.09,0.11,0.02,0.11,Matches
Petar Zovko,ba BIH,GK,Spezia,20,2002,1,0,74,0.8,0,0,0,0,0,0,0,0,0.0,0.0,0.0,0.0,0,0,0,0.00,0.00,0.00,0.00,0.00,0.00,0.00,0.00,0.00,0.00,Matches
Szymon Żurkowski,pl POL,MF,Fiorentina,24,1997,2,0,32,0.4,0,1,1,0,0,0,0,0,0.1,0.1,0.0,0.1,3,1,4,0.00,2.81,2.81,0.00,2.81,0.33,0.06,0.40,0.33,0.40,Matches
,,,,,,,,,,,,,,,,,,,,,,,,,,,,,,,,,,,
Szymon Żurkowski,pl POL,MF,Spezia,24,1997,10,3,427,4.7,0,0,0,0,0,0,1,0,0.6,0.6,0.0,0.6,9,10,10,0.00,0.00,0.00,0.00,0.00,0.12,0.00,0.12,0.12,0.12,Matches
Milan Đurić,ba BIH,FW,Hellas Verona,32,1990,28,14,"1,366",15.2,1,1,2,1,0,0,3,0,1.4,1.4,1.3,2.7,2,29,72,0.07,0.07,0.13,0.07,0.13,0.09,0.08,0.18,0.09,0.18,Matches
Filip Đuričić,rs SRB,"MF,FW",Sampdoria,30,1992,32,27,"2,171",24.1,3,0,3,3,0,0,9,0,2.7,2.7,1.9,4.6,39,77,83,0.12,0.00,0.12,0.12,0.12,0.11,0.08,0.19,0.11,0.19,Matches
