Player,Nation,Pos,Squad,Age,Born,90s,Gls,Sh,SoT,SoT%,Sh/90,SoT/90,G/Sh,G/SoT,Dist,FK,PK,PKatt,xG,npxG,npxG/Sh,G-xG,np:G-xG
Brenden Aaronson,us USA,MF,Union Berlin,23-089,2000,4.4,0,3,1,33.3,0.68,0.23,0.00,0.00,17.8,0,0,0,0.2,0.2,0.08,-0.2,-0.2
Paxten Aaronson,us USA,MF,Eint Frankfurt,20-146,2003,1.1,0,2,2,100.0,1.78,1.78,0.00,0.00,15.1,0,0,0,0.1,0.1,0.06,-0.1,-0.1
Junior Adamu,at AUT,"FW,MF",Freiburg,22-227,2001,1.1,0,2,1,50.0,1.89,0.95,0.00,0.00,12.1,0,0,0,0.1,0.1,0.03,-0.1,-0.1
Sargis Adamyan,am ARM,"FW,MF",Köln,30-241,1993,1.6,0,5,4,80.0,3.17,2.54,0.00,0.00,10.8,0,0,0,0.9,0.9,0.19,-0.9,-0.9
Karim Adeyemi,de GER,"FW,MF",Dortmund,22-001,2002,4.1,0,5,2,40.0,1.22,0.49,0.00,0.00,14.4,0,0,0,0.8,0.8,0.16,-0.8,-0.8
Amine Adli,ma MAR,"MF,DF",Leverkusen,23-254,2000,2.9,1,7,3,42.9,2.38,1.02,0.14,0.33,15.5,0,0,0,0.5,0.5,0.07,+0.5,+0.5
Felix Agu,de GER,"MF,DF",Werder Bremen,24-114,1999,3.1,0,1,0,0.0,0.33,0.00,0.00,,12.7,0,0,0,0.1,0.1,0.12,-0.1,-0.1
Ludovic Ajorque,fr FRA,FW,Mainz 05,29-328,1994,9.8,1,19,4,21.1,1.95,0.41,0.05,0.25,12.6,0,0,2,4.5,2.9,0.15,-3.5,-1.9
Kevin Akpoguma,ng NGA,DF,Hoffenheim,28-275,1995,6.4,0,0,0,,0.00,0.00,,,,0,0,0,0.0,0.0,,0.0,0.0
Faride Alidou,de GER,"FW,MF",Köln,22-185,2001,3.2,0,6,3,50.0,1.86,0.93,0.00,0.00,14.1,0,0,0,0.3,0.3,0.05,-0.3,-0.3
Nadiem Amiri,de GER,"MF,FW",Leverkusen,27-084,1996,0.2,0,1,0,0.0,4.74,0.00,0.00,,13.1,0,0,0,0.1,0.1,0.07,-0.1,-0.1
Kofi Amoako,de GER,MF,Wolfsburg,18-258,2005,0.0,0,0,0,,0.00,0.00,,,,0,0,0,0.0,0.0,,0.0,0.0
Robert Andrich,de GER,"MF,DF",Leverkusen,29-119,1994,4.7,0,1,1,100.0,0.21,0.21,0.00,0.00,3.9,0,0,0,0.2,0.2,0.19,-0.2,-0.2
Waldemar Anton,de GER,DF,Stuttgart,27-183,1996,16.6,0,13,3,23.1,0.78,0.18,0.00,0.00,16.5,0,0,0,0.6,0.6,0.05,-0.6,-0.6
Christopher Antwi-Adjei,gh GHA,"FW,MF",Bochum,29-346,1994,8.0,1,20,5,25.0,2.49,0.62,0.05,0.20,18.6,0,0,0,1.5,1.5,0.08,-0.5,-0.5
Maximilian Arnold,de GER,MF,Wolfsburg,29-237,1994,11.9,1,10,6,60.0,0.84,0.51,0.10,0.17,29.4,4,0,0,0.4,0.4,0.04,+0.6,+0.6
Arthur,br BRA,DF,Leverkusen,20-308,2003,0.4,0,1,1,100.0,2.65,2.65,0.00,0.00,28.3,0,0,0,0.0,0.0,0.02,0.0,0.0
Takuma Asano,jp JPN,"FW,MF",Bochum,29-070,1994,13.1,5,37,15,40.5,2.83,1.15,0.14,0.33,13.4,0,0,0,4.8,4.8,0.13,+0.2,+0.2
Noah Atubolu,de GER,GK,Freiburg,21-239,2002,17.0,0,0,0,,0.00,0.00,,,,0,0,0,0.0,0.0,,0.0,0.0
Matthias Bader,de GER,"DF,MF",Darmstadt 98,26-216,1997,10.3,1,10,1,10.0,0.97,0.10,0.10,1.00,22.8,0,0,0,0.4,0.4,0.04,+0.6,+0.6
Ridle Baku,de GER,"DF,MF",Wolfsburg,25-286,1998,10.3,0,10,3,30.0,0.97,0.29,0.00,0.00,16.1,0,0,0,0.6,0.6,0.06,-0.6,-0.6
Samuel Bamba,de GER,FW,Dortmund,19-340,2004,0.5,0,2,0,0.0,3.83,0.00,0.00,,12.6,0,0,0,0.3,0.3,0.13,-0.3,-0.3
Aymen Barkok,ma MAR,"MF,FW",Mainz 05,25-243,1998,3.6,1,11,6,54.5,3.08,1.68,0.09,0.17,17.2,0,0,1,1.7,0.9,0.08,-0.7,+0.1
Leandro Barreiro Martins,lu LUX,MF,Mainz 05,24-016,2000,14.0,2,17,5,29.4,1.21,0.36,0.12,0.40,14.4,0,0,0,2.1,2.1,0.13,-0.1,-0.1
Daniel Batz,de GER,GK,Mainz 05,33-007,1991,4.0,0,0,0,,0.00,0.00,,,,0,0,0,0.0,0.0,,0.0,0.0
Maximilian Bauer,de GER,DF,Augsburg,23-344,2000,5.5,1,4,1,25.0,0.73,0.18,0.25,1.00,5.2,0,0,0,1.4,1.4,0.34,-0.4,-0.4
Elias Baum,de GER,"MF,DF",Eint Frankfurt,18-085,2005,0.2,0,0,0,,0.00,0.00,,,,0,0,0,0.0,0.0,,0.0,0.0
Oliver Baumann,de GER,GK,Hoffenheim,33-231,1990,17.0,0,0,0,,0.00,0.00,,,,0,0,0,0.0,0.0,,0.0,0.0
Christoph Baumgartner,at AUT,MF,RB Leipzig,24-171,1999,7.6,3,23,8,34.8,3.01,1.05,0.13,0.38,15.2,0,0,0,2.6,2.6,0.11,+0.4,+0.4
Ihlas Bebou,tg TOG,"FW,DF",Hoffenheim,29-271,1994,8.1,3,12,3,25.0,1.47,0.37,0.25,1.00,19.1,0,0,0,1.8,1.8,0.15,+1.2,+1.2
Adrian Beck,de GER,MF,Heidenheim,26-224,1997,6.8,1,10,3,30.0,1.47,0.44,0.10,0.33,12.0,0,0,0,1.7,1.7,0.17,-0.7,-0.7
Sheraldo Becker,sr SUR,"FW,MF",Union Berlin,28-344,1995,7.2,0,16,4,25.0,2.23,0.56,0.00,0.00,20.5,1,0,0,0.8,0.8,0.05,-0.8,-0.8
Donny van de Beek,nl NED,FW,Eint Frankfurt,26-276,1997,0.7,0,0,0,,0.00,0.00,,,,0,0,0,0.0,0.0,,0.0,0.0
Kevin Behrens,de GER,FW,Union Berlin,32-350,1991,12.3,4,36,12,33.3,2.92,0.97,0.11,0.33,11.1,0,0,0,5.0,5.0,0.14,-1.0,-1.0
Maximilian Beier,de GER,FW,Hoffenheim,21-094,2002,11.4,6,37,19,51.4,3.24,1.66,0.16,0.32,14.8,0,0,0,5.3,5.3,0.14,+0.7,+0.7
Stefan Bell,de GER,DF,Mainz 05,32-148,1991,7.4,0,4,2,50.0,0.54,0.27,0.00,0.00,16.2,0,0,0,0.2,0.2,0.05,-0.2,-0.2
Ramy Bensebaini,dz ALG,DF,Dortmund,28-278,1995,11.1,0,15,0,0.0,1.35,0.00,0.00,,17.3,0,0,0,1.6,1.6,0.10,-1.6,-1.6
Mergim Berisha,de GER,FW,Hoffenheim,25-253,1998,1.6,0,6,1,16.7,3.75,0.62,0.00,0.00,16.2,1,0,0,0.5,0.5,0.09,-0.5,-0.5
Mergim Berisha,de GER,FW,Augsburg,25-253,1998,1.4,0,5,0,0.0,3.69,0.00,0.00,,30.7,1,0,0,0.2,0.2,0.03,-0.2,-0.2
Bernardo,br BRA,DF,Bochum,28-250,1995,17.0,1,14,5,35.7,0.82,0.29,0.07,0.20,12.2,0,0,0,1.1,1.1,0.08,-0.1,-0.1
Matúš Bero,sk SVK,"MF,FW",Bochum,28-135,1995,7.4,0,11,3,27.3,1.48,0.40,0.00,0.00,16.4,0,0,0,1.0,1.0,0.09,-1.0,-1.0
Jan-Niklas Beste,de GER,"FW,MF",Heidenheim,25-015,1999,14.0,5,23,9,39.1,1.64,0.64,0.22,0.56,22.6,7,0,1,2.2,1.5,0.06,+2.8,+3.5
Tom Bischof,de GER,"MF,FW",Hoffenheim,18-205,2005,1.6,0,1,0,0.0,0.62,0.00,0.00,,26.9,0,0,0,0.0,0.0,0.05,0.0,0.0
Leonardo Bittencourt,de GER,MF,Werder Bremen,30-031,1993,9.3,1,15,2,13.3,1.62,0.22,0.07,0.50,19.1,0,0,0,1.4,1.4,0.10,-0.4,-0.4
Janis Blaswich,de GER,GK,RB Leipzig,32-262,1991,17.0,0,0,0,,0.00,0.00,,,,0,0,0,0.0,0.0,,0.0,0.0
Victor Boniface,ng NGA,FW,Leverkusen,23-027,2000,14.2,10,70,28,40.0,4.94,1.97,0.13,0.32,15.7,0,1,1,12.1,11.3,0.16,-2.1,-2.3
Leonardo Bonucci,it ITA,DF,Union Berlin,36-263,1987,5.1,1,0,0,,0.00,0.00,,,,0,1,1,0.8,0.0,,+0.2,0.0
Yvandro Borges Sanches,lu LUX,"MF,FW",M'Gladbach,19-240,2004,0.2,0,0,0,,0.00,0.00,,,,0,0,0,0.0,0.0,,0.0,0.0
Sebastiaan Bornauw,be BEL,DF,Wolfsburg,24-303,1999,6.4,0,4,2,50.0,0.62,0.31,0.00,0.00,11.2,0,0,0,0.3,0.3,0.08,-0.3,-0.3
Rafael Borré,co COL,FW,Werder Bremen,28-126,1995,10.0,4,17,7,41.2,1.69,0.70,0.24,0.57,14.8,0,0,0,2.1,2.1,0.13,+1.9,+1.9
Julian Brandt,de GER,"MF,FW",Dortmund,27-262,1996,14.1,6,23,11,47.8,1.63,0.78,0.26,0.55,17.5,1,0,0,3.6,3.6,0.16,+2.4,+2.4
Tim Breithaupt,de GER,MF,Augsburg,21-346,2002,2.9,0,2,0,0.0,0.69,0.00,0.00,,26.7,0,0,0,0.0,0.0,0.02,0.0,0.0
Maximilian Breunig,de GER,FW,Freiburg,23-158,2000,0.1,0,0,0,,0.00,0.00,,,,0,0,0,0.0,0.0,,0.0,0.0
John Brooks,us USA,DF,Hoffenheim,30-356,1993,12.0,1,8,2,25.0,0.67,0.17,0.13,0.50,8.2,0,0,0,2.0,2.0,0.25,-1.0,-1.0
Moritz Broschinski,de GER,"FW,MF",Bochum,23-118,2000,3.4,0,4,1,25.0,1.18,0.29,0.00,0.00,15.0,0,0,0,0.6,0.6,0.16,-0.6,-0.6
Alexander Brunst,de GER,GK,Darmstadt 98,28-196,1995,1.0,0,0,0,,0.00,0.00,,,,0,0,0,0.0,0.0,,0.0,0.0
Marius Bülter,de GER,"FW,DF",Hoffenheim,30-296,1993,9.6,1,15,4,26.7,1.57,0.42,0.07,0.25,18.2,0,0,0,1.0,1.0,0.07,0.0,0.0
Jonathan Burkardt,de GER,"MF,FW",Mainz 05,23-192,2000,2.9,0,6,1,16.7,2.05,0.34,0.00,0.00,12.8,0,0,0,0.6,0.6,0.11,-0.6,-0.6
Oliver Burke,sct SCO,FW,Werder Bremen,26-287,1997,0.4,0,0,0,,0.00,0.00,,,,0,0,0,0.0,0.0,,0.0,0.0
Marnon Busch,de GER,DF,Heidenheim,29-042,1994,4.2,0,5,1,20.0,1.20,0.24,0.00,0.00,25.3,1,0,0,0.1,0.1,0.03,-0.1,-0.1
Aurélio Buta,pt POR,"DF,MF",Eint Frankfurt,26-343,1997,10.8,1,8,3,37.5,0.74,0.28,0.13,0.33,17.7,0,0,0,0.3,0.3,0.04,+0.7,+0.7
Jamie Bynoe-Gittens,eng ENG,"FW,DF",Dortmund,19-164,2004,5.0,1,19,7,36.8,3.79,1.40,0.05,0.14,17.9,0,0,0,1.2,1.2,0.06,-0.2,-0.2
Anthony Caci,fr FRA,DF,Mainz 05,26-202,1997,13.8,2,14,2,14.3,1.02,0.15,0.14,1.00,18.9,0,0,0,0.5,0.5,0.04,+1.5,+1.5
Emre Can,de GER,"MF,DF",Dortmund,30-007,1994,11.6,1,5,0,0.0,0.43,0.00,0.00,,31.3,0,1,1,0.9,0.1,0.02,+0.1,-0.1
Irvin Cardona,fr FRA,"MF,DF",Augsburg,26-164,1997,0.6,0,3,0,0.0,5.00,0.00,0.00,,14.7,0,0,0,0.2,0.2,0.07,-0.2,-0.2
Rasmus Carstensen,dk DEN,"DF,FW",Köln,23-100,2000,12.7,0,7,4,57.1,0.55,0.31,0.00,0.00,13.8,0,0,0,0.3,0.3,0.05,-0.3,-0.3
Fabio Carvalho,pt POR,MF,RB Leipzig,21-142,2002,1.8,0,3,2,66.7,1.64,1.09,0.00,0.00,14.9,0,0,0,0.2,0.2,0.07,-0.2,-0.2
Koen Casteels,be BEL,GK,Wolfsburg,31-208,1992,14.0,0,0,0,,0.00,0.00,,,,0,0,0,0.0,0.0,,0.0,0.0
Václav Černý,cz CZE,"FW,MF",Wolfsburg,26-094,1997,6.8,2,13,3,23.1,1.90,0.44,0.15,0.67,16.6,0,0,0,1.2,1.2,0.09,+0.8,+0.8
Julian Chabot,de GER,DF,Köln,25-341,1998,14.4,0,8,1,12.5,0.56,0.07,0.00,0.00,8.9,0,0,0,0.8,0.8,0.11,-0.8,-0.8
Fares Chaïbi,dz ALG,"MF,FW",Eint Frankfurt,21-052,2002,10.4,1,17,9,52.9,1.63,0.86,0.06,0.11,18.1,2,0,0,1.2,1.2,0.07,-0.2,-0.2
Fabio Chiarodia,it ITA,"DF,MF",M'Gladbach,18-228,2005,0.7,0,0,0,,0.00,0.00,,,,0,0,0,0.0,0.0,,0.0,0.0
Kingsley Coman,fr FRA,FW,Bayern Munich,27-220,1996,9.5,3,26,6,23.1,2.74,0.63,0.12,0.50,16.8,0,0,0,2.4,2.4,0.09,+0.6,+0.6
Bambasé Conté,de GER,"FW,MF",Hoffenheim,20-196,2003,0.0,0,0,0,,0.00,0.00,,,,0,0,0,0.0,0.0,,0.0,0.0
Danny da Costa,de GER,DF,Mainz 05,30-190,1993,8.1,0,6,1,16.7,0.74,0.12,0.00,0.00,19.9,0,0,0,0.3,0.3,0.05,-0.3,-0.3
Nicolas Cozza,fr FRA,DF,Wolfsburg,25-011,1999,3.1,0,1,0,0.0,0.33,0.00,0.00,,30.8,0,0,0,0.0,0.0,0.02,0.0,0.0
Tomáš Čvančara,cz CZE,FW,M'Gladbach,23-159,2000,7.1,4,19,8,42.1,2.67,1.12,0.16,0.38,15.4,1,1,2,4.6,3.0,0.16,-0.6,0.0
Finn Dahmen,de GER,GK,Augsburg,25-298,1998,17.0,0,0,0,,0.00,0.00,,,,0,0,0,0.0,0.0,,0.0,0.0
Lukas Daschner,de GER,"MF,FW",Bochum,25-110,1998,3.4,1,11,4,36.4,3.25,1.18,0.09,0.25,16.2,0,0,0,2.2,2.2,0.20,-1.2,-1.2
David Datro Fofana,ci CIV,"FW,MF",Union Berlin,21-028,2002,7.6,1,26,12,46.2,3.43,1.58,0.04,0.08,15.6,4,0,0,2.8,2.8,0.11,-1.8,-1.8
Alphonso Davies,ca CAN,DF,Bayern Munich,23-078,2000,13.1,0,7,2,28.6,0.53,0.15,0.00,0.00,22.2,0,0,0,0.3,0.3,0.04,-0.3,-0.3
Olivier Deman,be BEL,DF,Werder Bremen,23-288,2000,9.3,1,9,3,33.3,0.97,0.32,0.11,0.33,13.9,0,0,0,0.6,0.6,0.06,+0.4,+0.4
Ermedin Demirović,ba BIH,"MF,FW",Augsburg,25-300,1998,16.2,8,37,17,45.9,2.28,1.05,0.19,0.41,14.6,0,1,2,7.4,5.8,0.16,+0.6,+1.2
Sepp van den Berg,nl NED,DF,Mainz 05,22-030,2001,14.5,1,7,3,42.9,0.48,0.21,0.14,0.33,8.6,0,0,0,0.7,0.7,0.10,+0.3,+0.3
Justin Diehl,de GER,FW,Köln,19-053,2004,0.3,0,2,0,0.0,5.81,0.00,0.00,,28.0,1,0,0,0.1,0.1,0.04,-0.1,-0.1
Florian Dietz,de GER,FW,Köln,25-169,1998,0.5,0,1,0,0.0,2.05,0.00,0.00,,16.4,0,0,0,0.1,0.1,0.10,-0.1,-0.1
Junior Dina Ebimbe,fr FRA,"MF,DF",Eint Frankfurt,23-059,2000,11.4,3,26,7,26.9,2.28,0.61,0.12,0.43,15.9,0,0,0,2.6,2.6,0.10,+0.4,+0.4
Eren Dinkçi,de GER,"MF,FW",Heidenheim,22-037,2001,14.3,6,27,11,40.7,1.89,0.77,0.22,0.55,21.1,0,0,0,1.9,1.9,0.07,+4.1,+4.1
Ritsu Doan,jp JPN,"MF,FW",Freiburg,25-217,1998,11.8,1,17,8,47.1,1.44,0.68,0.06,0.13,16.3,0,0,0,1.7,1.7,0.10,-0.7,-0.7
Danilho Doekhi,nl NED,DF,Union Berlin,25-203,1998,8.0,1,3,1,33.3,0.37,0.12,0.33,1.00,9.4,0,0,0,0.2,0.2,0.08,+0.8,+0.8
Niklas Dorsch,de GER,MF,Augsburg,26-004,1998,12.7,0,11,0,0.0,0.87,0.00,0.00,,24.3,2,0,0,0.6,0.6,0.05,-0.6,-0.6
Nikola Dovedan,at AUT,"MF,FW",Heidenheim,29-197,1994,2.7,0,4,1,25.0,1.46,0.36,0.00,0.00,19.6,0,0,0,0.2,0.2,0.04,-0.2,-0.2
Damion Downs,de GER,"FW,MF",Köln,19-197,2004,0.3,0,1,0,0.0,3.75,0.00,0.00,,6.7,0,0,0,0.2,0.2,0.16,-0.2,-0.2
Dion Drena Beljo,hr CRO,"FW,MF",Augsburg,21-324,2002,4.5,2,10,5,50.0,2.24,1.12,0.20,0.40,13.8,0,0,0,1.3,1.3,0.13,+0.7,+0.7
Marvin Ducksch,de GER,FW,Werder Bremen,29-318,1994,15.1,7,27,11,40.7,1.79,0.73,0.19,0.45,19.5,7,2,3,5.5,3.0,0.11,+1.5,+2.0
Maximilian Eggestein,de GER,MF,Freiburg,27-042,1996,16.5,0,22,2,9.1,1.34,0.12,0.00,0.00,21.1,0,0,0,1.3,1.3,0.06,-1.3,-1.3
Lilian Egloff,de GER,"MF,DF",Stuttgart,21-152,2002,1.2,0,3,0,0.0,2.55,0.00,0.00,,19.4,0,0,0,0.2,0.2,0.06,-0.2,-0.2
Elif Elmas,mk MKD,DF,RB Leipzig,24-117,1999,0.0,0,0,0,,0.00,0.00,,,,0,0,0,0.0,0.0,,0.0,0.0
Nico Elvedi,ch SUI,DF,M'Gladbach,27-111,1996,12.9,1,8,3,37.5,0.62,0.23,0.13,0.33,11.8,0,0,0,0.4,0.4,0.06,+0.6,+0.6
Arne Engels,be BEL,"MF,DF",Augsburg,20-133,2003,7.7,1,9,3,33.3,1.16,0.39,0.11,0.33,15.8,0,0,0,1.0,1.0,0.12,0.0,0.0
Ohis Felix Uduokhai,de GER,DF,Augsburg,26-132,1997,15.5,1,4,2,50.0,0.26,0.13,0.25,0.50,8.4,0,0,0,0.6,0.6,0.16,+0.4,+0.4
Edimilson Fernandes,ch SUI,DF,Mainz 05,27-279,1996,10.7,0,12,0,0.0,1.12,0.00,0.00,,26.0,3,0,0,0.5,0.5,0.04,-0.5,-0.5
Nacho Ferri,es ESP,"FW,MF",Eint Frankfurt,19-106,2004,0.6,1,2,1,50.0,3.40,1.70,0.50,1.00,15.5,0,0,0,0.7,0.7,0.36,+0.3,+0.3
Max Finkgräfe,de GER,"DF,MF",Köln,19-298,2004,4.1,0,3,2,66.7,0.74,0.49,0.00,0.00,11.0,0,0,0,0.7,0.7,0.23,-0.7,-0.7
Jonas Föhrenbach,de GER,DF,Heidenheim,27-358,1996,15.1,0,5,0,0.0,0.33,0.00,0.00,,20.0,0,0,0,0.3,0.3,0.05,-0.3,-0.3
Emil Forsberg,se SWE,"MF,FW",RB Leipzig,32-088,1991,5.2,2,11,4,36.4,2.13,0.78,0.18,0.50,22.5,1,0,1,1.4,0.6,0.05,+0.6,+1.4
Philipp Förster,de GER,"MF,FW",Bochum,28-349,1995,2.5,0,2,1,50.0,0.81,0.40,0.00,0.00,14.9,0,0,0,0.2,0.2,0.11,-0.2,-0.2
Bartol Franjić,hr CRO,MF,Darmstadt 98,24-005,2000,7.0,0,1,0,0.0,0.14,0.00,0.00,,27.2,0,0,0,0.0,0.0,0.02,0.0,0.0
Marco Friedl,at AUT,DF,Werder Bremen,25-309,1998,12.4,0,2,0,0.0,0.16,0.00,0.00,,31.3,0,0,0,0.0,0.0,0.02,0.0,0.0
Marvin Friedrich,de GER,DF,M'Gladbach,28-037,1995,6.4,0,7,1,14.3,1.09,0.16,0.00,0.00,14.0,0,0,0,0.4,0.4,0.05,-0.4,-0.4
Jeremie Frimpong,nl NED,DF,Leverkusen,23-040,2000,15.6,5,28,15,53.6,1.79,0.96,0.18,0.33,12.9,0,0,0,4.1,4.1,0.15,+0.9,+0.9
Chris Führich,de GER,"FW,MF",Stuttgart,26-010,1998,14.9,5,29,11,37.9,1.95,0.74,0.17,0.45,16.3,1,0,1,4.8,4.0,0.14,+0.2,+1.0
Niclas Füllkrug,de GER,FW,Werder Bremen,30-344,1993,2.0,0,5,1,20.0,2.50,0.50,0.00,0.00,15.6,0,0,0,0.5,0.5,0.09,-0.5,-0.5
Niclas Füllkrug,de GER,FW,Dortmund,30-344,1993,12.1,5,25,10,40.0,2.06,0.83,0.20,0.50,12.2,0,0,0,5.0,5.0,0.21,0.0,0.0
Cristian Gamboa,cr CRC,DF,Bochum,34-087,1989,11.3,0,6,1,16.7,0.53,0.09,0.00,0.00,31.2,0,0,0,0.1,0.1,0.01,-0.1,-0.1
Yannick Gerhardt,de GER,"MF,FW",Wolfsburg,29-312,1994,7.7,1,10,6,60.0,1.29,0.77,0.10,0.17,16.2,0,0,0,0.9,0.9,0.09,+0.1,+0.1
Anwar El Ghazi,nl NED,"MF,DF",Mainz 05,28-261,1995,0.6,0,2,0,0.0,3.33,0.00,0.00,,21.5,0,0,0,0.1,0.1,0.07,-0.1,-0.1
Benedikt Gimber,de GER,DF,Heidenheim,26-334,1997,7.7,1,3,1,33.3,0.39,0.13,0.33,1.00,9.6,0,0,0,0.5,0.5,0.16,+0.5,+0.5
Matthias Ginter,de GER,DF,Freiburg,30-000,1994,15.3,0,3,1,33.3,0.20,0.07,0.00,0.00,6.4,0,0,0,0.9,0.9,0.31,-0.9,-0.9
Klaus Gjasula,al ALB,"DF,MF",Darmstadt 98,34-036,1989,7.0,0,3,0,0.0,0.43,0.00,0.00,,11.0,0,0,0,0.1,0.1,0.05,-0.1,-0.1
Serge Gnabry,de GER,"FW,MF",Bayern Munich,28-189,1995,2.5,0,10,3,30.0,3.98,1.19,0.00,0.00,13.0,0,0,0,1.1,1.1,0.12,-1.1,-1.1
Leon Goretzka,de GER,MF,Bayern Munich,28-347,1995,9.4,2,28,7,25.0,2.99,0.75,0.07,0.29,16.5,0,0,0,2.5,2.5,0.09,-0.5,-0.5
Robin Gosens,de GER,"DF,MF",Union Berlin,29-198,1994,10.8,4,15,5,33.3,1.39,0.46,0.27,0.80,12.5,0,0,0,1.1,1.1,0.07,+2.9,+2.9
Mario Götze,de GER,MF,Eint Frankfurt,31-230,1992,9.6,0,3,1,33.3,0.31,0.10,0.00,0.00,12.4,0,0,0,0.6,0.6,0.21,-0.6,-0.6
Jeffrey Gouweleeuw,nl NED,DF,Augsburg,32-193,1991,13.0,0,7,1,14.3,0.54,0.08,0.00,0.00,17.7,0,0,0,0.4,0.4,0.06,-0.4,-0.4
Jens Grahl,de GER,GK,Eint Frankfurt,35-119,1988,1.0,0,0,0,,0.00,0.00,,,,0,0,0,0.0,0.0,,0.0,0.0
Ryan Gravenberch,nl NED,FW,Bayern Munich,21-248,2002,0.1,0,0,0,,0.00,0.00,,,,0,0,0,0.0,0.0,,0.0,0.0
Michael Gregoritsch,at AUT,FW,Freiburg,29-276,1994,7.4,3,37,10,27.0,4.99,1.35,0.08,0.30,13.3,0,0,0,4.2,4.2,0.11,-1.2,-1.2
Vincenzo Grifo,it ITA,"MF,FW",Freiburg,30-287,1993,13.1,3,23,7,30.4,1.76,0.54,0.00,0.00,20.8,3,3,3,4.2,1.8,0.08,-1.2,-1.8
Florian Grillitsch,at AUT,"MF,DF",Hoffenheim,28-165,1995,9.6,1,12,2,16.7,1.26,0.21,0.08,0.50,27.6,0,0,0,0.8,0.8,0.07,+0.2,+0.2
Álex Grimaldo,es ESP,DF,Leverkusen,28-121,1995,16.9,7,35,13,37.1,2.07,0.77,0.20,0.54,21.0,8,0,0,2.4,2.4,0.07,+4.6,+4.6
Christian Groß,de GER,"MF,DF",Werder Bremen,34-345,1989,5.1,0,1,0,0.0,0.20,0.00,0.00,,20.7,0,0,0,0.1,0.1,0.08,-0.1,-0.1
Brajan Gruda,de GER,"MF,FW",Mainz 05,19-233,2004,9.2,1,14,7,50.0,1.52,0.76,0.07,0.14,19.1,1,0,0,1.1,1.1,0.08,-0.1,-0.1
Ilia Gruev,bg BUL,MF,Werder Bremen,23-258,2000,0.0,0,0,0,,0.00,0.00,,,,0,0,0,0.0,0.0,,0.0,0.0
Raphaël Guerreiro,pt POR,"MF,DF",Bayern Munich,30-028,1993,4.2,1,8,2,25.0,1.91,0.48,0.13,0.50,19.4,0,0,0,0.7,0.7,0.09,+0.3,+0.3
Josuha Guilavogui,fr FRA,DF,Mainz 05,33-122,1990,0.3,0,0,0,,0.00,0.00,,,,0,0,0,0.0,0.0,,0.0,0.0
Serhou Guirassy,gn GUI,FW,Stuttgart,27-313,1996,11.7,17,45,22,48.9,3.84,1.88,0.31,0.64,15.1,2,3,3,11.6,9.2,0.20,+5.4,+4.8
Manuel Gulde,de GER,DF,Freiburg,32-341,1991,9.0,1,8,1,12.5,0.89,0.11,0.13,1.00,10.6,0,0,0,0.8,0.8,0.10,+0.2,+0.2
Robert Gumny,pl POL,DF,Augsburg,25-229,1998,5.2,0,3,1,33.3,0.58,0.19,0.00,0.00,13.4,0,0,0,0.2,0.2,0.07,-0.2,-0.2
Christian Günter,de GER,DF,Freiburg,30-325,1993,1.0,0,0,0,,0.00,0.00,,,,0,0,0,0.0,0.0,,0.0,0.0
Janik Haberer,de GER,MF,Union Berlin,29-292,1994,9.6,0,11,1,9.1,1.15,0.10,0.00,0.00,18.1,0,0,0,0.7,0.7,0.06,-0.7,-0.7
Robin Hack,de GER,"FW,MF",M'Gladbach,25-145,1998,4.7,2,16,9,56.3,3.41,1.92,0.13,0.22,17.4,0,0,0,1.7,1.7,0.11,+0.3,+0.3
Amadou Haidara,ml MLI,MF,RB Leipzig,25-353,1998,7.1,0,12,4,33.3,1.69,0.56,0.00,0.00,21.8,0,0,0,0.7,0.7,0.06,-0.7,-0.7
Sébastien Haller,ci CIV,FW,Dortmund,29-211,1994,4.0,0,6,1,16.7,1.50,0.25,0.00,0.00,10.7,0,0,0,0.9,0.9,0.15,-0.9,-0.9
Andreas Hanche-Olsen,no NOR,DF,Mainz 05,27-002,1997,0.7,0,0,0,,0.00,0.00,,,,0,0,0,0.0,0.0,,0.0,0.0
Genki Haraguchi,jp JPN,MF,Stuttgart,32-255,1991,0.2,0,0,0,,0.00,0.00,,,,0,0,0,0.0,0.0,,0.0,0.0
Makoto Hasebe,jp JPN,"DF,MF",Eint Frankfurt,40-001,1984,0.4,0,0,0,,0.00,0.00,,,,0,0,0,0.0,0.0,,0.0,0.0
Thorgan Hazard,be BEL,DF,Dortmund,30-296,1993,0.1,0,0,0,,0.00,0.00,,,,0,0,0,0.0,0.0,,0.0,0.0
Dominique Heintz,de GER,DF,Köln,30-157,1993,4.6,0,0,0,,0.00,0.00,,,,0,0,0,0.0,0.0,,0.0,0.0
Benjamin Henrichs,de GER,DF,RB Leipzig,26-330,1997,14.9,1,23,6,26.1,1.55,0.40,0.04,0.17,19.9,3,0,0,1.4,1.4,0.06,-0.4,-0.4
Patrick Herrmann,de GER,"DF,FW",M'Gladbach,32-341,1991,0.5,0,1,0,0.0,2.05,0.00,0.00,,17.7,0,0,0,0.0,0.0,0.03,0.0,0.0
Piero Hincapié,ec ECU,DF,Leverkusen,22-010,2002,4.3,0,5,0,0.0,1.17,0.00,0.00,,10.5,0,0,0,0.9,0.9,0.17,-0.9,-0.9
Adam Hložek,cz CZE,"FW,MF",Leverkusen,21-178,2002,1.7,1,6,4,66.7,3.48,2.32,0.17,0.25,10.3,0,0,0,1.5,1.5,0.26,-0.5,-0.5
Nicolas Höfler,de GER,MF,Freiburg,33-316,1990,11.9,1,9,1,11.1,0.76,0.08,0.11,1.00,16.5,0,0,0,0.5,0.5,0.05,+0.5,+0.5
Jonas Hofmann,de GER,MF,Leverkusen,31-189,1992,15.1,5,31,14,45.2,2.05,0.93,0.16,0.36,18.4,0,0,0,2.9,2.9,0.09,+2.1,+2.1
Philipp Hofmann,de GER,FW,Bochum,30-295,1993,8.9,0,13,5,38.5,1.46,0.56,0.00,0.00,13.2,0,0,0,1.5,1.5,0.11,-1.5,-1.5
Lucas Höler,de GER,"FW,MF",Freiburg,29-193,1994,13.1,5,18,10,55.6,1.37,0.76,0.22,0.40,12.6,0,1,1,5.2,4.4,0.24,-0.2,-0.4
Fabian Holland,de GER,"MF,DF",Darmstadt 98,33-192,1990,12.0,0,5,1,20.0,0.42,0.08,0.00,0.00,31.0,1,0,0,0.1,0.1,0.03,-0.1,-0.1
Benedict Hollerbach,de GER,"FW,MF",Union Berlin,22-247,2001,3.9,2,9,3,33.3,2.33,0.78,0.22,0.67,17.6,0,0,0,0.5,0.5,0.06,+1.5,+1.5
Franck Honorat,fr FRA,"DF,FW",M'Gladbach,27-161,1996,14.7,1,12,3,25.0,0.82,0.20,0.08,0.33,19.4,1,0,0,0.5,0.5,0.04,+0.5,+0.5
Mathias Honsak,at AUT,"MF,FW",Darmstadt 98,27-030,1996,6.6,1,14,5,35.7,2.12,0.76,0.07,0.20,16.6,0,0,0,1.0,1.0,0.07,0.0,0.0
Fraser Hornby,sct SCO,"FW,MF",Darmstadt 98,24-128,1999,2.4,0,10,2,20.0,4.15,0.83,0.00,0.00,13.1,0,0,0,0.7,0.7,0.07,-0.7,-0.7
Lukáš Hrádecký,fi FIN,GK,Leverkusen,34-056,1989,17.0,0,0,0,,0.00,0.00,,,,0,0,0,0.0,0.0,,0.0,0.0
Timo Hübers,de GER,DF,Köln,27-183,1996,16.9,0,12,2,16.7,0.71,0.12,0.00,0.00,9.8,0,0,0,1.3,1.3,0.11,-1.3,-1.3
Mats Hummels,de GER,DF,Dortmund,35-034,1988,11.0,2,10,3,30.0,0.91,0.27,0.20,0.67,9.5,0,0,0,2.5,2.5,0.30,-0.5,-0.5
Denis Huseinbasic,de GER,MF,Köln,22-200,2001,6.1,0,2,2,100.0,0.33,0.33,0.00,0.00,18.0,0,0,0,0.1,0.1,0.05,-0.1,-0.1
Iago,br BRA,"DF,FW",Augsburg,26-302,1997,6.7,1,3,2,66.7,0.45,0.30,0.33,0.50,13.2,0,0,0,0.2,0.2,0.06,+0.8,+0.8
Thomas Isherwood,se SWE,DF,Darmstadt 98,25-356,1998,3.6,0,0,0,,0.00,0.00,,,,0,0,0,0.0,0.0,,0.0,0.0
Ko Itakura,jp JPN,DF,M'Gladbach,26-357,1997,6.8,2,8,4,50.0,1.18,0.59,0.25,0.50,12.0,0,0,0,0.7,0.7,0.09,+1.3,+1.3
Hiroki Ito,jp JPN,DF,Stuttgart,24-252,1999,10.9,0,13,3,23.1,1.19,0.27,0.00,0.00,24.2,0,0,0,0.6,0.6,0.04,-0.6,-0.6
Lee Jae-sung,kr KOR,MF,Mainz 05,31-162,1992,12.4,2,13,7,53.8,1.04,0.56,0.15,0.29,14.5,0,0,0,1.2,1.2,0.09,+0.8,+0.8
Paul Jaeckel,de GER,DF,Union Berlin,25-181,1998,2.4,0,0,0,,0.00,0.00,,,,0,0,0,0.0,0.0,,0.0,0.0
Kristijan Jakić,hr CRO,"MF,FW",Eint Frankfurt,26-250,1997,2.2,0,1,0,0.0,0.45,0.00,0.00,,24.2,0,0,0,0.0,0.0,0.04,0.0,0.0
Tony Jantschke,de GER,"DF,MF",M'Gladbach,33-287,1990,0.2,0,0,0,,0.00,0.00,,,,0,0,0,0.0,0.0,,0.0,0.0
Fredrik Jensen,fi FIN,"FW,MF",Augsburg,26-132,1997,8.4,1,7,3,42.9,0.84,0.36,0.14,0.33,19.0,0,0,0,0.5,0.5,0.07,+0.5,+0.5
Moritz Jenz,de GER,DF,Wolfsburg,24-264,1999,9.5,0,1,0,0.0,0.11,0.00,0.00,,17.2,0,0,0,0.0,0.0,0.02,0.0,0.0
Anthony Jung,de GER,"DF,FW",Werder Bremen,32-077,1991,14.4,0,1,0,0.0,0.07,0.00,0.00,,13.5,0,0,0,0.0,0.0,0.02,0.0,0.0
Josip Juranović,hr CRO,DF,Union Berlin,28-156,1995,7.6,0,7,2,28.6,0.92,0.26,0.00,0.00,19.5,1,0,0,0.4,0.4,0.06,-0.4,-0.4
Julian Justvan,de GER,"FW,MF",Hoffenheim,25-292,1998,0.5,0,1,0,0.0,1.84,0.00,0.00,,25.0,0,0,0,0.0,0.0,0.04,0.0,0.0
Ozan Kabak,tr TUR,DF,Hoffenheim,23-300,2000,11.7,2,10,3,30.0,0.86,0.26,0.20,0.67,10.5,0,0,0,1.1,1.1,0.11,+0.9,+0.9
Pavel Kadeřábek,cz CZE,"DF,FW",Hoffenheim,31-269,1992,12.0,1,9,3,33.3,0.75,0.25,0.11,0.33,10.2,0,0,0,1.6,1.6,0.18,-0.6,-0.6
Florian Kainz,at AUT,"MF,FW",Köln,31-087,1992,13.0,3,12,1,8.3,0.92,0.08,0.00,0.00,28.0,2,3,3,2.8,0.5,0.04,+0.2,-0.5
Sasa Kalajdzic,at AUT,FW,Eint Frankfurt,26-196,1997,0.7,0,0,0,,0.00,0.00,,,,0,0,0,0.0,0.0,,0.0,0.0
Jakub Kamiński,pl POL,"FW,MF",Wolfsburg,21-228,2002,2.6,0,6,2,33.3,2.30,0.77,0.00,0.00,14.5,0,0,0,0.2,0.2,0.04,-0.2,-0.2
Kevin Kampl,si SVN,MF,RB Leipzig,33-102,1990,10.5,1,3,1,33.3,0.29,0.10,0.33,1.00,21.1,0,0,0,0.1,0.1,0.03,+0.9,+0.9
Harry Kane,eng ENG,FW,Bayern Munich,30-175,1993,15.6,22,68,34,50.0,4.35,2.17,0.28,0.56,15.2,2,3,3,15.9,13.5,0.20,+6.1,+5.5
Atakan Karazor,de GER,MF,Stuttgart,27-098,1996,16.1,0,13,1,7.7,0.81,0.06,0.00,0.00,21.1,0,0,0,0.7,0.7,0.05,-0.7,-0.7
Emir Karic,at AUT,DF,Darmstadt 98,26-224,1997,8.3,0,7,1,14.3,0.84,0.12,0.00,0.00,26.1,0,0,0,0.2,0.2,0.02,-0.2,-0.2
Silas Katompa,cd COD,"FW,MF",Stuttgart,25-105,1998,8.1,3,18,5,27.8,2.23,0.62,0.17,0.60,13.5,0,0,1,5.0,4.2,0.23,-2.0,-1.2
Mikkel Kaufmann,dk DEN,"FW,DF",Union Berlin,23-016,2001,1.9,1,4,1,25.0,2.14,0.54,0.25,1.00,14.1,0,0,0,0.3,0.3,0.08,+0.7,+0.7
Naby Keïta,gn GUI,MF,Werder Bremen,28-343,1995,0.9,0,2,0,0.0,2.22,0.00,0.00,,22.5,0,0,0,0.1,0.1,0.05,-0.1,-0.1
Yannik Keitel,de GER,MF,Freiburg,23-338,2000,1.4,0,0,0,,0.00,0.00,,,,0,0,0,0.0,0.0,,0.0,0.0
Thomas Keller,de GER,"MF,FW",Heidenheim,24-167,1999,0.0,0,0,0,,0.00,0.00,,,,0,0,0,0.0,0.0,,0.0,0.0
Aljoscha Kemlein,de GER,MF,Union Berlin,19-170,2004,0.3,0,1,0,0.0,3.10,0.00,0.00,,23.2,0,0,0,0.0,0.0,0.04,0.0,0.0
Tobias Kempe,de GER,MF,Darmstadt 98,34-206,1989,9.1,3,12,0,0.0,1.31,0.00,0.00,,24.7,3,3,3,3.2,0.8,0.07,-0.2,-0.8
Rani Khedira,de GER,MF,Union Berlin,29-357,1994,4.0,0,0,0,,0.00,0.00,,,,0,0,0,0.0,0.0,,0.0,0.0
Luca Kilian,de GER,DF,Köln,24-140,1999,3.1,0,0,0,,0.00,0.00,,,,0,0,0,0.0,0.0,,0.0,0.0
Joshua Kimmich,de GER,MF,Bayern Munich,28-345,1995,10.5,1,15,5,33.3,1.43,0.48,0.07,0.20,26.4,1,0,0,0.5,0.5,0.03,+0.5,+0.5
Christoph Klarer,at AUT,DF,Darmstadt 98,23-219,2000,14.0,0,3,0,0.0,0.21,0.00,0.00,,8.6,0,0,0,0.4,0.4,0.14,-0.4,-0.4
Tim Kleindienst,de GER,FW,Heidenheim,28-141,1995,16.5,6,40,16,40.0,2.42,0.97,0.10,0.25,14.1,0,2,2,8.5,7.0,0.17,-2.5,-3.0
Lukas Klostermann,de GER,DF,RB Leipzig,27-230,1996,9.7,1,3,2,66.7,0.31,0.21,0.33,0.50,10.4,0,0,0,0.7,0.7,0.23,+0.3,+0.3
Ansgar Knauff,de GER,"MF,FW",Eint Frankfurt,22-009,2002,9.9,4,16,6,37.5,1.62,0.61,0.25,0.67,13.8,0,0,0,3.0,3.0,0.19,+1.0,+1.0
Robin Knoche,de GER,DF,Union Berlin,31-242,1992,12.6,0,3,2,66.7,0.24,0.16,0.00,0.00,17.0,0,0,1,1.0,0.2,0.06,-1.0,-0.2
Gregor Kobel,ch SUI,GK,Dortmund,26-044,1997,16.3,0,0,0,,0.00,0.00,,,,0,0,0,0.0,0.0,,0.0,0.0
Robin Koch,de GER,DF,Eint Frankfurt,27-186,1996,14.7,1,4,1,25.0,0.27,0.07,0.25,1.00,12.9,0,0,0,1.0,1.0,0.25,0.0,0.0
Dominik Kohr,de GER,"MF,DF",Mainz 05,29-353,1994,12.4,0,14,3,21.4,1.13,0.24,0.00,0.00,15.8,0,0,0,1.0,1.0,0.07,-1.0,-1.0
Randal Kolo Muani,fr FRA,FW,Eint Frankfurt,25-045,1998,1.7,1,5,1,20.0,2.94,0.59,0.20,1.00,8.0,0,0,0,1.3,1.3,0.26,-0.3,-0.3
Kouadio Koné,fr FRA,MF,M'Gladbach,22-247,2001,7.8,1,9,2,22.2,1.16,0.26,0.11,0.50,21.1,0,0,0,0.4,0.4,0.04,+0.6,+0.6
Odilon Kossonou,ci CIV,DF,Leverkusen,23-015,2001,13.4,1,4,1,25.0,0.30,0.07,0.25,1.00,12.1,0,0,0,0.6,0.6,0.15,+0.4,+0.4
Dawid Kownacki,pl POL,FW,Werder Bremen,26-311,1997,2.6,0,9,2,22.2,3.48,0.77,0.00,0.00,12.6,0,0,0,0.6,0.6,0.06,-0.6,-0.6
Alex Král,cz CZE,MF,Union Berlin,25-245,1998,9.5,0,9,3,33.3,0.95,0.32,0.00,0.00,19.7,0,0,0,0.8,0.8,0.09,-0.8,-0.8
Andrej Kramarić,hr CRO,"MF,FW",Hoffenheim,32-214,1991,11.1,6,27,8,29.6,2.43,0.72,0.07,0.25,21.2,6,4,4,5.4,2.3,0.08,+0.6,-0.3
Christoph Kramer,de GER,MF,M'Gladbach,32-334,1991,2.0,0,1,0,0.0,0.49,0.00,0.00,,16.1,0,0,0,0.1,0.1,0.11,-0.1,-0.1
Frans Krätzig,de GER,DF,Bayern Munich,21-005,2003,0.6,0,2,2,100.0,3.21,3.21,0.00,0.00,19.4,0,0,0,0.3,0.3,0.13,-0.3,-0.3
Tom Krauß,de GER,MF,Mainz 05,22-211,2001,9.7,1,10,1,10.0,1.03,0.10,0.10,1.00,22.8,0,0,0,0.4,0.4,0.04,+0.6,+0.6
Lukas Kübler,de GER,DF,Freiburg,31-142,1992,9.5,0,4,2,50.0,0.42,0.21,0.00,0.00,20.1,0,0,0,0.4,0.4,0.09,-0.4,-0.4
Moritz-Broni Kwarteng,gh GHA,"FW,MF",Bochum,25-266,1998,1.8,0,6,1,16.7,3.29,0.55,0.00,0.00,19.7,1,0,0,0.5,0.5,0.08,-0.5,-0.5
Maxence Lacroix,fr FRA,DF,Wolfsburg,23-288,2000,13.2,1,5,4,80.0,0.38,0.30,0.20,0.25,10.1,0,0,0,0.4,0.4,0.09,+0.6,+0.6
Aïssa Laïdouni,tn TUN,MF,Union Berlin,27-037,1996,8.0,0,9,4,44.4,1.12,0.50,0.00,0.00,23.2,0,0,0,0.4,0.4,0.04,-0.4,-0.4
Konrad Laimer,at AUT,"DF,MF",Bayern Munich,26-237,1997,12.1,0,9,3,33.3,0.74,0.25,0.00,0.00,14.8,0,0,0,0.5,0.5,0.05,-0.5,-0.5
Hugo Larsson,se SWE,MF,Eint Frankfurt,19-206,2004,13.8,2,9,4,44.4,0.65,0.29,0.22,0.50,20.4,0,0,0,1.2,1.2,0.14,+0.8,+0.8
Diogo Leite,pt POR,DF,Union Berlin,24-361,1999,15.6,0,7,3,42.9,0.45,0.19,0.00,0.00,9.8,0,0,0,0.7,0.7,0.10,-0.7,-0.7
Maxim Leitsch,de GER,DF,Mainz 05,25-246,1998,4.1,0,0,0,,0.00,0.00,,,,0,0,0,0.0,0.0,,0.0,0.0
Christopher Lenz,de GER,"DF,MF",RB Leipzig,29-119,1994,0.4,0,0,0,,0.00,0.00,,,,0,0,0,0.0,0.0,,0.0,0.0
Christopher Lenz,de GER,DF,Eint Frankfurt,29-119,1994,0.1,0,0,0,,0.00,0.00,,,,0,0,0,0.0,0.0,,0.0,0.0
Jamie Leweling,de GER,"MF,FW",Stuttgart,22-327,2001,6.6,0,16,7,43.8,2.43,1.06,0.00,0.00,16.7,0,0,0,2.2,2.2,0.14,-2.2,-2.2
Philipp Lienhart,at AUT,DF,Freiburg,27-192,1996,13.7,1,7,3,42.9,0.51,0.22,0.14,0.33,9.6,0,0,0,1.1,1.1,0.16,-0.1,-0.1
Matthijs de Ligt,nl NED,DF,Bayern Munich,24-160,1999,4.1,1,8,4,50.0,1.95,0.98,0.13,0.25,10.7,0,0,0,1.2,1.2,0.15,-0.2,-0.2
Jesper Lindstrøm,dk DEN,FW,Eint Frankfurt,23-324,2000,0.9,0,1,0,0.0,1.08,0.00,0.00,,11.1,0,0,0,0.2,0.2,0.19,-0.2,-0.2
Dejan Ljubicic,at AUT,"MF,FW",Köln,26-103,1997,12.3,0,20,5,25.0,1.62,0.41,0.00,0.00,22.5,0,0,0,0.8,0.8,0.04,-0.8,-0.8
Noah Loosli,ch SUI,"DF,MF",Bochum,26-361,1997,1.8,0,0,0,,0.00,0.00,,,,0,0,0,0.0,0.0,,0.0,0.0
Anthony Losilla,fr FRA,MF,Bochum,37-315,1986,14.5,1,9,1,11.1,0.62,0.07,0.11,1.00,18.0,0,0,0,0.9,0.9,0.10,+0.1,+0.1
Castello Lukeba,fr FRA,DF,RB Leipzig,21-033,2002,11.0,1,4,2,50.0,0.36,0.18,0.25,0.50,11.2,0,0,0,0.5,0.5,0.11,+0.5,+0.5
Senne Lynen,be BEL,MF,Werder Bremen,24-334,1999,5.0,0,3,1,33.3,0.60,0.20,0.00,0.00,17.9,0,0,0,0.1,0.1,0.04,-0.1,-0.1
Ian Maatsen,nl NED,DF,Dortmund,21-315,2002,1.0,0,0,0,,0.00,0.00,,,,0,0,0,0.0,0.0,,0.0,0.0
Matej Maglica,hr CRO,DF,Darmstadt 98,25-116,1998,9.2,1,6,1,16.7,0.65,0.11,0.17,1.00,21.9,1,0,0,0.4,0.4,0.06,+0.6,+0.6
Arne Maier,de GER,"MF,DF",Augsburg,25-011,1999,1.0,0,0,0,,0.00,0.00,,,,0,0,0,0.0,0.0,,0.0,0.0
Linton Maina,de GER,"FW,MF",Köln,24-210,1999,11.8,1,18,7,38.9,1.53,0.59,0.06,0.14,20.7,0,0,0,0.9,0.9,0.05,+0.1,+0.1
Patrick Mainka,de GER,DF,Heidenheim,29-074,1994,17.0,2,17,4,23.5,1.00,0.24,0.12,0.50,9.2,0,0,0,1.8,1.8,0.10,+0.2,+0.2
Lovro Majer,hr CRO,"MF,FW",Wolfsburg,26-002,1998,13.5,2,20,5,25.0,1.49,0.37,0.05,0.20,22.9,2,1,1,2.4,1.7,0.08,-0.4,-0.7
Jordy Makengo,fr FRA,DF,Freiburg,22-169,2001,4.4,0,0,0,,0.00,0.00,,,,0,0,0,0.0,0.0,,0.0,0.0
Donyell Malen,nl NED,"FW,MF",Dortmund,25-010,1999,11.6,5,43,22,51.2,3.71,1.90,0.12,0.23,17.6,2,0,0,5.0,5.0,0.12,0.0,0.0
Lennard Maloney,us USA,MF,Heidenheim,24-103,1999,15.8,0,10,2,20.0,0.63,0.13,0.00,0.00,17.7,0,0,0,0.5,0.5,0.05,-0.5,-0.5
David Mamutovic,de GER,DF,Mainz 05,23-045,2000,0.1,0,0,0,,0.00,0.00,,,,0,0,0,0.0,0.0,,0.0,0.0
Braydon Manu,gh GHA,MF,Darmstadt 98,26-297,1997,0.9,0,4,1,25.0,4.44,1.11,0.00,0.00,12.5,0,0,0,0.3,0.3,0.08,-0.3,-0.3
Omar Marmoush,eg EGY,"FW,MF",Eint Frankfurt,24-346,1999,12.0,7,35,13,37.1,2.91,1.08,0.17,0.46,17.7,2,1,1,5.3,4.5,0.13,+1.7,+1.5
Eric Martel,de GER,MF,Köln,21-265,2002,13.4,0,11,4,36.4,0.82,0.30,0.00,0.00,19.1,0,0,0,1.4,1.4,0.14,-1.4,-1.4
Erhan Mašović,rs SRB,DF,Bochum,25-058,1998,13.4,0,11,2,18.2,0.82,0.15,0.00,0.00,20.8,0,0,0,0.8,0.8,0.08,-0.8,-0.8
Roberto Massimo,de GER,"DF,FW",Stuttgart,23-099,2000,0.7,0,0,0,,0.00,0.00,,,,0,0,0,0.0,0.0,,0.0,0.0
Philipp Max,de GER,"DF,MF",Eint Frankfurt,30-111,1993,9.3,0,4,0,0.0,0.43,0.00,0.00,,25.8,0,0,0,0.1,0.1,0.02,-0.1,-0.1
Eric Maxim Choupo-Moting,cm CMR,"MF,FW",Bayern Munich,34-302,1989,3.7,2,18,9,50.0,4.85,2.43,0.11,0.22,10.6,0,0,0,3.9,3.9,0.22,-1.9,-1.9
Noussair Mazraoui,ma MAR,DF,Bayern Munich,26-066,1997,9.1,0,9,1,11.1,0.99,0.11,0.00,0.00,17.5,0,0,0,0.8,0.8,0.09,-0.8,-0.8
Kevin Mbabu,ch SUI,DF,Augsburg,28-275,1995,8.9,0,2,0,0.0,0.22,0.00,0.00,,15.4,0,0,0,0.1,0.1,0.04,-0.1,-0.1
Noah Mbamba,be BEL,MF,Leverkusen,19-014,2005,0.2,0,1,0,0.0,6.00,0.00,0.00,,26.7,0,0,0,0.0,0.0,0.03,0.0,0.0
Nathanael Mbuku,fr FRA,FW,Augsburg,21-309,2002,0.1,0,1,0,0.0,18.00,0.00,0.00,,23.7,0,0,0,0.0,0.0,0.03,0.0,0.0
Marvin Mehlem,de GER,MF,Darmstadt 98,26-130,1997,10.8,3,18,8,44.4,1.67,0.74,0.17,0.38,16.7,0,0,0,3.6,3.6,0.20,-0.6,-0.6
Thomas Meunier,be BEL,DF,Dortmund,32-129,1991,3.9,0,5,1,20.0,1.29,0.26,0.00,0.00,18.2,0,0,0,0.4,0.4,0.07,-0.4,-0.4
Alexander Meyer,de GER,GK,Dortmund,32-281,1991,0.7,0,0,0,,0.00,0.00,,,,0,0,0,0.0,0.0,,0.0,0.0
Sven Michel,de GER,"FW,MF",Augsburg,33-188,1990,4.9,1,7,4,57.1,1.42,0.81,0.00,0.00,22.6,0,1,1,1.0,0.2,0.04,0.0,-0.2
Enzo Millot,fr FRA,"MF,FW",Stuttgart,21-186,2002,12.4,2,13,9,69.2,1.05,0.72,0.15,0.22,19.0,0,0,0,1.3,1.3,0.10,+0.7,+0.7
Jovan Milošević,rs SRB,FW,Stuttgart,18-172,2005,0.3,0,0,0,,0.00,0.00,,,,0,0,0,0.0,0.0,,0.0,0.0
Kim Min-jae,kr KOR,DF,Bayern Munich,27-065,1996,14.6,1,6,2,33.3,0.41,0.14,0.17,0.50,9.7,0,0,0,0.6,0.6,0.10,+0.4,+0.4
Maximilian Mittelstädt,de GER,DF,Stuttgart,26-307,1997,8.3,0,8,2,25.0,0.96,0.24,0.00,0.00,25.3,0,0,0,0.2,0.2,0.03,-0.2,-0.2
Youssoufa Moukoko,de GER,FW,Dortmund,19-060,2004,1.8,2,5,3,60.0,2.81,1.69,0.40,0.67,13.6,0,0,0,1.0,1.0,0.19,+1.0,+1.0
Andreas Müller,de GER,MF,Darmstadt 98,23-183,2000,0.6,0,0,0,,0.00,0.00,,,,0,0,0,0.0,0.0,,0.0,0.0
Jannik Müller,de GER,DF,Darmstadt 98,30-001,1994,6.7,0,2,0,0.0,0.30,0.00,0.00,,16.1,0,0,0,0.1,0.1,0.04,-0.1,-0.1
Kevin Müller,de GER,GK,Heidenheim,32-310,1991,17.0,0,0,0,,0.00,0.00,,,,0,0,0,0.0,0.0,,0.0,0.0
Marcus Müller,de GER,MF,Mainz 05,21-152,2002,0.2,0,1,0,0.0,5.00,0.00,0.00,,16.0,0,0,0,0.1,0.1,0.05,-0.1,-0.1
Thomas Müller,de GER,"MF,FW",Bayern Munich,34-128,1989,6.4,1,14,5,35.7,2.20,0.79,0.07,0.20,12.5,0,0,0,2.2,2.2,0.18,-1.2,-1.2
Jamal Musiala,de GER,"MF,FW",Bayern Munich,20-327,2003,8.2,5,18,8,44.4,2.20,0.98,0.28,0.63,18.2,0,0,0,3.3,3.3,0.18,+1.7,+1.7
Phillipp Mwene,at AUT,"DF,FW",Mainz 05,29-355,1994,9.3,0,7,4,57.1,0.75,0.43,0.00,0.00,19.5,0,0,0,0.3,0.3,0.05,-0.3,-0.3
Joakim Mæhle,dk DEN,DF,Wolfsburg,26-244,1997,15.0,1,13,4,30.8,0.87,0.27,0.08,0.25,18.7,0,0,0,0.9,0.9,0.07,+0.1,+0.1
Nathan N'Goumou,fr FRA,"FW,MF",M'Gladbach,23-311,2000,7.6,2,12,6,50.0,1.58,0.79,0.17,0.33,16.4,0,0,0,1.6,1.6,0.13,+0.4,+0.4
Stanley N'Soki,fr FRA,DF,Hoffenheim,24-285,1999,1.3,0,0,0,,0.00,0.00,,,,0,0,0,0.0,0.0,,0.0,0.0
Luca Netz,de GER,DF,M'Gladbach,20-249,2003,13.5,0,10,3,30.0,0.74,0.22,0.00,0.00,15.7,0,0,0,0.7,0.7,0.07,-0.7,-0.7
Manuel Neuer,de GER,GK,Bayern Munich,37-298,1986,8.0,0,0,0,,0.00,0.00,,,,0,0,0,0.0,0.0,,0.0,0.0
Florian Neuhaus,de GER,MF,M'Gladbach,26-309,1997,6.7,3,18,7,38.9,2.67,1.04,0.17,0.43,22.8,1,0,0,1.7,1.7,0.10,+1.3,+1.3
Jessic Ngankam,de GER,FW,Eint Frankfurt,23-183,2000,3.1,0,7,4,57.1,2.27,1.29,0.00,0.00,16.5,0,0,1,1.5,0.7,0.10,-1.5,-0.7
Moritz Nicolas,de GER,GK,M'Gladbach,26-090,1997,15.0,0,0,0,,0.00,0.00,,,,0,0,0,0.0,0.0,,0.0,0.0
Justin Njinmah,de GER,"FW,MF",Werder Bremen,23-065,2000,4.8,3,19,9,47.4,3.95,1.87,0.16,0.33,15.7,0,0,0,2.6,2.6,0.13,+0.4,+0.4
Niels Nkounkou,fr FRA,"DF,MF",Eint Frankfurt,23-079,2000,5.6,1,8,2,25.0,1.42,0.36,0.13,0.50,21.2,0,0,0,0.3,0.3,0.04,+0.7,+0.7
Felix Nmecha,de GER,MF,Dortmund,23-101,2000,6.7,0,15,0,0.0,2.23,0.00,0.00,,18.2,0,0,0,1.0,1.0,0.06,-1.0,-1.0
Alexander Nübel,de GER,GK,Stuttgart,27-111,1996,17.0,0,0,0,,0.00,0.00,,,,0,0,0,0.0,0.0,,0.0,0.0
Fabian Nürnberger,de GER,"DF,MF",Darmstadt 98,24-175,1999,10.6,1,11,4,36.4,1.04,0.38,0.09,0.25,21.6,1,0,0,0.5,0.5,0.05,+0.5,+0.5
Tim Oermann,de GER,"DF,MF",Bochum,20-105,2003,1.2,0,1,0,0.0,0.83,0.00,0.00,,35.2,0,0,0,0.0,0.0,0.01,0.0,0.0
Masaya Okugawa,jp JPN,"FW,DF",Augsburg,27-280,1996,0.4,0,0,0,,0.00,0.00,,,,0,0,0,0.0,0.0,,0.0,0.0
Finn Ole Becker,de GER,MF,Hoffenheim,23-225,2000,3.9,0,6,1,16.7,1.56,0.26,0.00,0.00,22.6,0,0,0,0.2,0.2,0.04,-0.2,-0.2
Mathias Olesen,lu LUX,"MF,FW",Köln,22-304,2001,1.2,0,1,0,0.0,0.80,0.00,0.00,,30.1,0,0,0,0.0,0.0,0.03,0.0,0.0
Dani Olmo,es ESP,"MF,FW",RB Leipzig,25-257,1998,3.4,2,9,3,33.3,2.66,0.89,0.22,0.67,20.2,2,0,0,0.7,0.7,0.08,+1.3,+1.3
Jonas Omlin,ch SUI,GK,M'Gladbach,30-009,1994,2.0,0,0,0,,0.00,0.00,,,,0,0,0,0.0,0.0,,0.0,0.0
Karim Onisiwo,at AUT,"FW,MF",Mainz 05,31-308,1992,9.9,0,19,3,15.8,1.93,0.30,0.00,0.00,14.9,0,0,0,1.0,1.0,0.05,-1.0,-1.0
Loïs Openda,be BEL,FW,RB Leipzig,23-337,2000,14.9,11,72,32,44.4,4.82,2.14,0.13,0.28,14.7,1,2,2,12.0,10.4,0.15,-1.0,-1.4
Leon Opitz,de GER,"FW,DF",Werder Bremen,18-283,2005,0.2,0,0,0,,0.00,0.00,,,,0,0,0,0.0,0.0,,0.0,0.0
Willi Orban,hu HUN,DF,RB Leipzig,31-077,1992,3.0,0,2,1,50.0,0.67,0.33,0.00,0.00,10.6,0,0,0,0.1,0.1,0.07,-0.1,-0.1
Ivan Ordets,ua UKR,DF,Bochum,31-195,1992,8.4,0,8,3,37.5,0.96,0.36,0.00,0.00,11.3,0,0,0,0.5,0.5,0.06,-0.5,-0.5
Patrick Osterhage,de GER,"MF,DF",Bochum,23-352,2000,9.6,2,13,3,23.1,1.36,0.31,0.15,0.67,19.4,0,0,0,0.7,0.7,0.05,+1.3,+1.3
Salih Özcan,tr TUR,MF,Dortmund,26-008,1998,7.1,0,3,1,33.3,0.42,0.14,0.00,0.00,21.3,0,0,0,0.1,0.1,0.04,-0.1,-0.1
Willian Pacho,ec ECU,DF,Eint Frankfurt,22-095,2001,17.0,0,7,2,28.6,0.41,0.12,0.00,0.00,13.3,0,0,0,0.7,0.7,0.09,-0.7,-0.7
Gonçalo Paciência,pt POR,FW,Bochum,29-171,1994,5.3,3,25,8,32.0,4.70,1.50,0.12,0.38,17.8,1,0,0,2.0,2.0,0.08,+1.0,+1.0
Exequiel Palacios,ar ARG,MF,Leverkusen,25-106,1998,14.4,3,12,3,25.0,0.83,0.21,0.17,0.67,23.6,0,1,1,1.8,1.0,0.08,+1.2,+1.0
Miloš Pantović,rs SRB,MF,Union Berlin,27-196,1996,0.2,1,1,1,100.0,6.00,6.00,1.00,1.00,13.2,0,0,0,0.8,0.8,0.76,+0.2,+0.2
Antonios Papadopoulos,de GER,DF,Dortmund,24-131,1999,0.3,0,0,0,,0.00,0.00,,,,0,0,0,0.0,0.0,,0.0,0.0
Matondo-Merveille Papela,de GER,"MF,DF",Mainz 05,23-001,2001,2.2,0,3,1,33.3,1.34,0.45,0.00,0.00,22.4,0,0,0,0.1,0.1,0.03,-0.1,-0.1
Leart Paqarada,xk KVX,DF,Köln,29-103,1994,9.6,0,8,4,50.0,0.83,0.42,0.00,0.00,26.1,2,0,0,0.2,0.2,0.03,-0.2,-0.2
Kevin Paredes,us USA,"MF,FW",Wolfsburg,20-257,2003,3.9,1,6,3,50.0,1.54,0.77,0.17,0.33,20.5,0,0,0,0.9,0.9,0.15,+0.1,+0.1
Felix Passlack,de GER,DF,Bochum,25-235,1998,4.8,0,4,0,0.0,0.83,0.00,0.00,,22.5,0,0,0,0.2,0.2,0.06,-0.2,-0.2
Jiří Pavlenka,cz CZE,GK,Werder Bremen,31-280,1992,7.0,0,0,0,,0.00,0.00,,,,0,0,0,0.0,0.0,,0.0,0.0
Aleksandar Pavlovic,de GER,MF,Bayern Munich,19-261,2004,3.5,0,4,0,0.0,1.15,0.00,0.00,,19.0,0,0,0,0.3,0.3,0.08,-0.3,-0.3
Mads Pedersen,dk DEN,DF,Augsburg,27-140,1996,12.4,1,7,1,14.3,0.57,0.08,0.14,1.00,20.9,0,0,0,0.3,0.3,0.05,+0.7,+0.7
Jordan Pefok,us USA,FW,M'Gladbach,27-268,1996,5.8,3,14,5,35.7,2.41,0.86,0.21,0.60,12.6,0,0,0,3.1,3.1,0.22,-0.1,-0.1
Jordan Pefok,us USA,FW,Union Berlin,27-268,1996,0.3,0,0,0,,0.00,0.00,,,,0,0,0,0.0,0.0,,0.0,0.0
Pavao Pervan,at AUT,GK,Wolfsburg,36-067,1987,3.0,0,0,0,,0.00,0.00,,,,0,0,0,0.0,0.0,,0.0,0.0
Jens Petter Hauge,no NOR,"MF,FW",Eint Frankfurt,24-099,1999,1.6,0,1,0,0.0,0.62,0.00,0.00,,17.4,0,0,0,0.1,0.1,0.07,-0.1,-0.1
Luca Pfeiffer,de GER,"FW,MF",Darmstadt 98,27-152,1996,12.1,1,30,11,36.7,2.48,0.91,0.03,0.09,16.5,0,0,0,2.7,2.7,0.09,-1.7,-1.7
Patric Pfeiffer,de GER,DF,Augsburg,24-152,1999,4.1,0,6,0,0.0,1.46,0.00,0.00,,20.5,0,0,0,0.2,0.2,0.04,-0.2,-0.2
Maximilian Philipp,de GER,"FW,MF",Freiburg,29-324,1994,2.6,1,6,1,16.7,2.30,0.38,0.17,1.00,12.9,0,0,0,0.4,0.4,0.06,+0.6,+0.6
Florian Pick,de GER,"MF,FW",Heidenheim,28-133,1995,2.4,0,5,0,0.0,2.08,0.00,0.00,,24.3,0,0,0,0.1,0.1,0.03,-0.1,-0.1
Amos Pieper,de GER,DF,Werder Bremen,26-002,1998,6.0,0,3,0,0.0,0.50,0.00,0.00,,11.8,0,0,0,0.2,0.2,0.08,-0.2,-0.2
Marvin Pieringer,de GER,"FW,MF",Heidenheim,24-107,1999,8.6,2,13,4,30.8,1.50,0.46,0.15,0.50,14.1,0,0,0,1.3,1.3,0.10,+0.7,+0.7
Alassane Pléa,fr FRA,"FW,MF",M'Gladbach,30-315,1993,13.7,7,39,12,30.8,2.84,0.88,0.15,0.50,18.5,0,1,1,5.5,4.7,0.12,+1.5,+1.3
Yussuf Poulsen,dk DEN,FW,RB Leipzig,29-218,1994,9.7,3,22,13,59.1,2.27,1.34,0.14,0.23,11.6,0,0,0,3.7,3.7,0.17,-0.7,-0.7
Grischa Prömel,de GER,MF,Hoffenheim,29-010,1995,14.4,2,15,6,40.0,1.04,0.42,0.13,0.33,13.9,0,0,0,2.7,2.7,0.18,-0.7,-0.7
Gustavo Puerta,co COL,"DF,MF",Leverkusen,20-180,2003,0.3,0,1,0,0.0,3.46,0.00,0.00,,20.9,0,0,0,0.1,0.1,0.07,-0.1,-0.1
Luca Raimund,de GER,"FW,MF",Stuttgart,18-285,2005,0.3,0,2,0,0.0,6.21,0.00,0.00,,7.2,0,0,0,0.9,0.9,0.55,-0.9,-0.9
Grant Ranos,am ARM,"FW,MF",M'Gladbach,20-183,2003,0.5,0,1,0,0.0,2.14,0.00,0.00,,25.0,0,0,0,0.0,0.0,0.03,0.0,0.0
Nicolai Rapp,de GER,DF,Werder Bremen,27-037,1996,0.8,0,0,0,,0.00,0.00,,,,0,0,0,0.0,0.0,,0.0,0.0
David Raum,de GER,DF,RB Leipzig,25-272,1998,16.7,2,12,4,33.3,0.72,0.24,0.17,0.50,20.4,3,0,0,0.7,0.7,0.06,+1.3,+1.3
Rocco Reitz,de GER,MF,M'Gladbach,21-235,2002,13.3,4,15,6,40.0,1.13,0.45,0.27,0.67,15.1,0,0,0,2.1,2.1,0.14,+1.9,+1.9
Marco Reus,de GER,"MF,FW",Dortmund,34-233,1989,10.3,4,20,11,55.0,1.94,1.07,0.20,0.36,12.7,3,0,0,3.9,3.9,0.20,+0.1,+0.1
Elvis Rexhbeçaj,de GER,MF,Augsburg,26-079,1997,16.2,2,19,2,10.5,1.17,0.12,0.05,0.50,25.9,0,1,1,1.4,0.6,0.03,+0.6,+0.4
Gio Reyna,us USA,"MF,FW",Dortmund,21-067,2002,2.6,0,6,2,33.3,2.27,0.76,0.00,0.00,17.0,0,0,0,0.7,0.7,0.12,-0.7,-0.7
Marco Richter,de GER,"FW,MF",Mainz 05,26-056,1997,5.9,1,33,8,24.2,5.58,1.35,0.03,0.13,21.6,4,0,0,1.8,1.8,0.05,-0.8,-0.8
Clemens Riedel,de GER,DF,Darmstadt 98,20-184,2003,5.1,0,7,2,28.6,1.38,0.40,0.00,0.00,20.3,1,0,0,0.3,0.3,0.04,-0.3,-0.3
Manuel Riemann,de GER,GK,Bochum,35-132,1988,17.0,0,0,0,,0.00,0.00,,,,0,0,0,0.0,0.0,,0.0,0.0
Sebastian Rode,de GER,MF,Eint Frankfurt,33-100,1990,0.3,0,0,0,,0.00,0.00,,,,0,0,0,0.0,0.0,,0.0,0.0
Rogério,br BRA,"DF,MF",Wolfsburg,26-006,1998,6.1,1,3,2,66.7,0.49,0.33,0.33,0.50,11.2,0,0,0,0.3,0.3,0.10,+0.7,+0.7
Merlin Röhl,de GER,"MF,FW",Freiburg,21-198,2002,9.5,1,19,7,36.8,2.01,0.74,0.05,0.14,13.7,0,0,0,1.8,1.8,0.10,-0.8,-0.8
Frank Ronstadt,de GER,"DF,MF",Darmstadt 98,26-182,1997,0.8,0,3,0,0.0,3.55,0.00,0.00,,24.6,0,0,0,0.1,0.1,0.03,-0.1,-0.1
Anthony Rouault,fr FRA,DF,Stuttgart,22-235,2001,5.6,0,3,1,33.3,0.54,0.18,0.00,0.00,24.5,0,0,0,0.1,0.1,0.02,-0.1,-0.1
Jérôme Roussillon,fr FRA,DF,Union Berlin,31-013,1993,6.0,0,3,2,66.7,0.50,0.33,0.00,0.00,16.8,0,0,0,0.1,0.1,0.04,-0.1,-0.1
Fabian Rüdlin,de GER,MF,Freiburg,27-006,1997,0.1,0,0,0,,0.00,0.00,,,,0,0,0,0.0,0.0,,0.0,0.0
Julian Ryerson,no NOR,DF,Dortmund,26-063,1997,9.9,3,10,4,40.0,1.01,0.40,0.30,0.75,20.5,0,0,0,1.0,1.0,0.10,+2.0,+2.0
Frederik Rønnow,dk DEN,GK,Union Berlin,31-168,1992,16.0,0,0,0,,0.00,0.00,,,,0,0,0,0.0,0.0,,0.0,0.0
Marcel Sabitzer,at AUT,MF,Dortmund,29-308,1994,10.3,2,21,7,33.3,2.04,0.68,0.10,0.29,22.8,2,0,0,1.7,1.7,0.08,+0.3,+0.3
Roland Sallai,hu HUN,"FW,MF",Freiburg,26-242,1997,9.4,2,28,11,39.3,2.97,1.17,0.07,0.18,15.4,0,0,0,4.0,4.0,0.15,-2.0,-2.0
Diadie Samassékou,ml MLI,MF,Hoffenheim,28-008,1996,0.0,0,0,0,,0.00,0.00,,,,0,0,0,0.0,0.0,,0.0,0.0
Jadon Sancho,eng ENG,FW,Dortmund,23-300,2000,0.4,0,1,0,0.0,2.50,0.00,0.00,,11.7,0,0,0,0.1,0.1,0.09,-0.1,-0.1
Leroy Sané,de GER,FW,Bayern Munich,28-008,1996,15.4,8,49,23,46.9,3.18,1.49,0.16,0.35,16.9,5,0,0,8.8,8.8,0.18,-0.8,-0.8
Amin Sarr,se SWE,"FW,MF",Wolfsburg,22-314,2001,1.1,0,0,0,,0.00,0.00,,,,0,0,0,0.0,0.0,,0.0,0.0
Bouna Sarr,sn SEN,DF,Bayern Munich,31-353,1992,1.2,0,1,1,100.0,0.85,0.85,0.00,0.00,5.0,0,0,0,0.2,0.2,0.22,-0.2,-0.2
Joe Scally,us USA,DF,M'Gladbach,21-019,2002,13.9,1,5,1,20.0,0.36,0.07,0.20,1.00,31.6,0,0,0,0.1,0.1,0.01,+0.9,+0.9
András Schäfer,hu HUN,MF,Union Berlin,24-281,1999,2.1,0,3,0,0.0,1.41,0.00,0.00,,21.7,0,0,0,0.1,0.1,0.02,-0.1,-0.1
Patrik Schick,cz CZE,FW,Leverkusen,27-360,1996,2.3,3,10,4,40.0,4.37,1.75,0.20,0.50,13.5,0,1,1,2.2,1.4,0.14,+0.8,+0.6
Stefan Schimmer,de GER,"MF,FW",Heidenheim,29-266,1994,0.8,0,2,0,0.0,2.47,0.00,0.00,,11.0,0,0,0,0.2,0.2,0.08,-0.2,-0.2
Xaver Schlager,at AUT,MF,RB Leipzig,26-113,1997,14.7,0,9,0,0.0,0.61,0.00,0.00,,26.6,0,0,0,0.6,0.6,0.07,-0.6,-0.6
Keven Schlotterbeck,de GER,DF,Bochum,26-266,1997,10.0,1,4,3,75.0,0.40,0.30,0.25,0.33,11.8,0,0,0,0.7,0.7,0.17,+0.3,+0.3
Nico Schlotterbeck,de GER,DF,Dortmund,24-049,1999,15.5,1,17,3,17.6,1.10,0.19,0.06,0.33,15.5,0,0,0,1.1,1.1,0.07,-0.1,-0.1
Romano Schmid,at AUT,MF,Werder Bremen,23-357,2000,13.8,1,20,6,30.0,1.45,0.43,0.05,0.17,20.8,0,0,0,2.7,2.7,0.14,-1.7,-1.7
Kenneth Schmidt,de GER,DF,Freiburg,21-230,2002,0.8,0,1,0,0.0,1.32,0.00,0.00,,29.0,0,0,0,0.0,0.0,0.02,0.0,0.0
Benno Schmitz,de GER,DF,Köln,29-063,1994,6.0,0,3,2,66.7,0.50,0.34,0.00,0.00,23.0,0,0,0,0.1,0.1,0.02,-0.1,-0.1
Fabian Schnellhardt,de GER,MF,Darmstadt 98,30-007,1994,2.3,0,5,2,40.0,2.16,0.87,0.00,0.00,27.1,1,0,0,0.2,0.2,0.04,-0.2,-0.2
Jan Schöppner,de GER,MF,Heidenheim,24-221,1999,7.0,2,9,2,22.2,1.29,0.29,0.22,1.00,16.4,0,0,0,0.8,0.8,0.09,+1.2,+1.2
Marcel Schuhen,de GER,GK,Darmstadt 98,31-006,1993,16.0,0,0,0,,0.00,0.00,,,,0,0,0,0.0,0.0,,0.0,0.0
Marvin Schwäbe,de GER,GK,Köln,28-269,1995,17.0,0,0,0,,0.00,0.00,,,,0,0,0,0.0,0.0,,0.0,0.0
Nicolas Seiwald,at AUT,MF,RB Leipzig,22-260,2001,1.6,0,0,0,,0.00,0.00,,,,0,0,0,0.0,0.0,,0.0,0.0
Davie Selke,de GER,FW,Köln,28-364,1995,12.0,5,30,10,33.3,2.49,0.83,0.17,0.50,11.1,0,0,0,4.0,4.0,0.13,+1.0,+1.0
Benjamin Šeško,si SVN,FW,RB Leipzig,20-233,2003,4.6,3,15,7,46.7,3.24,1.51,0.20,0.43,13.4,0,0,0,2.2,2.2,0.14,+0.8,+0.8
Kevin Sessa,de GER,"MF,FW",Heidenheim,23-197,2000,2.9,0,7,0,0.0,2.40,0.00,0.00,,17.6,0,0,0,0.8,0.8,0.11,-0.8,-0.8
Aaron Seydel,de GER,FW,Darmstadt 98,27-346,1996,2.9,0,4,2,50.0,1.40,0.70,0.00,0.00,11.4,0,0,0,0.4,0.4,0.09,-0.4,-0.4
Tim Siersleben,de GER,DF,Heidenheim,23-316,2000,9.0,0,3,0,0.0,0.33,0.00,0.00,,28.2,0,0,0,0.2,0.2,0.06,-0.2,-0.2
Kiliann Sildillia,fr FRA,DF,Freiburg,21-248,2002,12.5,0,4,1,25.0,0.32,0.08,0.00,0.00,20.9,0,0,0,0.1,0.1,0.03,-0.1,-0.1
Mohamed Simakan,fr FRA,DF,RB Leipzig,23-261,2000,15.7,1,16,4,25.0,1.02,0.25,0.06,0.25,9.3,0,0,0,2.4,2.4,0.15,-1.4,-1.4
Xavi Simons,nl NED,MF,RB Leipzig,20-273,2003,15.1,4,41,16,39.0,2.72,1.06,0.10,0.25,21.2,2,0,1,4.0,3.2,0.08,0.0,+0.8
Tim Skarke,de GER,"FW,MF",Darmstadt 98,27-134,1996,13.0,6,41,13,31.7,3.15,1.00,0.15,0.46,20.4,0,0,0,1.8,1.8,0.04,+4.2,+4.2
Ellyes Skhiri,tn TUN,MF,Eint Frankfurt,28-254,1995,13.3,2,12,7,58.3,0.90,0.53,0.17,0.29,13.4,0,0,0,1.9,1.9,0.16,+0.1,+0.1
Robert Skov,dk DEN,"DF,FW",Hoffenheim,27-244,1996,9.3,3,22,7,31.8,2.37,0.75,0.14,0.43,20.0,5,0,0,1.1,1.1,0.05,+1.9,+1.9
Hrvoje Smolčić,hr CRO,DF,Eint Frankfurt,23-155,2000,2.8,1,3,1,33.3,1.09,0.36,0.33,1.00,15.5,0,0,0,1.0,1.0,0.34,0.0,0.0
Danilo Soares,br BRA,DF,Bochum,32-082,1991,3.9,0,3,0,0.0,0.77,0.00,0.00,,28.4,0,0,0,0.0,0.0,0.01,0.0,0.0
Borna Sosa,hr CRO,"FW,DF",Stuttgart,25-363,1998,0.5,0,1,0,0.0,1.96,0.00,0.00,,24.2,0,0,0,0.0,0.0,0.03,0.0,0.0
Anton Stach,de GER,MF,Hoffenheim,25-065,1998,12.5,1,17,5,29.4,1.36,0.40,0.06,0.20,23.8,0,0,0,0.8,0.8,0.05,+0.2,+0.2
Anton Stach,de GER,MF,Mainz 05,25-065,1998,1.9,0,2,1,50.0,1.06,0.53,0.00,0.00,12.8,0,0,0,0.2,0.2,0.09,-0.2,-0.2
Jens Stage,dk DEN,MF,Werder Bremen,27-072,1996,15.9,2,26,5,19.2,1.63,0.31,0.08,0.40,16.4,0,0,0,2.6,2.6,0.10,-0.6,-0.6
Josip Stanišić,hr CRO,DF,Leverkusen,23-292,2000,3.8,0,0,0,,0.00,0.00,,,,0,0,0,0.0,0.0,,0.0,0.0
Niklas Stark,de GER,DF,Werder Bremen,28-280,1995,7.4,2,4,2,50.0,0.54,0.27,0.50,1.00,13.1,0,0,0,0.2,0.2,0.05,+1.8,+1.8
Pascal Stenzel,de GER,DF,Stuttgart,27-305,1996,8.9,0,10,4,40.0,1.12,0.45,0.00,0.00,29.0,1,0,0,0.2,0.2,0.02,-0.2,-0.2
Leonidas Stergiou,ch SUI,DF,Stuttgart,21-322,2002,0.5,0,0,0,,0.00,0.00,,,,0,0,0,0.0,0.0,,0.0,0.0
Angelo Stiller,de GER,MF,Hoffenheim,22-290,2001,0.9,0,2,1,50.0,2.14,1.07,0.00,0.00,21.7,0,0,0,0.1,0.1,0.04,-0.1,-0.1
Angelo Stiller,de GER,MF,Stuttgart,22-290,2001,14.2,0,9,2,22.2,0.63,0.14,0.00,0.00,24.9,2,0,0,0.5,0.5,0.06,-0.5,-0.5
Kevin Stöger,at AUT,MF,Bochum,30-145,1993,14.1,4,38,10,26.3,2.70,0.71,0.03,0.10,26.2,4,3,3,3.7,1.4,0.04,+0.3,-0.4
Filip Stojilković,ch SUI,"FW,MF",Darmstadt 98,24-015,2000,1.7,0,4,1,25.0,2.34,0.58,0.00,0.00,20.5,0,0,0,0.2,0.2,0.05,-0.2,-0.2
Niklas Süle,de GER,DF,Dortmund,28-138,1995,6.9,1,6,1,16.7,0.87,0.15,0.17,1.00,17.7,0,0,0,0.3,0.3,0.05,+0.7,+0.7
Mattias Svanberg,se SWE,MF,Wolfsburg,25-014,1999,13.6,1,30,8,26.7,2.21,0.59,0.03,0.13,22.0,4,0,0,2.1,2.1,0.07,-1.1,-1.1
Attila Szalai,hu HUN,DF,Hoffenheim,25-364,1998,3.2,0,1,1,100.0,0.31,0.31,0.00,0.00,39.5,0,0,0,0.0,0.0,0.01,0.0,0.0
Jonathan Tah,de GER,DF,Leverkusen,27-342,1996,14.5,3,11,5,45.5,0.76,0.34,0.27,0.60,10.7,0,0,0,1.2,1.2,0.11,+1.8,+1.8
Edmond Tapsoba,bf BFA,DF,Leverkusen,24-351,1999,13.0,0,5,1,20.0,0.38,0.08,0.00,0.00,11.4,0,0,0,0.6,0.6,0.13,-0.6,-0.6
Mathys Tel,fr FRA,"FW,MF",Bayern Munich,18-267,2005,2.6,3,13,6,46.2,5.06,2.34,0.23,0.50,17.8,0,0,0,0.7,0.7,0.06,+2.3,+2.3
Nathan Tella,ng NGA,DF,Leverkusen,24-198,1999,0.9,1,3,2,66.7,3.42,2.28,0.33,0.50,19.2,0,0,0,0.1,0.1,0.05,+0.9,+0.9
Norman Theuerkauf,de GER,"MF,DF",Heidenheim,36-360,1987,8.6,0,5,2,40.0,0.58,0.23,0.00,0.00,19.4,0,0,0,0.3,0.3,0.05,-0.3,-0.3
Jan Thielmann,de GER,"FW,MF",Köln,21-238,2002,5.9,0,12,6,50.0,2.05,1.02,0.00,0.00,18.9,0,0,0,0.7,0.7,0.06,-0.7,-0.7
Denis Thomalla,de GER,"MF,FW",Heidenheim,31-156,1992,3.9,0,3,0,0.0,0.76,0.00,0.00,,10.6,0,0,0,0.3,0.3,0.09,-0.3,-0.3
Phillip Tietz,de GER,FW,Augsburg,26-194,1997,12.6,3,31,10,32.3,2.46,0.79,0.10,0.30,13.2,1,0,0,5.2,5.2,0.17,-2.2,-2.2
Steffen Tigges,de GER,"FW,MF",Köln,25-172,1998,4.4,0,7,3,42.9,1.61,0.69,0.00,0.00,13.5,0,0,0,0.5,0.5,0.06,-0.5,-0.5
Umut Tohumcu,de GER,MF,Hoffenheim,19-161,2004,2.4,0,4,1,25.0,1.67,0.42,0.00,0.00,20.8,0,0,0,0.1,0.1,0.03,-0.1,-0.1
Tiago Tomás,pt POR,"FW,MF",Wolfsburg,21-217,2002,6.7,1,17,7,41.2,2.54,1.04,0.06,0.14,14.4,0,0,0,1.9,1.9,0.11,-0.9,-0.9
Fabio Torsiello,it ITA,"FW,DF",Darmstadt 98,18-351,2005,0.3,0,2,0,0.0,6.00,0.00,0.00,,18.2,0,0,0,0.1,0.1,0.04,-0.1,-0.1
Lucas Tousart,fr FRA,MF,Union Berlin,26-265,1997,3.4,0,5,1,20.0,1.47,0.29,0.00,0.00,23.9,0,0,0,0.1,0.1,0.03,-0.1,-0.1
Omar Traoré,de GER,DF,Heidenheim,25-349,1998,12.6,0,4,1,25.0,0.32,0.08,0.00,0.00,27.5,0,0,0,0.1,0.1,0.02,-0.1,-0.1
Kevin Trapp,de GER,GK,Eint Frankfurt,33-195,1990,16.0,0,0,0,,0.00,0.00,,,,0,0,0,0.0,0.0,,0.0,0.0
Christopher Trimmel,at AUT,"DF,MF",Union Berlin,36-329,1987,8.4,0,3,3,100.0,0.36,0.36,0.00,0.00,20.1,0,0,0,0.4,0.4,0.13,-0.4,-0.4
Tuta,br BRA,DF,Eint Frankfurt,24-199,1999,15.0,0,7,1,14.3,0.47,0.07,0.00,0.00,12.1,0,0,0,0.4,0.4,0.06,-0.4,-0.4
Lukas Ullrich,de GER,DF,M'Gladbach,19-309,2004,0.2,0,0,0,,0.00,0.00,,,,0,0,0,0.0,0.0,,0.0,0.0
Sven Ulreich,de GER,GK,Bayern Munich,35-169,1988,8.0,0,0,0,,0.00,0.00,,,,0,0,0,0.0,0.0,,0.0,0.0
Deniz Undav,de GER,FW,Stuttgart,27-184,1996,9.7,9,45,23,51.1,4.66,2.38,0.20,0.39,16.7,0,0,1,8.4,7.6,0.17,+0.6,+1.4
Dayot Upamecano,fr FRA,DF,Bayern Munich,25-084,1998,12.7,1,8,2,25.0,0.63,0.16,0.13,0.50,11.4,0,0,0,0.9,0.9,0.11,+0.1,+0.1
Mark Uth,de GER,"MF,FW",Köln,32-148,1991,2.9,0,5,1,20.0,1.74,0.35,0.00,0.00,13.0,1,0,0,1.2,1.2,0.23,-1.2,-1.2
Josha Vagnoman,de GER,"DF,FW",Stuttgart,23-039,2000,3.9,1,6,2,33.3,1.54,0.51,0.17,0.50,16.4,0,0,0,0.7,0.7,0.11,+0.3,+0.3
Ruben Vargas,ch SUI,"MF,FW",Augsburg,25-167,1998,8.8,1,16,4,25.0,1.81,0.45,0.06,0.25,16.8,0,0,0,1.1,1.1,0.07,-0.1,-0.1
Miloš Veljković,rs SRB,DF,Werder Bremen,28-115,1995,12.2,1,4,2,50.0,0.33,0.16,0.25,0.50,20.3,0,0,0,0.9,0.9,0.22,+0.1,+0.1
Oscar Vilhelmsson,se SWE,"FW,MF",Darmstadt 98,20-109,2003,5.4,1,10,3,30.0,1.84,0.55,0.10,0.33,16.0,0,0,0,0.8,0.8,0.08,+0.2,+0.2
Kevin Vogt,de GER,DF,Hoffenheim,32-118,1991,14.7,0,2,1,50.0,0.14,0.07,0.00,0.00,18.8,0,0,0,0.7,0.7,0.34,-0.7,-0.7
Kevin Vogt,de GER,DF,Union Berlin,32-118,1991,1.0,0,0,0,,0.00,0.00,,,,0,0,0,0.0,0.0,,0.0,0.0
Kevin Volland,de GER,"MF,FW",Union Berlin,31-173,1992,6.5,2,13,4,30.8,2.00,0.62,0.08,0.25,19.9,0,1,1,1.9,1.1,0.09,+0.1,-0.1
Aster Vranckx,be BEL,MF,Wolfsburg,21-107,2002,7.8,0,2,1,50.0,0.25,0.13,0.00,0.00,26.5,0,0,0,0.0,0.0,0.02,0.0,0.0
Luca Waldschmidt,de GER,"MF,FW",Köln,27-245,1996,9.4,2,33,11,33.3,3.50,1.17,0.06,0.18,21.9,2,0,0,1.7,1.7,0.05,+0.3,+0.3
Wout Weghorst,nl NED,FW,Hoffenheim,31-165,1992,11.7,4,15,7,46.7,1.29,0.60,0.20,0.43,12.4,0,1,1,3.8,3.0,0.20,+0.2,0.0
Julian Weigl,de GER,MF,M'Gladbach,28-133,1995,15.9,1,7,1,14.3,0.44,0.06,0.00,0.00,25.3,1,1,1,1.2,0.4,0.05,-0.2,-0.4
Nelson Weiper,de GER,"FW,MF",Mainz 05,18-308,2005,1.2,0,1,0,0.0,0.87,0.00,0.00,,11.5,0,0,0,0.0,0.0,0.05,0.0,0.0
Mitchell Weiser,de GER,"DF,FW",Werder Bremen,29-273,1994,16.4,1,20,4,20.0,1.22,0.24,0.05,0.25,16.2,0,0,0,1.2,1.2,0.06,-0.2,-0.2
Noah Weißhaupt,de GER,"DF,MF",Freiburg,22-121,2001,5.9,1,3,1,33.3,0.51,0.17,0.33,1.00,13.9,0,0,0,0.4,0.4,0.14,+0.6,+0.6
Timo Werner,de GER,"FW,MF",RB Leipzig,27-319,1996,2.3,2,8,5,62.5,3.48,2.17,0.13,0.20,17.8,0,1,1,2.4,1.6,0.20,-0.4,-0.6
Silvan Widmer,ch SUI,"DF,FW",Mainz 05,30-320,1993,4.9,1,2,1,50.0,0.41,0.20,0.50,1.00,10.4,0,0,0,0.1,0.1,0.06,+0.9,+0.9
Patrick Wimmer,at AUT,FW,Wolfsburg,22-234,2001,3.1,0,2,0,0.0,0.64,0.00,0.00,,16.2,0,0,0,0.3,0.3,0.13,-0.3,-0.3
Jonas Wind,dk DEN,FW,Wolfsburg,24-346,1999,16.6,9,40,21,52.5,2.41,1.27,0.23,0.43,15.2,0,0,1,6.5,5.6,0.15,+2.5,+3.4
Florian Wirtz,de GER,MF,Leverkusen,20-261,2003,14.3,5,34,17,50.0,2.37,1.19,0.15,0.29,18.2,0,0,0,4.0,4.0,0.12,+1.0,+1.0
Maximilian Wittek,de GER,"DF,MF",Bochum,28-151,1995,5.5,0,14,3,21.4,2.54,0.54,0.00,0.00,30.7,1,0,0,0.3,0.3,0.02,-0.3,-0.3
Maximilian Wöber,at AUT,DF,M'Gladbach,25-349,1998,14.7,1,9,2,22.2,0.61,0.14,0.11,0.50,12.3,0,0,0,0.8,0.8,0.09,+0.2,+0.2
Marius Wolf,de GER,DF,Dortmund,28-237,1995,7.0,0,3,0,0.0,0.43,0.00,0.00,,11.3,0,0,0,0.2,0.2,0.08,-0.2,-0.2
Nick Woltemade,de GER,"FW,MF",Werder Bremen,21-339,2002,3.0,0,3,1,33.3,1.01,0.34,0.00,0.00,17.4,0,0,0,0.7,0.7,0.22,-0.7,-0.7
Jeong Woo-yeong,kr KOR,MF,Stuttgart,24-121,1999,4.2,0,7,3,42.9,1.66,0.71,0.00,0.00,17.6,0,0,0,0.8,0.8,0.12,-0.8,-0.8
Granit Xhaka,ch SUI,MF,Leverkusen,31-114,1992,16.7,0,21,4,19.0,1.26,0.24,0.00,0.00,25.5,0,0,0,0.9,0.9,0.04,-0.9,-0.9
Dan-Axel Zagadou,fr FRA,DF,Stuttgart,24-230,1999,14.1,1,10,2,20.0,0.71,0.14,0.10,0.50,11.2,0,0,0,0.9,0.9,0.09,+0.1,+0.1
Robin Zentner,de GER,GK,Mainz 05,29-083,1994,13.0,0,0,0,,0.00,0.00,,,,0,0,0,0.0,0.0,,0.0,0.0
Cedric Zesiger,ch SUI,DF,Wolfsburg,25-209,1998,10.4,0,8,1,12.5,0.77,0.10,0.00,0.00,19.2,0,0,0,0.9,0.9,0.11,-0.9,-0.9
Michael Zetterer,de GER,GK,Werder Bremen,28-191,1995,10.0,0,0,0,,0.00,0.00,,,,0,0,0,0.0,0.0,,0.0,0.0
Christoph Zimmermann,de GER,DF,Darmstadt 98,31-007,1993,4.9,0,0,0,,0.00,0.00,,,,0,0,0,0.0,0.0,,0.0,0.0
Simon Zoller,de GER,"FW,MF",Bochum,32-207,1991,0.5,0,0,0,,0.00,0.00,,,,0,0,0,0.0,0.0,,0.0,0.0
