Player,Nation,Pos,Squad,Age,Born,MP,Starts,Min,90s,Gls,Ast,G+A,G-PK,PK,PKatt,CrdY,CrdR,xG,npxG,xAG,npxG+xAG,PrgC,PrgP,PrgR,Gls,Ast,G+A,G-PK,G+A-PK,xG,xAG,xG+xAG,npxG,npxG+xAG
Brenden Aaronson,us USA,MF,Union Berlin,23-089,2000,12,5,395,4.4,0,0,0,0,0,0,3,1,0.2,0.2,0.3,0.5,5,10,21,0.00,0.00,0.00,0.00,0.00,0.05,0.06,0.12,0.05,0.12
Paxten Aaronson,us USA,MF,Eint Frankfurt,20-146,2003,7,1,101,1.1,0,1,1,0,0,0,0,0,0.1,0.1,0.1,0.2,2,5,7,0.00,0.89,0.89,0.00,0.89,0.11,0.07,0.19,0.11,0.19
Junior Adamu,at AUT,"FW,MF",Freiburg,22-227,2001,12,0,95,1.1,0,0,0,0,0,0,0,0,0.1,0.1,0.1,0.2,1,1,5,0.00,0.00,0.00,0.00,0.00,0.06,0.11,0.17,0.06,0.17
Sargis Adamyan,am ARM,"FW,MF",Köln,30-241,1993,5,0,142,1.6,0,1,1,0,0,0,1,0,0.9,0.9,0.5,1.5,4,5,19,0.00,0.63,0.63,0.00,0.63,0.59,0.34,0.93,0.59,0.93
Karim Adeyemi,de GER,"FW,MF",Dortmund,22-001,2002,11,3,370,4.1,0,1,1,0,0,0,2,0,0.8,0.8,0.9,1.7,19,13,39,0.00,0.24,0.24,0.00,0.24,0.20,0.21,0.40,0.20,0.40
Amine Adli,ma MAR,"MF,DF",Leverkusen,23-254,2000,11,2,265,2.9,1,3,4,1,0,0,1,0,0.5,0.5,0.6,1.2,15,15,45,0.34,1.02,1.36,0.34,1.36,0.18,0.22,0.39,0.18,0.39
Felix Agu,de GER,"MF,DF",Werder Bremen,24-114,1999,7,3,275,3.1,0,0,0,0,0,0,0,0,0.1,0.1,0.1,0.2,6,10,9,0.00,0.00,0.00,0.00,0.00,0.04,0.04,0.08,0.04,0.08
Ludovic Ajorque,fr FRA,FW,Mainz 05,29-328,1994,13,10,878,9.8,1,0,1,1,0,2,2,0,4.5,2.9,0.7,3.6,3,11,57,0.10,0.00,0.10,0.10,0.10,0.46,0.07,0.53,0.30,0.37
Kevin Akpoguma,ng NGA,DF,Hoffenheim,28-275,1995,10,5,579,6.4,0,0,0,0,0,0,5,0,0.0,0.0,0.1,0.1,4,31,6,0.00,0.00,0.00,0.00,0.00,0.00,0.02,0.02,0.00,0.02
Faride Alidou,de GER,"FW,MF",Köln,22-185,2001,10,1,291,3.2,0,0,0,0,0,0,1,0,0.3,0.3,0.1,0.4,13,10,33,0.00,0.00,0.00,0.00,0.00,0.09,0.02,0.12,0.09,0.12
Nadiem Amiri,de GER,"MF,FW",Leverkusen,27-084,1996,7,0,19,0.2,0,0,0,0,0,0,0,0,0.1,0.1,0.0,0.1,2,3,5,0.00,0.00,0.00,0.00,0.00,0.28,0.00,0.28,0.28,0.28
Kofi Amoako,de GER,MF,Wolfsburg,18-258,2005,1,0,1,0.0,0,0,0,0,0,0,0,0,0.0,0.0,0.0,0.0,0,0,0,0.00,0.00,0.00,0.00,0.00,0.00,0.00,0.00,0.00,0.00
Robert Andrich,de GER,"MF,DF",Leverkusen,29-119,1994,11,4,426,4.7,0,0,0,0,0,0,0,0,0.2,0.2,0.0,0.2,1,14,6,0.00,0.00,0.00,0.00,0.00,0.04,0.00,0.04,0.04,0.04
Waldemar Anton,de GER,DF,Stuttgart,27-183,1996,17,17,"1,498",16.6,0,1,1,0,0,0,2,0,0.6,0.6,0.2,0.8,27,107,10,0.00,0.06,0.06,0.00,0.06,0.04,0.01,0.05,0.04,0.05
Christopher Antwi-Adjei,gh GHA,"FW,MF",Bochum,29-346,1994,15,6,724,8.0,1,1,2,1,0,0,3,0,1.5,1.5,2.5,4.0,33,17,88,0.12,0.12,0.25,0.12,0.25,0.19,0.31,0.50,0.19,0.50
Maximilian Arnold,de GER,MF,Wolfsburg,29-237,1994,14,11,"1,067",11.9,1,0,1,1,0,0,5,0,0.4,0.4,1.5,1.9,11,59,10,0.08,0.00,0.08,0.08,0.08,0.03,0.12,0.16,0.03,0.16
Arthur,br BRA,DF,Leverkusen,20-308,2003,2,0,34,0.4,0,0,0,0,0,0,0,0,0.0,0.0,0.0,0.0,2,2,4,0.00,0.00,0.00,0.00,0.00,0.06,0.00,0.06,0.06,0.06
Takuma Asano,jp JPN,"FW,MF",Bochum,29-070,1994,16,16,"1,178",13.1,5,1,6,5,0,0,1,0,4.8,4.8,0.9,5.7,29,22,87,0.38,0.08,0.46,0.38,0.46,0.37,0.07,0.43,0.37,0.43
Noah Atubolu,de GER,GK,Freiburg,21-239,2002,17,17,"1,530",17.0,0,0,0,0,0,0,0,0,0.0,0.0,0.0,0.0,0,1,0,0.00,0.00,0.00,0.00,0.00,0.00,0.00,0.00,0.00,0.00
Matthias Bader,de GER,"DF,MF",Darmstadt 98,26-216,1997,13,11,930,10.3,1,1,2,1,0,0,1,0,0.4,0.4,2.0,2.4,17,35,35,0.10,0.10,0.19,0.10,0.19,0.04,0.19,0.23,0.04,0.23
Ridle Baku,de GER,"DF,MF",Wolfsburg,25-286,1998,17,9,924,10.3,0,0,0,0,0,0,2,0,0.6,0.6,1.6,2.1,14,41,68,0.00,0.00,0.00,0.00,0.00,0.06,0.15,0.21,0.06,0.21
Samuel Bamba,de GER,FW,Dortmund,19-340,2004,2,0,47,0.5,0,0,0,0,0,0,0,0,0.3,0.3,0.1,0.3,5,2,7,0.00,0.00,0.00,0.00,0.00,0.51,0.15,0.67,0.51,0.67
Aymen Barkok,ma MAR,"MF,FW",Mainz 05,25-243,1998,13,1,321,3.6,1,0,1,1,0,1,2,0,1.7,0.9,0.3,1.2,14,16,33,0.28,0.00,0.28,0.28,0.28,0.48,0.07,0.55,0.26,0.33
Leandro Barreiro Martins,lu LUX,MF,Mainz 05,24-016,2000,15,14,"1,262",14.0,2,0,2,2,0,0,4,0,2.1,2.1,0.5,2.6,9,48,21,0.14,0.00,0.14,0.14,0.14,0.15,0.03,0.19,0.15,0.19
Daniel Batz,de GER,GK,Mainz 05,33-007,1991,4,4,360,4.0,0,0,0,0,0,0,0,0,0.0,0.0,0.0,0.0,0,0,0,0.00,0.00,0.00,0.00,0.00,0.00,0.00,0.00,0.00,0.00
Maximilian Bauer,de GER,DF,Augsburg,23-344,2000,8,5,493,5.5,1,0,1,1,0,0,1,0,1.4,1.4,0.0,1.4,0,11,0,0.18,0.00,0.18,0.18,0.18,0.25,0.00,0.25,0.25,0.25
Elias Baum,de GER,"MF,DF",Eint Frankfurt,18-085,2005,2,0,20,0.2,0,0,0,0,0,0,0,0,0.0,0.0,0.0,0.0,0,0,0,0.00,0.00,0.00,0.00,0.00,0.00,0.00,0.00,0.00,0.00
Oliver Baumann,de GER,GK,Hoffenheim,33-231,1990,17,17,"1,530",17.0,0,1,1,0,0,0,1,0,0.0,0.0,0.1,0.1,0,0,0,0.00,0.06,0.06,0.00,0.06,0.00,0.01,0.01,0.00,0.01
Christoph Baumgartner,at AUT,MF,RB Leipzig,24-171,1999,16,7,688,7.6,3,1,4,3,0,0,2,0,2.6,2.6,1.0,3.6,17,36,54,0.39,0.13,0.52,0.39,0.52,0.34,0.13,0.47,0.34,0.47
Ihlas Bebou,tg TOG,"FW,DF",Hoffenheim,29-271,1994,15,7,733,8.1,3,0,3,3,0,0,2,0,1.8,1.8,0.2,2.0,15,18,59,0.37,0.00,0.37,0.37,0.37,0.22,0.03,0.24,0.22,0.24
Adrian Beck,de GER,MF,Heidenheim,26-224,1997,14,7,611,6.8,1,1,2,1,0,0,1,0,1.7,1.7,0.7,2.4,6,10,24,0.15,0.15,0.29,0.15,0.29,0.25,0.10,0.35,0.25,0.35
Sheraldo Becker,sr SUR,"FW,MF",Union Berlin,28-344,1995,11,7,645,7.2,0,1,1,0,0,0,0,0,0.8,0.8,1.8,2.6,32,20,73,0.00,0.14,0.14,0.00,0.14,0.12,0.25,0.37,0.12,0.37
Donny van de Beek,nl NED,FW,Eint Frankfurt,26-276,1997,1,1,62,0.7,0,0,0,0,0,0,0,0,0.0,0.0,0.0,0.0,0,0,1,0.00,0.00,0.00,0.00,0.00,0.00,0.06,0.06,0.00,0.06
Kevin Behrens,de GER,FW,Union Berlin,32-350,1991,16,13,"1,108",12.3,4,0,4,4,0,0,2,0,5.0,5.0,0.8,5.8,9,41,82,0.32,0.00,0.32,0.32,0.32,0.41,0.07,0.47,0.41,0.47
Maximilian Beier,de GER,FW,Hoffenheim,21-094,2002,16,12,"1,028",11.4,6,0,6,6,0,0,0,0,5.3,5.3,0.3,5.5,23,15,78,0.53,0.00,0.53,0.53,0.53,0.46,0.02,0.48,0.46,0.48
Stefan Bell,de GER,DF,Mainz 05,32-148,1991,10,8,666,7.4,0,0,0,0,0,0,3,0,0.2,0.2,0.1,0.3,0,23,2,0.00,0.00,0.00,0.00,0.00,0.03,0.01,0.04,0.03,0.04
Ramy Bensebaini,dz ALG,DF,Dortmund,28-278,1995,13,11,"1,001",11.1,0,0,0,0,0,0,4,1,1.6,1.6,0.4,2.0,16,74,59,0.00,0.00,0.00,0.00,0.00,0.14,0.03,0.18,0.14,0.18
Mergim Berisha,de GER,FW,Hoffenheim,25-253,1998,6,0,144,1.6,0,0,0,0,0,0,0,0,0.5,0.5,0.3,0.8,2,3,13,0.00,0.00,0.00,0.00,0.00,0.32,0.19,0.51,0.32,0.51
Mergim Berisha,de GER,FW,Augsburg,25-253,1998,2,2,122,1.4,0,0,0,0,0,0,0,0,0.2,0.2,0.1,0.3,3,1,5,0.00,0.00,0.00,0.00,0.00,0.13,0.07,0.20,0.13,0.20
Bernardo,br BRA,DF,Bochum,28-250,1995,17,17,"1,529",17.0,1,0,1,1,0,0,4,0,1.1,1.1,0.3,1.4,14,47,19,0.06,0.00,0.06,0.06,0.06,0.07,0.02,0.09,0.07,0.09
Matúš Bero,sk SVK,"MF,FW",Bochum,28-135,1995,10,9,670,7.4,0,0,0,0,0,0,4,0,1.0,1.0,0.5,1.5,6,11,33,0.00,0.00,0.00,0.00,0.00,0.14,0.07,0.20,0.14,0.20
Jan-Niklas Beste,de GER,"FW,MF",Heidenheim,25-015,1999,15,15,"1,262",14.0,5,7,12,5,0,1,4,0,2.2,1.5,3.0,4.4,31,25,58,0.36,0.50,0.86,0.36,0.86,0.16,0.21,0.37,0.10,0.32
Tom Bischof,de GER,"MF,FW",Hoffenheim,18-205,2005,8,1,146,1.6,0,1,1,0,0,0,0,0,0.0,0.0,0.7,0.8,2,15,12,0.00,0.62,0.62,0.00,0.62,0.03,0.44,0.46,0.03,0.46
Leonardo Bittencourt,de GER,MF,Werder Bremen,30-031,1993,14,11,835,9.3,1,1,2,1,0,0,5,0,1.4,1.4,1.2,2.6,33,38,30,0.11,0.11,0.22,0.11,0.22,0.15,0.12,0.28,0.15,0.28
Janis Blaswich,de GER,GK,RB Leipzig,32-262,1991,17,17,"1,530",17.0,0,0,0,0,0,0,0,0,0.0,0.0,0.1,0.1,0,3,0,0.00,0.00,0.00,0.00,0.00,0.00,0.00,0.00,0.00,0.00
Victor Boniface,ng NGA,FW,Leverkusen,23-027,2000,16,15,"1,276",14.2,10,7,17,9,1,1,2,0,12.1,11.3,3.6,14.9,43,29,131,0.71,0.49,1.20,0.63,1.13,0.85,0.25,1.10,0.79,1.05
Leonardo Bonucci,it ITA,DF,Union Berlin,36-263,1987,7,6,460,5.1,1,0,1,0,1,1,0,0,0.8,0.0,0.3,0.3,0,21,1,0.20,0.00,0.20,0.00,0.00,0.15,0.06,0.22,0.00,0.06
Yvandro Borges Sanches,lu LUX,"MF,FW",M'Gladbach,19-240,2004,3,0,18,0.2,0,0,0,0,0,0,0,0,0.0,0.0,0.0,0.0,1,0,0,0.00,0.00,0.00,0.00,0.00,0.00,0.00,0.00,0.00,0.00
Sebastiaan Bornauw,be BEL,DF,Wolfsburg,24-303,1999,10,7,577,6.4,0,0,0,0,0,0,1,0,0.3,0.3,0.0,0.3,1,17,1,0.00,0.00,0.00,0.00,0.00,0.05,0.00,0.05,0.05,0.05
Rafael Borré,co COL,FW,Werder Bremen,28-126,1995,14,11,904,10.0,4,0,4,4,0,0,0,0,2.1,2.1,1.8,3.9,15,25,67,0.40,0.00,0.40,0.40,0.40,0.21,0.18,0.39,0.21,0.39
Julian Brandt,de GER,"MF,FW",Dortmund,27-262,1996,17,15,"1,267",14.1,6,7,13,6,0,0,1,0,3.6,3.6,6.5,10.2,39,55,100,0.43,0.50,0.92,0.43,0.92,0.26,0.46,0.72,0.26,0.72
Tim Breithaupt,de GER,MF,Augsburg,21-346,2002,10,2,259,2.9,0,0,0,0,0,0,2,0,0.0,0.0,0.0,0.1,0,3,1,0.00,0.00,0.00,0.00,0.00,0.02,0.01,0.03,0.02,0.03
Maximilian Breunig,de GER,FW,Freiburg,23-158,2000,1,0,7,0.1,0,0,0,0,0,0,0,0,0.0,0.0,0.0,0.0,0,0,0,0.00,0.00,0.00,0.00,0.00,0.00,0.00,0.00,0.00,0.00
John Brooks,us USA,DF,Hoffenheim,30-356,1993,13,13,"1,080",12.0,1,0,1,1,0,0,3,0,2.0,2.0,0.1,2.1,2,39,1,0.08,0.00,0.08,0.08,0.08,0.17,0.00,0.17,0.17,0.17
Moritz Broschinski,de GER,"FW,MF",Bochum,23-118,2000,10,2,306,3.4,0,0,0,0,0,0,0,0,0.6,0.6,0.1,0.8,4,4,16,0.00,0.00,0.00,0.00,0.00,0.19,0.04,0.22,0.19,0.22
Alexander Brunst,de GER,GK,Darmstadt 98,28-196,1995,1,1,90,1.0,0,0,0,0,0,0,0,0,0.0,0.0,0.0,0.0,0,0,0,0.00,0.00,0.00,0.00,0.00,0.00,0.00,0.00,0.00,0.00
Marius Bülter,de GER,"FW,DF",Hoffenheim,30-296,1993,17,10,861,9.6,1,3,4,1,0,0,1,0,1.0,1.0,2.3,3.3,26,31,79,0.10,0.31,0.42,0.10,0.42,0.10,0.24,0.34,0.10,0.34
Jonathan Burkardt,de GER,"MF,FW",Mainz 05,23-192,2000,6,3,264,2.9,0,0,0,0,0,0,1,0,0.6,0.6,0.0,0.6,5,6,19,0.00,0.00,0.00,0.00,0.00,0.22,0.00,0.22,0.22,0.22
Oliver Burke,sct SCO,FW,Werder Bremen,26-287,1997,1,0,32,0.4,0,0,0,0,0,0,0,0,0.0,0.0,0.0,0.0,2,0,1,0.00,0.00,0.00,0.00,0.00,0.00,0.00,0.00,0.00,0.00
Marnon Busch,de GER,DF,Heidenheim,29-042,1994,7,4,374,4.2,0,0,0,0,0,0,1,0,0.1,0.1,0.2,0.3,9,22,18,0.00,0.00,0.00,0.00,0.00,0.03,0.04,0.08,0.03,0.08
Aurélio Buta,pt POR,"DF,MF",Eint Frankfurt,26-343,1997,17,12,969,10.8,1,1,2,1,0,0,3,0,0.3,0.3,0.7,1.0,35,48,71,0.09,0.09,0.19,0.09,0.19,0.03,0.06,0.09,0.03,0.09
Jamie Bynoe-Gittens,eng ENG,"FW,DF",Dortmund,19-164,2004,9,8,451,5.0,1,2,3,1,0,0,1,0,1.2,1.2,0.9,2.1,23,12,39,0.20,0.40,0.60,0.20,0.60,0.24,0.18,0.42,0.24,0.42
Anthony Caci,fr FRA,DF,Mainz 05,26-202,1997,15,14,"1,239",13.8,2,0,2,2,0,0,3,0,0.5,0.5,0.5,1.1,11,63,27,0.15,0.00,0.15,0.15,0.15,0.04,0.04,0.08,0.04,0.08
Emre Can,de GER,"MF,DF",Dortmund,30-007,1994,14,12,"1,045",11.6,1,2,3,0,1,1,3,0,0.9,0.1,1.3,1.4,16,63,9,0.09,0.17,0.26,0.00,0.17,0.08,0.12,0.19,0.01,0.12
Irvin Cardona,fr FRA,"MF,DF",Augsburg,26-164,1997,3,0,54,0.6,0,0,0,0,0,0,1,0,0.2,0.2,0.0,0.2,3,2,6,0.00,0.00,0.00,0.00,0.00,0.33,0.00,0.33,0.33,0.33
Rasmus Carstensen,dk DEN,"DF,FW",Köln,23-100,2000,15,13,"1,147",12.7,0,0,0,0,0,0,2,1,0.3,0.3,1.1,1.4,30,39,68,0.00,0.00,0.00,0.00,0.00,0.02,0.09,0.11,0.02,0.11
Fabio Carvalho,pt POR,MF,RB Leipzig,21-142,2002,9,1,165,1.8,0,0,0,0,0,0,0,0,0.2,0.2,0.2,0.5,8,9,13,0.00,0.00,0.00,0.00,0.00,0.12,0.13,0.25,0.12,0.25
Koen Casteels,be BEL,GK,Wolfsburg,31-208,1992,14,14,"1,260",14.0,0,0,0,0,0,0,2,0,0.0,0.0,0.2,0.2,0,1,0,0.00,0.00,0.00,0.00,0.00,0.00,0.01,0.01,0.00,0.01
Václav Černý,cz CZE,"FW,MF",Wolfsburg,26-094,1997,13,8,615,6.8,2,1,3,2,0,0,2,0,1.2,1.2,0.5,1.8,14,22,52,0.29,0.15,0.44,0.29,0.44,0.18,0.08,0.26,0.18,0.26
Julian Chabot,de GER,DF,Köln,25-341,1998,16,16,"1,297",14.4,0,0,0,0,0,0,5,1,0.8,0.8,0.1,0.9,12,35,1,0.00,0.00,0.00,0.00,0.00,0.06,0.01,0.07,0.06,0.07
Fares Chaïbi,dz ALG,"MF,FW",Eint Frankfurt,21-052,2002,13,11,938,10.4,1,2,3,1,0,0,1,0,1.2,1.2,2.8,3.9,29,41,73,0.10,0.19,0.29,0.10,0.29,0.11,0.26,0.38,0.11,0.38
Fabio Chiarodia,it ITA,"DF,MF",M'Gladbach,18-228,2005,5,0,62,0.7,0,0,0,0,0,0,0,0,0.0,0.0,0.0,0.0,0,2,0,0.00,0.00,0.00,0.00,0.00,0.00,0.00,0.00,0.00,0.00
Kingsley Coman,fr FRA,FW,Bayern Munich,27-220,1996,12,11,853,9.5,3,3,6,3,0,0,1,0,2.4,2.4,3.6,6.1,58,45,141,0.32,0.32,0.63,0.32,0.63,0.26,0.38,0.64,0.26,0.64
Bambasé Conté,de GER,"FW,MF",Hoffenheim,20-196,2003,2,0,4,0.0,0,0,0,0,0,0,0,0,0.0,0.0,0.0,0.0,1,1,4,0.00,0.00,0.00,0.00,0.00,0.00,0.00,0.00,0.00,0.00
Danny da Costa,de GER,DF,Mainz 05,30-190,1993,13,8,730,8.1,0,1,1,0,0,0,1,0,0.3,0.3,0.7,1.0,19,38,49,0.00,0.12,0.12,0.00,0.12,0.04,0.09,0.13,0.04,0.13
Nicolas Cozza,fr FRA,DF,Wolfsburg,25-011,1999,6,3,276,3.1,0,0,0,0,0,0,1,0,0.0,0.0,0.1,0.1,5,16,8,0.00,0.00,0.00,0.00,0.00,0.01,0.03,0.03,0.01,0.03
Tomáš Čvančara,cz CZE,FW,M'Gladbach,23-159,2000,13,6,641,7.1,4,1,5,3,1,2,3,0,4.6,3.0,0.7,3.7,8,10,28,0.56,0.14,0.70,0.42,0.56,0.64,0.09,0.74,0.42,0.51
Finn Dahmen,de GER,GK,Augsburg,25-298,1998,17,17,"1,530",17.0,0,0,0,0,0,0,2,0,0.0,0.0,0.1,0.1,0,2,0,0.00,0.00,0.00,0.00,0.00,0.00,0.01,0.01,0.00,0.01
Lukas Daschner,de GER,"MF,FW",Bochum,25-110,1998,11,2,305,3.4,1,1,2,1,0,0,2,0,2.2,2.2,0.8,3.0,4,10,19,0.30,0.30,0.59,0.30,0.59,0.63,0.24,0.87,0.63,0.87
David Datro Fofana,ci CIV,"FW,MF",Union Berlin,21-028,2002,12,8,682,7.6,1,0,1,1,0,0,0,0,2.8,2.8,0.3,3.1,20,14,66,0.13,0.00,0.13,0.13,0.13,0.37,0.05,0.41,0.37,0.41
Alphonso Davies,ca CAN,DF,Bayern Munich,23-078,2000,15,14,"1,178",13.1,0,3,3,0,0,0,0,0,0.3,0.3,1.6,1.9,72,67,81,0.00,0.23,0.23,0.00,0.23,0.02,0.12,0.14,0.02,0.14
Olivier Deman,be BEL,DF,Werder Bremen,23-288,2000,13,9,839,9.3,1,1,2,1,0,0,3,0,0.6,0.6,0.5,1.1,11,29,34,0.11,0.11,0.21,0.11,0.21,0.06,0.06,0.12,0.06,0.12
Ermedin Demirović,ba BIH,"MF,FW",Augsburg,25-300,1998,17,17,"1,462",16.2,8,5,13,7,1,2,4,0,7.4,5.8,2.3,8.1,15,28,64,0.49,0.31,0.80,0.43,0.74,0.46,0.14,0.60,0.36,0.50
Sepp van den Berg,nl NED,DF,Mainz 05,22-030,2001,16,14,"1,309",14.5,1,0,1,1,0,0,6,0,0.7,0.7,0.0,0.7,5,61,5,0.07,0.00,0.07,0.07,0.07,0.05,0.00,0.05,0.05,0.05
Justin Diehl,de GER,FW,Köln,19-053,2004,1,0,31,0.3,0,0,0,0,0,0,0,0,0.1,0.1,0.1,0.2,2,0,2,0.00,0.00,0.00,0.00,0.00,0.23,0.31,0.54,0.23,0.54
Florian Dietz,de GER,FW,Köln,25-169,1998,2,0,44,0.5,0,0,0,0,0,0,0,0,0.1,0.1,0.0,0.1,0,0,6,0.00,0.00,0.00,0.00,0.00,0.21,0.00,0.21,0.21,0.21
Junior Dina Ebimbe,fr FRA,"MF,DF",Eint Frankfurt,23-059,2000,16,12,"1,025",11.4,3,1,4,3,0,0,2,0,2.6,2.6,1.6,4.2,34,48,62,0.26,0.09,0.35,0.26,0.35,0.22,0.14,0.37,0.22,0.37
Eren Dinkçi,de GER,"MF,FW",Heidenheim,22-037,2001,16,16,"1,284",14.3,6,0,6,6,0,0,6,0,1.9,1.9,1.3,3.2,42,46,63,0.42,0.00,0.42,0.42,0.42,0.13,0.09,0.22,0.13,0.22
Ritsu Doan,jp JPN,"MF,FW",Freiburg,25-217,1998,16,13,"1,060",11.8,1,0,1,1,0,0,0,0,1.7,1.7,0.9,2.6,25,29,72,0.08,0.00,0.08,0.08,0.08,0.14,0.08,0.22,0.14,0.22
Danilho Doekhi,nl NED,DF,Union Berlin,25-203,1998,8,8,720,8.0,1,0,1,1,0,0,0,0,0.2,0.2,0.1,0.3,1,31,5,0.12,0.00,0.12,0.12,0.12,0.03,0.01,0.04,0.03,0.04
Niklas Dorsch,de GER,MF,Augsburg,26-004,1998,15,14,"1,141",12.7,0,0,0,0,0,0,5,0,0.6,0.6,0.0,0.6,8,39,7,0.00,0.00,0.00,0.00,0.00,0.04,0.00,0.05,0.04,0.05
Nikola Dovedan,at AUT,"MF,FW",Heidenheim,29-197,1994,10,1,247,2.7,0,0,0,0,0,0,0,0,0.2,0.2,0.1,0.3,6,10,11,0.00,0.00,0.00,0.00,0.00,0.06,0.05,0.11,0.06,0.11
Damion Downs,de GER,"FW,MF",Köln,19-197,2004,3,0,24,0.3,0,0,0,0,0,0,0,0,0.2,0.2,0.0,0.2,0,0,1,0.00,0.00,0.00,0.00,0.00,0.59,0.00,0.59,0.59,0.59
Dion Drena Beljo,hr CRO,"FW,MF",Augsburg,21-324,2002,14,3,402,4.5,2,0,2,2,0,0,2,0,1.3,1.3,0.3,1.5,14,11,21,0.45,0.00,0.45,0.45,0.45,0.28,0.06,0.34,0.28,0.34
Marvin Ducksch,de GER,FW,Werder Bremen,29-318,1994,17,16,"1,358",15.1,7,4,11,5,2,3,5,0,5.5,3.0,3.8,6.9,8,46,80,0.46,0.27,0.73,0.33,0.60,0.37,0.25,0.62,0.20,0.46
Maximilian Eggestein,de GER,MF,Freiburg,27-042,1996,17,17,"1,481",16.5,0,0,0,0,0,0,3,0,1.3,1.3,0.9,2.2,20,87,28,0.00,0.00,0.00,0.00,0.00,0.08,0.05,0.13,0.08,0.13
Lilian Egloff,de GER,"MF,DF",Stuttgart,21-152,2002,5,1,106,1.2,0,0,0,0,0,0,1,0,0.2,0.2,0.0,0.2,2,2,2,0.00,0.00,0.00,0.00,0.00,0.15,0.00,0.15,0.15,0.15
Elif Elmas,mk MKD,DF,RB Leipzig,24-117,1999,1,0,3,0.0,0,0,0,0,0,0,0,0,0.0,0.0,0.0,0.0,0,1,0,0.00,0.00,0.00,0.00,0.00,0.00,0.00,0.00,0.00,0.00
Nico Elvedi,ch SUI,DF,M'Gladbach,27-111,1996,15,13,"1,159",12.9,1,1,2,1,0,0,4,0,0.4,0.4,0.1,0.5,15,47,2,0.08,0.08,0.16,0.08,0.16,0.03,0.01,0.04,0.03,0.04
Arne Engels,be BEL,"MF,DF",Augsburg,20-133,2003,15,7,697,7.7,1,0,1,1,0,0,0,1,1.0,1.0,0.7,1.8,12,17,25,0.13,0.00,0.13,0.13,0.13,0.14,0.10,0.23,0.14,0.23
Ohis Felix Uduokhai,de GER,DF,Augsburg,26-132,1997,16,16,"1,391",15.5,1,0,1,1,0,0,4,1,0.6,0.6,0.3,1.0,12,43,3,0.06,0.00,0.06,0.06,0.06,0.04,0.02,0.06,0.04,0.06
Edimilson Fernandes,ch SUI,DF,Mainz 05,27-279,1996,12,11,967,10.7,0,2,2,0,0,0,4,0,0.5,0.5,0.7,1.2,8,42,8,0.00,0.19,0.19,0.00,0.19,0.04,0.07,0.11,0.04,0.11
Nacho Ferri,es ESP,"FW,MF",Eint Frankfurt,19-106,2004,4,0,53,0.6,1,0,1,1,0,0,0,0,0.7,0.7,0.0,0.7,0,2,5,1.70,0.00,1.70,1.70,1.70,1.21,0.00,1.21,1.21,1.21
Max Finkgräfe,de GER,"DF,MF",Köln,19-298,2004,8,3,367,4.1,0,0,0,0,0,0,0,0,0.7,0.7,0.3,1.0,16,7,17,0.00,0.00,0.00,0.00,0.00,0.17,0.08,0.25,0.17,0.25
Jonas Föhrenbach,de GER,DF,Heidenheim,27-358,1996,16,15,"1,359",15.1,0,0,0,0,0,0,1,0,0.3,0.3,0.5,0.8,20,42,41,0.00,0.00,0.00,0.00,0.00,0.02,0.03,0.05,0.02,0.05
Emil Forsberg,se SWE,"MF,FW",RB Leipzig,32-088,1991,14,5,464,5.2,2,1,3,2,0,1,0,0,1.4,0.6,0.9,1.5,8,22,38,0.39,0.19,0.58,0.39,0.58,0.27,0.17,0.44,0.11,0.28
Philipp Förster,de GER,"MF,FW",Bochum,28-349,1995,8,1,223,2.5,0,0,0,0,0,0,0,0,0.2,0.2,0.3,0.5,4,14,11,0.00,0.00,0.00,0.00,0.00,0.09,0.11,0.19,0.09,0.19
Bartol Franjić,hr CRO,MF,Darmstadt 98,24-005,2000,11,6,627,7.0,0,1,1,0,0,0,2,0,0.0,0.0,0.2,0.2,8,27,8,0.00,0.14,0.14,0.00,0.14,0.00,0.03,0.03,0.00,0.03
Marco Friedl,at AUT,DF,Werder Bremen,25-309,1998,13,13,"1,117",12.4,0,0,0,0,0,0,3,0,0.0,0.0,0.0,0.0,0,30,2,0.00,0.00,0.00,0.00,0.00,0.00,0.00,0.00,0.00,0.00
Marvin Friedrich,de GER,DF,M'Gladbach,28-037,1995,11,6,580,6.4,0,0,0,0,0,0,0,0,0.4,0.4,0.1,0.4,1,16,3,0.00,0.00,0.00,0.00,0.00,0.06,0.01,0.07,0.06,0.07
Jeremie Frimpong,nl NED,DF,Leverkusen,23-040,2000,17,17,"1,404",15.6,5,6,11,5,0,0,3,0,4.1,4.1,4.0,8.1,100,31,215,0.32,0.38,0.71,0.32,0.71,0.26,0.26,0.52,0.26,0.52
Chris Führich,de GER,"FW,MF",Stuttgart,26-010,1998,17,17,"1,340",14.9,5,5,10,5,0,1,1,0,4.8,4.0,5.0,9.0,86,58,127,0.34,0.34,0.67,0.34,0.67,0.32,0.33,0.66,0.27,0.60
Niclas Füllkrug,de GER,FW,Werder Bremen,30-344,1993,2,2,180,2.0,0,0,0,0,0,0,0,0,0.5,0.5,0.3,0.7,2,9,12,0.00,0.00,0.00,0.00,0.00,0.23,0.13,0.36,0.23,0.36
Niclas Füllkrug,de GER,FW,Dortmund,30-344,1993,15,13,"1,090",12.1,5,5,10,5,0,0,0,0,5.0,5.0,2.3,7.4,6,20,66,0.41,0.41,0.83,0.41,0.83,0.42,0.19,0.61,0.42,0.61
Cristian Gamboa,cr CRC,DF,Bochum,34-087,1989,14,11,"1,021",11.3,0,1,1,0,0,0,5,0,0.1,0.1,0.3,0.4,10,29,15,0.00,0.09,0.09,0.00,0.09,0.01,0.03,0.04,0.01,0.04
Yannick Gerhardt,de GER,"MF,FW",Wolfsburg,29-312,1994,13,8,697,7.7,1,0,1,1,0,0,1,0,0.9,0.9,0.1,1.1,10,13,36,0.13,0.00,0.13,0.13,0.13,0.12,0.02,0.14,0.12,0.14
Anwar El Ghazi,nl NED,"MF,DF",Mainz 05,28-261,1995,3,0,54,0.6,0,1,1,0,0,0,0,0,0.1,0.1,0.2,0.4,2,4,5,0.00,1.67,1.67,0.00,1.67,0.22,0.39,0.61,0.22,0.61
Benedikt Gimber,de GER,DF,Heidenheim,26-334,1997,8,8,695,7.7,1,1,2,1,0,0,3,0,0.5,0.5,0.5,1.0,1,8,3,0.13,0.13,0.26,0.13,0.26,0.06,0.07,0.13,0.06,0.13
Matthias Ginter,de GER,DF,Freiburg,30-000,1994,16,16,"1,373",15.3,0,2,2,0,0,0,2,0,0.9,0.9,1.4,2.3,18,111,19,0.00,0.13,0.13,0.00,0.13,0.06,0.09,0.15,0.06,0.15
Klaus Gjasula,al ALB,"DF,MF",Darmstadt 98,34-036,1989,10,8,633,7.0,0,0,0,0,0,0,2,1,0.1,0.1,0.1,0.2,6,39,1,0.00,0.00,0.00,0.00,0.00,0.02,0.01,0.03,0.02,0.03
Serge Gnabry,de GER,"FW,MF",Bayern Munich,28-189,1995,5,3,226,2.5,0,0,0,0,0,0,0,0,1.1,1.1,0.5,1.7,12,10,26,0.00,0.00,0.00,0.00,0.00,0.46,0.22,0.67,0.46,0.67
Leon Goretzka,de GER,MF,Bayern Munich,28-347,1995,12,10,844,9.4,2,2,4,2,0,0,0,0,2.5,2.5,1.7,4.3,27,56,33,0.21,0.21,0.43,0.21,0.43,0.27,0.19,0.46,0.27,0.46
Robin Gosens,de GER,"DF,MF",Union Berlin,29-198,1994,14,11,974,10.8,4,0,4,4,0,0,4,0,1.1,1.1,1.3,2.4,7,48,58,0.37,0.00,0.37,0.37,0.37,0.10,0.12,0.22,0.10,0.22
Mario Götze,de GER,MF,Eint Frankfurt,31-230,1992,15,9,865,9.6,0,1,1,0,0,0,4,1,0.6,0.6,1.4,2.1,8,47,43,0.00,0.10,0.10,0.00,0.10,0.07,0.15,0.22,0.07,0.22
Jeffrey Gouweleeuw,nl NED,DF,Augsburg,32-193,1991,14,13,"1,170",13.0,0,0,0,0,0,0,3,0,0.4,0.4,0.6,1.0,11,63,6,0.00,0.00,0.00,0.00,0.00,0.03,0.04,0.07,0.03,0.07
Jens Grahl,de GER,GK,Eint Frankfurt,35-119,1988,1,1,90,1.0,0,1,1,0,0,0,0,0,0.0,0.0,0.2,0.2,0,0,0,0.00,1.00,1.00,0.00,1.00,0.00,0.24,0.24,0.00,0.24
Ryan Gravenberch,nl NED,FW,Bayern Munich,21-248,2002,1,0,10,0.1,0,0,0,0,0,0,1,0,0.0,0.0,0.2,0.2,0,1,3,0.00,0.00,0.00,0.00,0.00,0.00,1.92,1.92,0.00,1.92
Michael Gregoritsch,at AUT,FW,Freiburg,29-276,1994,15,7,667,7.4,3,1,4,3,0,0,0,0,4.2,4.2,0.5,4.7,5,15,34,0.40,0.13,0.54,0.40,0.54,0.56,0.06,0.63,0.56,0.63
Vincenzo Grifo,it ITA,"MF,FW",Freiburg,30-287,1993,15,14,"1,177",13.1,3,5,8,0,3,3,1,0,4.2,1.8,4.4,6.2,22,50,73,0.23,0.38,0.61,0.00,0.38,0.32,0.33,0.65,0.14,0.47
Florian Grillitsch,at AUT,"MF,DF",Hoffenheim,28-165,1995,14,9,860,9.6,1,1,2,1,0,0,4,0,0.8,0.8,0.5,1.3,14,57,10,0.10,0.10,0.21,0.10,0.21,0.09,0.05,0.14,0.09,0.14
Álex Grimaldo,es ESP,DF,Leverkusen,28-121,1995,17,17,"1,523",16.9,7,6,13,7,0,0,1,0,2.4,2.4,3.4,5.8,37,72,115,0.41,0.35,0.77,0.41,0.77,0.14,0.20,0.34,0.14,0.34
Christian Groß,de GER,"MF,DF",Werder Bremen,34-345,1989,8,5,455,5.1,0,1,1,0,0,0,1,0,0.1,0.1,0.2,0.3,10,23,4,0.00,0.20,0.20,0.00,0.20,0.02,0.04,0.06,0.02,0.06
Brajan Gruda,de GER,"MF,FW",Mainz 05,19-233,2004,15,9,830,9.2,1,1,2,1,0,0,3,0,1.1,1.1,1.6,2.7,49,38,86,0.11,0.11,0.22,0.11,0.22,0.12,0.18,0.29,0.12,0.29
Ilia Gruev,bg BUL,MF,Werder Bremen,23-258,2000,1,0,4,0.0,0,0,0,0,0,0,0,0,0.0,0.0,0.0,0.0,0,0,0,0.00,0.00,0.00,0.00,0.00,0.00,0.00,0.00,0.00,0.00
Raphaël Guerreiro,pt POR,"MF,DF",Bayern Munich,30-028,1993,6,3,377,4.2,1,0,1,1,0,0,1,0,0.7,0.7,0.0,0.7,4,19,14,0.24,0.00,0.24,0.24,0.24,0.16,0.01,0.17,0.16,0.17
Josuha Guilavogui,fr FRA,DF,Mainz 05,33-122,1990,2,1,31,0.3,0,0,0,0,0,0,0,0,0.0,0.0,0.0,0.0,0,1,1,0.00,0.00,0.00,0.00,0.00,0.00,0.00,0.00,0.00,0.00
Serhou Guirassy,gn GUI,FW,Stuttgart,27-313,1996,14,12,"1,055",11.7,17,1,18,14,3,3,0,0,11.6,9.2,3.5,12.7,16,22,82,1.45,0.09,1.54,1.19,1.28,0.99,0.30,1.29,0.79,1.09
Manuel Gulde,de GER,DF,Freiburg,32-341,1991,12,8,808,9.0,1,0,1,1,0,0,2,0,0.8,0.8,0.1,0.9,3,29,1,0.11,0.00,0.11,0.11,0.11,0.09,0.01,0.10,0.09,0.10
Robert Gumny,pl POL,DF,Augsburg,25-229,1998,12,6,464,5.2,0,0,0,0,0,0,3,0,0.2,0.2,0.1,0.3,7,17,17,0.00,0.00,0.00,0.00,0.00,0.04,0.01,0.05,0.04,0.05
Christian Günter,de GER,DF,Freiburg,30-325,1993,1,1,89,1.0,0,0,0,0,0,0,0,0,0.0,0.0,0.6,0.6,2,3,3,0.00,0.00,0.00,0.00,0.00,0.00,0.59,0.59,0.00,0.59
Janik Haberer,de GER,MF,Union Berlin,29-292,1994,13,11,861,9.6,0,0,0,0,0,0,3,0,0.7,0.7,0.1,0.8,5,35,27,0.00,0.00,0.00,0.00,0.00,0.07,0.02,0.08,0.07,0.08
Robin Hack,de GER,"FW,MF",M'Gladbach,25-145,1998,13,3,422,4.7,2,2,4,2,0,0,1,0,1.7,1.7,0.9,2.6,14,14,30,0.43,0.43,0.85,0.43,0.85,0.36,0.19,0.55,0.36,0.55
Amadou Haidara,ml MLI,MF,RB Leipzig,25-353,1998,10,8,639,7.1,0,0,0,0,0,0,3,0,0.7,0.7,0.8,1.5,2,56,6,0.00,0.00,0.00,0.00,0.00,0.09,0.12,0.21,0.09,0.21
Sébastien Haller,ci CIV,FW,Dortmund,29-211,1994,11,4,361,4.0,0,0,0,0,0,0,2,0,0.9,0.9,0.6,1.5,9,10,30,0.00,0.00,0.00,0.00,0.00,0.23,0.16,0.39,0.23,0.39
Andreas Hanche-Olsen,no NOR,DF,Mainz 05,27-002,1997,2,1,66,0.7,0,0,0,0,0,0,1,0,0.0,0.0,0.0,0.0,0,0,0,0.00,0.00,0.00,0.00,0.00,0.00,0.00,0.00,0.00,0.00
Genki Haraguchi,jp JPN,MF,Stuttgart,32-255,1991,1,0,21,0.2,0,0,0,0,0,0,0,0,0.0,0.0,0.0,0.0,1,3,0,0.00,0.00,0.00,0.00,0.00,0.00,0.00,0.00,0.00,0.00
Makoto Hasebe,jp JPN,"DF,MF",Eint Frankfurt,40-001,1984,3,0,37,0.4,0,0,0,0,0,0,0,0,0.0,0.0,0.0,0.0,0,2,0,0.00,0.00,0.00,0.00,0.00,0.00,0.00,0.00,0.00,0.00
Thorgan Hazard,be BEL,DF,Dortmund,30-296,1993,1,0,7,0.1,0,0,0,0,0,0,0,0,0.0,0.0,0.0,0.0,0,2,1,0.00,0.00,0.00,0.00,0.00,0.00,0.00,0.00,0.00,0.00
Dominique Heintz,de GER,DF,Köln,30-157,1993,6,5,410,4.6,0,0,0,0,0,0,0,0,0.0,0.0,0.3,0.3,6,17,13,0.00,0.00,0.00,0.00,0.00,0.00,0.07,0.07,0.00,0.07
Benjamin Henrichs,de GER,DF,RB Leipzig,26-330,1997,16,15,"1,339",14.9,1,3,4,1,0,0,1,0,1.4,1.4,3.1,4.6,28,67,93,0.07,0.20,0.27,0.07,0.27,0.10,0.21,0.31,0.10,0.31
Patrick Herrmann,de GER,"DF,FW",M'Gladbach,32-341,1991,3,0,44,0.5,0,0,0,0,0,0,0,0,0.0,0.0,0.0,0.1,1,4,5,0.00,0.00,0.00,0.00,0.00,0.07,0.08,0.15,0.07,0.15
Piero Hincapié,ec ECU,DF,Leverkusen,22-010,2002,10,4,386,4.3,0,1,1,0,0,0,0,0,0.9,0.9,0.2,1.0,9,21,6,0.00,0.23,0.23,0.00,0.23,0.20,0.04,0.24,0.20,0.24
Adam Hložek,cz CZE,"FW,MF",Leverkusen,21-178,2002,14,1,155,1.7,1,0,1,1,0,0,0,0,1.5,1.5,0.2,1.7,9,5,12,0.58,0.00,0.58,0.58,0.58,0.89,0.10,0.99,0.89,0.99
Nicolas Höfler,de GER,MF,Freiburg,33-316,1990,12,12,"1,071",11.9,1,0,1,1,0,0,5,1,0.5,0.5,0.1,0.6,7,46,9,0.08,0.00,0.08,0.08,0.08,0.04,0.01,0.05,0.04,0.05
Jonas Hofmann,de GER,MF,Leverkusen,31-189,1992,17,16,"1,362",15.1,5,5,10,5,0,0,3,0,2.9,2.9,5.1,8.0,41,72,136,0.33,0.33,0.66,0.33,0.66,0.19,0.34,0.53,0.19,0.53
Philipp Hofmann,de GER,FW,Bochum,30-295,1993,14,10,804,8.9,0,2,2,0,0,0,1,0,1.5,1.5,1.1,2.6,2,18,49,0.00,0.22,0.22,0.00,0.22,0.17,0.13,0.29,0.17,0.29
Lucas Höler,de GER,"FW,MF",Freiburg,29-193,1994,17,13,"1,179",13.1,5,1,6,4,1,1,2,0,5.2,4.4,1.6,6.0,14,24,75,0.38,0.08,0.46,0.31,0.38,0.40,0.12,0.52,0.34,0.46
Fabian Holland,de GER,"MF,DF",Darmstadt 98,33-192,1990,13,13,"1,082",12.0,0,2,2,0,0,0,3,1,0.1,0.1,1.1,1.2,7,60,19,0.00,0.17,0.17,0.00,0.17,0.01,0.09,0.10,0.01,0.10
Benedict Hollerbach,de GER,"FW,MF",Union Berlin,22-247,2001,10,4,347,3.9,2,0,2,2,0,0,1,0,0.5,0.5,0.3,0.9,15,11,33,0.52,0.00,0.52,0.52,0.52,0.13,0.09,0.22,0.13,0.22
Franck Honorat,fr FRA,"DF,FW",M'Gladbach,27-161,1996,17,16,"1,325",14.7,1,6,7,1,0,0,1,0,0.5,0.5,5.3,5.8,48,50,150,0.07,0.41,0.48,0.07,0.48,0.04,0.36,0.39,0.04,0.39
Mathias Honsak,at AUT,"MF,FW",Darmstadt 98,27-030,1996,13,6,595,6.6,1,0,1,1,0,0,1,0,1.0,1.0,0.3,1.3,14,9,42,0.15,0.00,0.15,0.15,0.15,0.16,0.05,0.20,0.16,0.20
Fraser Hornby,sct SCO,"FW,MF",Darmstadt 98,24-128,1999,7,1,217,2.4,0,0,0,0,0,0,1,0,0.7,0.7,0.3,1.0,7,2,7,0.00,0.00,0.00,0.00,0.00,0.27,0.14,0.41,0.27,0.41
Lukáš Hrádecký,fi FIN,GK,Leverkusen,34-056,1989,17,17,"1,530",17.0,0,0,0,0,0,0,1,0,0.0,0.0,0.0,0.0,0,0,0,0.00,0.00,0.00,0.00,0.00,0.00,0.00,0.00,0.00,0.00
Timo Hübers,de GER,DF,Köln,27-183,1996,17,17,"1,518",16.9,0,0,0,0,0,0,3,0,1.3,1.3,0.2,1.5,10,63,1,0.00,0.00,0.00,0.00,0.00,0.08,0.01,0.09,0.08,0.09
Mats Hummels,de GER,DF,Dortmund,35-034,1988,14,14,992,11.0,2,0,2,2,0,0,4,1,2.5,2.5,0.2,2.8,8,59,0,0.18,0.00,0.18,0.18,0.18,0.23,0.02,0.25,0.23,0.25
Denis Huseinbasic,de GER,MF,Köln,22-200,2001,11,6,549,6.1,0,2,2,0,0,0,1,0,0.1,0.1,0.3,0.4,10,27,10,0.00,0.33,0.33,0.00,0.33,0.02,0.06,0.07,0.02,0.07
Iago,br BRA,"DF,FW",Augsburg,26-302,1997,11,6,604,6.7,1,1,2,1,0,0,1,0,0.2,0.2,0.8,1.0,10,19,17,0.15,0.15,0.30,0.15,0.30,0.03,0.12,0.14,0.03,0.14
Thomas Isherwood,se SWE,DF,Darmstadt 98,25-356,1998,7,4,326,3.6,0,0,0,0,0,0,0,0,0.0,0.0,0.0,0.0,5,10,1,0.00,0.00,0.00,0.00,0.00,0.00,0.01,0.01,0.00,0.01
Ko Itakura,jp JPN,DF,M'Gladbach,26-357,1997,7,7,611,6.8,2,0,2,2,0,0,4,0,0.7,0.7,0.0,0.7,3,11,0,0.29,0.00,0.29,0.29,0.29,0.10,0.00,0.10,0.10,0.10
Hiroki Ito,jp JPN,DF,Stuttgart,24-252,1999,12,11,982,10.9,0,2,2,0,0,0,1,0,0.6,0.6,1.4,2.0,18,58,22,0.00,0.18,0.18,0.00,0.18,0.05,0.13,0.18,0.05,0.18
Lee Jae-sung,kr KOR,MF,Mainz 05,31-162,1992,16,13,"1,120",12.4,2,0,2,2,0,0,3,0,1.2,1.2,0.7,1.9,11,52,55,0.16,0.00,0.16,0.16,0.16,0.09,0.06,0.15,0.09,0.15
Paul Jaeckel,de GER,DF,Union Berlin,25-181,1998,4,2,217,2.4,0,0,0,0,0,0,0,0,0.0,0.0,0.1,0.1,1,14,1,0.00,0.00,0.00,0.00,0.00,0.00,0.03,0.03,0.00,0.03
Kristijan Jakić,hr CRO,"MF,FW",Eint Frankfurt,26-250,1997,4,1,200,2.2,0,0,0,0,0,0,1,0,0.0,0.0,0.2,0.2,3,11,9,0.00,0.00,0.00,0.00,0.00,0.02,0.08,0.10,0.02,0.10
Tony Jantschke,de GER,"DF,MF",M'Gladbach,33-287,1990,2,0,19,0.2,0,0,0,0,0,0,0,0,0.0,0.0,0.0,0.0,0,2,0,0.00,0.00,0.00,0.00,0.00,0.00,0.00,0.00,0.00,0.00
Fredrik Jensen,fi FIN,"FW,MF",Augsburg,26-132,1997,13,9,754,8.4,1,3,4,1,0,0,0,0,0.5,0.5,2.1,2.5,13,24,41,0.12,0.36,0.48,0.12,0.48,0.05,0.25,0.30,0.05,0.30
Moritz Jenz,de GER,DF,Wolfsburg,24-264,1999,10,9,851,9.5,0,1,1,0,0,0,2,0,0.0,0.0,0.3,0.3,0,22,1,0.00,0.11,0.11,0.00,0.11,0.00,0.03,0.03,0.00,0.03
Anthony Jung,de GER,"DF,FW",Werder Bremen,32-077,1991,16,15,"1,292",14.4,0,0,0,0,0,0,3,0,0.0,0.0,0.1,0.2,8,54,14,0.00,0.00,0.00,0.00,0.00,0.00,0.01,0.01,0.00,0.01
Josip Juranović,hr CRO,DF,Union Berlin,28-156,1995,10,8,686,7.6,0,2,2,0,0,0,1,0,0.4,0.4,1.5,1.9,15,36,25,0.00,0.26,0.26,0.00,0.26,0.06,0.20,0.25,0.06,0.25
Julian Justvan,de GER,"FW,MF",Hoffenheim,25-292,1998,4,0,49,0.5,0,0,0,0,0,0,0,0,0.0,0.0,0.0,0.0,8,5,12,0.00,0.00,0.00,0.00,0.00,0.07,0.00,0.07,0.07,0.07
Ozan Kabak,tr TUR,DF,Hoffenheim,23-300,2000,13,13,"1,049",11.7,2,0,2,2,0,0,4,0,1.1,1.1,0.4,1.5,9,51,2,0.17,0.00,0.17,0.17,0.17,0.09,0.03,0.13,0.09,0.13
Pavel Kadeřábek,cz CZE,"DF,FW",Hoffenheim,31-269,1992,13,12,"1,077",12.0,1,1,2,1,0,0,2,0,1.6,1.6,1.7,3.3,18,22,81,0.08,0.08,0.17,0.08,0.17,0.13,0.14,0.27,0.13,0.27
Florian Kainz,at AUT,"MF,FW",Köln,31-087,1992,17,15,"1,168",13.0,3,1,4,0,3,3,2,0,2.8,0.5,2.0,2.4,29,75,40,0.23,0.08,0.31,0.00,0.08,0.22,0.15,0.37,0.04,0.19
Sasa Kalajdzic,at AUT,FW,Eint Frankfurt,26-196,1997,1,1,61,0.7,0,0,0,0,0,0,0,0,0.0,0.0,0.0,0.0,0,1,2,0.00,0.00,0.00,0.00,0.00,0.00,0.06,0.06,0.00,0.06
Jakub Kamiński,pl POL,"FW,MF",Wolfsburg,21-228,2002,12,2,235,2.6,0,0,0,0,0,0,0,0,0.2,0.2,0.2,0.4,7,12,26,0.00,0.00,0.00,0.00,0.00,0.10,0.06,0.16,0.10,0.16
Kevin Kampl,si SVN,MF,RB Leipzig,33-102,1990,14,10,944,10.5,1,0,1,1,0,0,2,0,0.1,0.1,0.8,0.9,20,71,16,0.10,0.00,0.10,0.10,0.10,0.01,0.08,0.09,0.01,0.09
Harry Kane,eng ENG,FW,Bayern Munich,30-175,1993,16,16,"1,408",15.6,22,5,27,19,3,3,1,0,15.9,13.5,5.0,18.6,18,45,75,1.41,0.32,1.73,1.21,1.53,1.02,0.32,1.34,0.87,1.19
Atakan Karazor,de GER,MF,Stuttgart,27-098,1996,17,17,"1,445",16.1,0,2,2,0,0,0,4,0,0.7,0.7,1.2,1.9,14,70,20,0.00,0.12,0.12,0.00,0.12,0.05,0.08,0.12,0.04,0.12
Emir Karic,at AUT,DF,Darmstadt 98,26-224,1997,11,7,747,8.3,0,0,0,0,0,0,1,0,0.2,0.2,0.6,0.7,28,45,48,0.00,0.00,0.00,0.00,0.00,0.02,0.07,0.09,0.02,0.09
Silas Katompa,cd COD,"FW,MF",Stuttgart,25-105,1998,16,8,726,8.1,3,1,4,3,0,1,0,0,5.0,4.2,1.0,5.2,37,17,101,0.37,0.12,0.50,0.37,0.50,0.61,0.13,0.74,0.52,0.64
Mikkel Kaufmann,dk DEN,"FW,DF",Union Berlin,23-016,2001,9,1,168,1.9,1,0,1,1,0,0,0,0,0.3,0.3,0.0,0.3,1,5,14,0.54,0.00,0.54,0.54,0.54,0.16,0.00,0.16,0.16,0.16
Naby Keïta,gn GUI,MF,Werder Bremen,28-343,1995,3,1,81,0.9,0,0,0,0,0,0,1,0,0.1,0.1,0.0,0.1,1,8,2,0.00,0.00,0.00,0.00,0.00,0.12,0.00,0.12,0.12,0.12
Yannik Keitel,de GER,MF,Freiburg,23-338,2000,3,2,126,1.4,0,0,0,0,0,0,0,0,0.0,0.0,0.0,0.0,0,6,4,0.00,0.00,0.00,0.00,0.00,0.00,0.00,0.00,0.00,0.00
Thomas Keller,de GER,"MF,FW",Heidenheim,24-167,1999,2,0,2,0.0,0,0,0,0,0,0,0,0,0.0,0.0,0.0,0.0,0,2,0,0.00,0.00,0.00,0.00,0.00,0.00,0.00,0.00,0.00,0.00
Aljoscha Kemlein,de GER,MF,Union Berlin,19-170,2004,2,0,29,0.3,0,0,0,0,0,0,0,0,0.0,0.0,0.0,0.0,0,0,1,0.00,0.00,0.00,0.00,0.00,0.14,0.00,0.14,0.14,0.14
Tobias Kempe,de GER,MF,Darmstadt 98,34-206,1989,14,9,823,9.1,3,1,4,0,3,3,0,0,3.2,0.8,1.5,2.3,8,26,33,0.33,0.11,0.44,0.00,0.11,0.35,0.16,0.51,0.09,0.25
Rani Khedira,de GER,MF,Union Berlin,29-357,1994,5,5,360,4.0,0,0,0,0,0,0,1,1,0.0,0.0,0.0,0.0,3,8,7,0.00,0.00,0.00,0.00,0.00,0.00,0.00,0.00,0.00,0.00
Luca Kilian,de GER,DF,Köln,24-140,1999,9,2,275,3.1,0,0,0,0,0,0,1,0,0.0,0.0,0.0,0.0,4,3,1,0.00,0.00,0.00,0.00,0.00,0.00,0.01,0.01,0.00,0.01
Joshua Kimmich,de GER,MF,Bayern Munich,28-345,1995,12,12,946,10.5,1,3,4,1,0,0,0,1,0.5,0.5,2.6,3.2,14,113,18,0.10,0.29,0.38,0.10,0.38,0.05,0.25,0.30,0.05,0.30
Christoph Klarer,at AUT,DF,Darmstadt 98,23-219,2000,16,15,"1,260",14.0,0,2,2,0,0,0,5,0,0.4,0.4,0.7,1.1,7,42,7,0.00,0.14,0.14,0.00,0.14,0.03,0.05,0.08,0.03,0.08
Tim Kleindienst,de GER,FW,Heidenheim,28-141,1995,17,17,"1,486",16.5,6,3,9,4,2,2,2,0,8.5,7.0,2.0,9.0,21,42,97,0.36,0.18,0.55,0.24,0.42,0.52,0.12,0.64,0.42,0.54
Lukas Klostermann,de GER,DF,RB Leipzig,27-230,1996,14,9,871,9.7,1,0,1,1,0,0,3,0,0.7,0.7,0.4,1.0,12,68,8,0.10,0.00,0.10,0.10,0.10,0.07,0.04,0.11,0.07,0.11
Ansgar Knauff,de GER,"MF,FW",Eint Frankfurt,22-009,2002,14,11,888,9.9,4,0,4,4,0,0,4,1,3.0,3.0,0.7,3.8,34,22,62,0.41,0.00,0.41,0.41,0.41,0.31,0.08,0.38,0.31,0.38
Robin Knoche,de GER,DF,Union Berlin,31-242,1992,13,12,"1,131",12.6,0,0,0,0,0,1,0,0,1.0,0.2,0.2,0.3,2,49,1,0.00,0.00,0.00,0.00,0.00,0.08,0.01,0.09,0.01,0.03
Gregor Kobel,ch SUI,GK,Dortmund,26-044,1997,17,17,"1,465",16.3,0,0,0,0,0,0,1,0,0.0,0.0,0.0,0.0,0,0,0,0.00,0.00,0.00,0.00,0.00,0.00,0.00,0.00,0.00,0.00
Robin Koch,de GER,DF,Eint Frankfurt,27-186,1996,15,15,"1,323",14.7,1,0,1,1,0,0,4,0,1.0,1.0,0.0,1.0,6,39,1,0.07,0.00,0.07,0.07,0.07,0.07,0.00,0.07,0.07,0.07
Dominik Kohr,de GER,"MF,DF",Mainz 05,29-353,1994,16,14,"1,114",12.4,0,0,0,0,0,0,6,0,1.0,1.0,0.8,1.8,12,58,15,0.00,0.00,0.00,0.00,0.00,0.08,0.07,0.15,0.08,0.15
Randal Kolo Muani,fr FRA,FW,Eint Frankfurt,25-045,1998,2,2,153,1.7,1,0,1,1,0,0,0,0,1.3,1.3,0.0,1.3,6,3,9,0.59,0.00,0.59,0.59,0.59,0.77,0.00,0.77,0.77,0.77
Kouadio Koné,fr FRA,MF,M'Gladbach,22-247,2001,9,8,698,7.8,1,0,1,1,0,0,3,1,0.4,0.4,0.3,0.7,19,24,29,0.13,0.00,0.13,0.13,0.13,0.05,0.04,0.10,0.05,0.10
Odilon Kossonou,ci CIV,DF,Leverkusen,23-015,2001,15,14,"1,208",13.4,1,0,1,1,0,0,2,0,0.6,0.6,0.5,1.1,30,83,15,0.07,0.00,0.07,0.07,0.07,0.04,0.04,0.08,0.04,0.08
Dawid Kownacki,pl POL,FW,Werder Bremen,26-311,1997,10,3,233,2.6,0,0,0,0,0,0,0,0,0.6,0.6,0.1,0.7,3,2,18,0.00,0.00,0.00,0.00,0.00,0.21,0.04,0.26,0.21,0.26
Alex Král,cz CZE,MF,Union Berlin,25-245,1998,13,9,852,9.5,0,0,0,0,0,0,2,0,0.8,0.8,0.3,1.1,10,27,16,0.00,0.00,0.00,0.00,0.00,0.08,0.03,0.11,0.08,0.11
Andrej Kramarić,hr CRO,"MF,FW",Hoffenheim,32-214,1991,14,11,"1,001",11.1,6,1,7,2,4,4,3,0,5.4,2.3,3.2,5.5,28,46,72,0.54,0.09,0.63,0.18,0.27,0.49,0.29,0.78,0.20,0.49
Christoph Kramer,de GER,MF,M'Gladbach,32-334,1991,11,1,183,2.0,0,0,0,0,0,0,3,0,0.1,0.1,0.1,0.2,8,9,7,0.00,0.00,0.00,0.00,0.00,0.05,0.06,0.12,0.05,0.12
Frans Krätzig,de GER,DF,Bayern Munich,21-005,2003,4,0,56,0.6,0,0,0,0,0,0,0,0,0.3,0.3,0.3,0.5,0,7,7,0.00,0.00,0.00,0.00,0.00,0.42,0.42,0.84,0.42,0.84
Tom Krauß,de GER,MF,Mainz 05,22-211,2001,16,9,877,9.7,1,0,1,1,0,0,3,0,0.4,0.4,0.1,0.5,9,39,18,0.10,0.00,0.10,0.10,0.10,0.04,0.01,0.05,0.04,0.05
Lukas Kübler,de GER,DF,Freiburg,31-142,1992,12,10,853,9.5,0,0,0,0,0,0,2,0,0.4,0.4,0.2,0.5,3,27,18,0.00,0.00,0.00,0.00,0.00,0.04,0.02,0.06,0.04,0.06
Moritz-Broni Kwarteng,gh GHA,"FW,MF",Bochum,25-266,1998,6,1,164,1.8,0,1,1,0,0,0,1,0,0.5,0.5,0.5,1.0,5,5,13,0.00,0.55,0.55,0.00,0.55,0.26,0.30,0.56,0.26,0.56
Maxence Lacroix,fr FRA,DF,Wolfsburg,23-288,2000,14,14,"1,192",13.2,1,0,1,1,0,0,3,2,0.4,0.4,0.2,0.7,2,54,2,0.08,0.00,0.08,0.08,0.08,0.03,0.02,0.05,0.03,0.05
Aïssa Laïdouni,tn TUN,MF,Union Berlin,27-037,1996,13,8,724,8.0,0,3,3,0,0,0,1,0,0.4,0.4,0.5,0.9,11,42,26,0.00,0.37,0.37,0.00,0.37,0.05,0.07,0.11,0.05,0.11
Konrad Laimer,at AUT,"DF,MF",Bayern Munich,26-237,1997,16,11,"1,093",12.1,0,2,2,0,0,0,2,0,0.5,0.5,2.4,2.8,46,62,60,0.00,0.16,0.16,0.00,0.16,0.04,0.19,0.23,0.04,0.23
Hugo Larsson,se SWE,MF,Eint Frankfurt,19-206,2004,15,14,"1,245",13.8,2,1,3,2,0,0,1,0,1.2,1.2,1.3,2.5,20,40,26,0.14,0.07,0.22,0.14,0.22,0.09,0.09,0.18,0.09,0.18
Diogo Leite,pt POR,DF,Union Berlin,24-361,1999,16,16,"1,405",15.6,0,0,0,0,0,0,2,0,0.7,0.7,0.1,0.8,10,77,2,0.00,0.00,0.00,0.00,0.00,0.04,0.01,0.05,0.04,0.05
Maxim Leitsch,de GER,DF,Mainz 05,25-246,1998,6,4,370,4.1,0,0,0,0,0,0,0,0,0.0,0.0,0.0,0.0,1,7,0,0.00,0.00,0.00,0.00,0.00,0.00,0.00,0.00,0.00,0.00
Christopher Lenz,de GER,"DF,MF",RB Leipzig,29-119,1994,4,0,36,0.4,0,0,0,0,0,0,0,0,0.0,0.0,0.1,0.1,0,2,5,0.00,0.00,0.00,0.00,0.00,0.00,0.29,0.29,0.00,0.29
Christopher Lenz,de GER,DF,Eint Frankfurt,29-119,1994,1,0,10,0.1,0,0,0,0,0,0,0,0,0.0,0.0,0.0,0.0,0,1,0,0.00,0.00,0.00,0.00,0.00,0.00,0.00,0.00,0.00,0.00
Jamie Leweling,de GER,"MF,FW",Stuttgart,22-327,2001,17,6,593,6.6,0,2,2,0,0,0,1,0,2.2,2.2,2.1,4.3,26,10,74,0.00,0.30,0.30,0.00,0.30,0.33,0.32,0.65,0.33,0.65
Philipp Lienhart,at AUT,DF,Freiburg,27-192,1996,14,14,"1,236",13.7,1,0,1,1,0,0,3,0,1.1,1.1,1.1,2.2,14,52,3,0.07,0.00,0.07,0.07,0.07,0.08,0.08,0.16,0.08,0.16
Matthijs de Ligt,nl NED,DF,Bayern Munich,24-160,1999,9,4,369,4.1,1,0,1,1,0,0,2,0,1.2,1.2,0.1,1.3,4,19,1,0.24,0.00,0.24,0.24,0.24,0.30,0.02,0.31,0.30,0.31
Jesper Lindstrøm,dk DEN,FW,Eint Frankfurt,23-324,2000,1,1,83,0.9,0,0,0,0,0,0,0,0,0.2,0.2,0.0,0.2,2,1,9,0.00,0.00,0.00,0.00,0.00,0.20,0.00,0.20,0.20,0.20
Dejan Ljubicic,at AUT,"MF,FW",Köln,26-103,1997,15,13,"1,109",12.3,0,0,0,0,0,0,3,0,0.8,0.8,1.4,2.2,26,51,39,0.00,0.00,0.00,0.00,0.00,0.06,0.12,0.18,0.06,0.18
Noah Loosli,ch SUI,"DF,MF",Bochum,26-361,1997,7,0,165,1.8,0,0,0,0,0,0,0,0,0.0,0.0,0.0,0.0,1,3,1,0.00,0.00,0.00,0.00,0.00,0.00,0.00,0.00,0.00,0.00
Anthony Losilla,fr FRA,MF,Bochum,37-315,1986,16,16,"1,306",14.5,1,1,2,1,0,0,4,0,0.9,0.9,0.5,1.4,7,49,20,0.07,0.07,0.14,0.07,0.14,0.06,0.03,0.10,0.06,0.10
Castello Lukeba,fr FRA,DF,RB Leipzig,21-033,2002,16,11,991,11.0,1,0,1,1,0,0,2,0,0.5,0.5,0.1,0.6,11,51,4,0.09,0.00,0.09,0.09,0.09,0.04,0.01,0.05,0.04,0.05
Senne Lynen,be BEL,MF,Werder Bremen,24-334,1999,16,4,450,5.0,0,2,2,0,0,0,2,0,0.1,0.1,0.8,0.9,4,13,9,0.00,0.40,0.40,0.00,0.40,0.02,0.15,0.17,0.02,0.17
Ian Maatsen,nl NED,DF,Dortmund,21-315,2002,1,1,90,1.0,0,0,0,0,0,0,1,0,0.0,0.0,0.4,0.4,3,7,2,0.00,0.00,0.00,0.00,0.00,0.00,0.42,0.42,0.00,0.42
Matej Maglica,hr CRO,DF,Darmstadt 98,25-116,1998,14,10,831,9.2,1,0,1,1,0,0,3,2,0.4,0.4,0.2,0.6,7,38,4,0.11,0.00,0.11,0.11,0.11,0.04,0.02,0.06,0.04,0.06
Arne Maier,de GER,"MF,DF",Augsburg,25-011,1999,5,0,94,1.0,0,0,0,0,0,0,0,0,0.0,0.0,0.0,0.0,1,3,7,0.00,0.00,0.00,0.00,0.00,0.00,0.00,0.00,0.00,0.00
Linton Maina,de GER,"FW,MF",Köln,24-210,1999,15,13,"1,061",11.8,1,1,2,1,0,0,0,0,0.9,0.9,1.7,2.6,68,27,96,0.08,0.08,0.17,0.08,0.17,0.08,0.14,0.22,0.08,0.22
Patrick Mainka,de GER,DF,Heidenheim,29-074,1994,17,17,"1,530",17.0,2,0,2,2,0,0,1,0,1.8,1.8,0.0,1.8,15,64,2,0.12,0.00,0.12,0.12,0.12,0.10,0.00,0.10,0.10,0.10
Lovro Majer,hr CRO,"MF,FW",Wolfsburg,26-002,1998,17,15,"1,211",13.5,2,3,5,1,1,1,2,0,2.4,1.7,2.2,3.9,30,68,83,0.15,0.22,0.37,0.07,0.30,0.18,0.17,0.35,0.12,0.29
Jordy Makengo,fr FRA,DF,Freiburg,22-169,2001,6,4,398,4.4,0,0,0,0,0,0,0,0,0.0,0.0,0.1,0.1,14,22,18,0.00,0.00,0.00,0.00,0.00,0.00,0.01,0.01,0.00,0.01
Donyell Malen,nl NED,"FW,MF",Dortmund,25-010,1999,16,12,"1,042",11.6,5,0,5,5,0,0,1,0,5.0,5.0,1.5,6.6,48,33,86,0.43,0.00,0.43,0.43,0.43,0.43,0.13,0.57,0.43,0.57
Lennard Maloney,us USA,MF,Heidenheim,24-103,1999,17,17,"1,422",15.8,0,1,1,0,0,0,0,0,0.5,0.5,0.6,1.1,1,40,10,0.00,0.06,0.06,0.00,0.06,0.03,0.04,0.07,0.03,0.07
David Mamutovic,de GER,DF,Mainz 05,23-045,2000,1,0,5,0.1,0,0,0,0,0,0,0,0,0.0,0.0,0.0,0.0,0,0,0,0.00,0.00,0.00,0.00,0.00,0.00,0.00,0.00,0.00,0.00
Braydon Manu,gh GHA,MF,Darmstadt 98,26-297,1997,2,1,81,0.9,0,0,0,0,0,0,1,0,0.3,0.3,0.0,0.4,2,1,8,0.00,0.00,0.00,0.00,0.00,0.37,0.02,0.40,0.37,0.40
Omar Marmoush,eg EGY,"FW,MF",Eint Frankfurt,24-346,1999,15,13,"1,084",12.0,7,3,10,6,1,1,5,0,5.3,4.5,3.1,7.6,37,25,73,0.58,0.25,0.83,0.50,0.75,0.44,0.26,0.70,0.37,0.63
Eric Martel,de GER,MF,Köln,21-265,2002,14,14,"1,205",13.4,0,0,0,0,0,0,2,0,1.4,1.4,0.2,1.6,6,37,20,0.00,0.00,0.00,0.00,0.00,0.10,0.02,0.12,0.10,0.12
Erhan Mašović,rs SRB,DF,Bochum,25-058,1998,15,13,"1,208",13.4,0,0,0,0,0,0,4,0,0.8,0.8,0.3,1.1,1,23,7,0.00,0.00,0.00,0.00,0.00,0.06,0.02,0.08,0.06,0.08
Roberto Massimo,de GER,"DF,FW",Stuttgart,23-099,2000,3,0,61,0.7,0,0,0,0,0,0,0,0,0.0,0.0,0.0,0.0,2,3,3,0.00,0.00,0.00,0.00,0.00,0.00,0.00,0.00,0.00,0.00
Philipp Max,de GER,"DF,MF",Eint Frankfurt,30-111,1993,13,11,841,9.3,0,1,1,0,0,0,2,0,0.1,0.1,1.2,1.2,17,32,35,0.00,0.11,0.11,0.00,0.11,0.01,0.12,0.13,0.01,0.13
Eric Maxim Choupo-Moting,cm CMR,"MF,FW",Bayern Munich,34-302,1989,15,3,334,3.7,2,0,2,2,0,0,1,0,3.9,3.9,1.4,5.3,7,10,33,0.54,0.00,0.54,0.54,0.54,1.05,0.37,1.42,1.05,1.42
Noussair Mazraoui,ma MAR,DF,Bayern Munich,26-066,1997,11,10,820,9.1,0,3,3,0,0,0,3,0,0.8,0.8,1.5,2.2,24,81,52,0.00,0.33,0.33,0.00,0.33,0.09,0.16,0.25,0.09,0.25
Kevin Mbabu,ch SUI,DF,Augsburg,28-275,1995,11,8,804,8.9,0,0,0,0,0,0,1,0,0.1,0.1,0.7,0.8,25,27,34,0.00,0.00,0.00,0.00,0.00,0.01,0.08,0.09,0.01,0.09
Noah Mbamba,be BEL,MF,Leverkusen,19-014,2005,2,0,15,0.2,0,1,1,0,0,0,0,0,0.0,0.0,0.6,0.6,1,2,1,0.00,6.00,6.00,0.00,6.00,0.15,3.37,3.52,0.15,3.52
Nathanael Mbuku,fr FRA,FW,Augsburg,21-309,2002,1,0,5,0.1,0,0,0,0,0,0,0,0,0.0,0.0,0.0,0.1,1,1,4,0.00,0.00,0.00,0.00,0.00,0.56,0.69,1.25,0.56,1.25
Marvin Mehlem,de GER,MF,Darmstadt 98,26-130,1997,13,13,972,10.8,3,2,5,3,0,0,3,0,3.6,3.6,0.7,4.3,22,35,50,0.28,0.19,0.46,0.28,0.46,0.33,0.07,0.40,0.33,0.40
Thomas Meunier,be BEL,DF,Dortmund,32-129,1991,5,4,348,3.9,0,0,0,0,0,0,0,0,0.4,0.4,0.1,0.5,10,17,13,0.00,0.00,0.00,0.00,0.00,0.10,0.02,0.12,0.10,0.12
Alexander Meyer,de GER,GK,Dortmund,32-281,1991,1,0,65,0.7,0,0,0,0,0,0,0,0,0.0,0.0,0.0,0.0,0,0,0,0.00,0.00,0.00,0.00,0.00,0.00,0.00,0.00,0.00,0.00
Sven Michel,de GER,"FW,MF",Augsburg,33-188,1990,12,5,445,4.9,1,1,2,0,1,1,2,0,1.0,0.2,0.3,0.6,4,11,25,0.20,0.20,0.40,0.00,0.20,0.21,0.07,0.28,0.05,0.12
Enzo Millot,fr FRA,"MF,FW",Stuttgart,21-186,2002,15,13,"1,118",12.4,2,2,4,2,0,0,2,0,1.3,1.3,2.3,3.6,28,70,94,0.16,0.16,0.32,0.16,0.32,0.11,0.18,0.29,0.11,0.29
Jovan Milošević,rs SRB,FW,Stuttgart,18-172,2005,4,0,27,0.3,0,0,0,0,0,0,0,0,0.0,0.0,0.0,0.0,0,1,1,0.00,0.00,0.00,0.00,0.00,0.00,0.00,0.00,0.00,0.00
Kim Min-jae,kr KOR,DF,Bayern Munich,27-065,1996,15,15,"1,317",14.6,1,0,1,1,0,0,2,0,0.6,0.6,0.2,0.8,9,89,2,0.07,0.00,0.07,0.07,0.07,0.04,0.02,0.06,0.04,0.06
Maximilian Mittelstädt,de GER,DF,Stuttgart,26-307,1997,15,8,751,8.3,0,2,2,0,0,0,3,0,0.2,0.2,1.8,2.0,27,54,44,0.00,0.24,0.24,0.00,0.24,0.03,0.21,0.24,0.03,0.24
Youssoufa Moukoko,de GER,FW,Dortmund,19-060,2004,9,0,160,1.8,2,0,2,2,0,0,0,0,1.0,1.0,0.0,1.0,8,3,5,1.13,0.00,1.13,1.13,1.13,0.53,0.02,0.55,0.53,0.55
Andreas Müller,de GER,MF,Darmstadt 98,23-183,2000,4,0,57,0.6,0,0,0,0,0,0,0,0,0.0,0.0,0.0,0.0,0,2,0,0.00,0.00,0.00,0.00,0.00,0.00,0.00,0.00,0.00,0.00
Jannik Müller,de GER,DF,Darmstadt 98,30-001,1994,7,7,604,6.7,0,0,0,0,0,0,3,0,0.1,0.1,0.0,0.1,2,16,5,0.00,0.00,0.00,0.00,0.00,0.01,0.00,0.01,0.01,0.01
Kevin Müller,de GER,GK,Heidenheim,32-310,1991,17,17,"1,530",17.0,0,0,0,0,0,0,1,0,0.0,0.0,0.0,0.0,0,0,0,0.00,0.00,0.00,0.00,0.00,0.00,0.00,0.00,0.00,0.00
Marcus Müller,de GER,MF,Mainz 05,21-152,2002,1,0,18,0.2,0,0,0,0,0,0,0,0,0.1,0.1,0.0,0.1,0,1,0,0.00,0.00,0.00,0.00,0.00,0.26,0.00,0.26,0.26,0.26
Thomas Müller,de GER,"MF,FW",Bayern Munich,34-128,1989,14,7,572,6.4,1,6,7,1,0,0,0,0,2.2,2.2,4.9,7.1,16,28,58,0.16,0.94,1.10,0.16,1.10,0.35,0.76,1.11,0.35,1.11
Jamal Musiala,de GER,"MF,FW",Bayern Munich,20-327,2003,11,8,735,8.2,5,2,7,5,0,0,1,0,3.3,3.3,1.9,5.2,38,43,56,0.61,0.24,0.86,0.61,0.86,0.41,0.23,0.64,0.41,0.64
Phillipp Mwene,at AUT,"DF,FW",Mainz 05,29-355,1994,10,10,841,9.3,0,2,2,0,0,0,1,0,0.3,0.3,1.5,1.9,20,32,42,0.00,0.21,0.21,0.00,0.21,0.04,0.16,0.20,0.04,0.20
Joakim Mæhle,dk DEN,DF,Wolfsburg,26-244,1997,16,15,"1,347",15.0,1,1,2,1,0,0,3,0,0.9,0.9,1.3,2.2,43,61,78,0.07,0.07,0.13,0.07,0.13,0.06,0.09,0.15,0.06,0.15
Nathan N'Goumou,fr FRA,"FW,MF",M'Gladbach,23-311,2000,16,7,684,7.6,2,1,3,2,0,0,0,0,1.6,1.6,0.5,2.1,21,19,66,0.26,0.13,0.39,0.26,0.39,0.21,0.07,0.28,0.21,0.28
Stanley N'Soki,fr FRA,DF,Hoffenheim,24-285,1999,3,1,115,1.3,0,0,0,0,0,0,0,0,0.0,0.0,0.0,0.0,1,5,0,0.00,0.00,0.00,0.00,0.00,0.00,0.00,0.00,0.00,0.00
Luca Netz,de GER,DF,M'Gladbach,20-249,2003,15,14,"1,211",13.5,0,3,3,0,0,0,1,0,0.7,0.7,2.2,2.8,25,37,54,0.00,0.22,0.22,0.00,0.22,0.05,0.16,0.21,0.05,0.21
Manuel Neuer,de GER,GK,Bayern Munich,37-298,1986,8,8,720,8.0,0,0,0,0,0,0,0,0,0.0,0.0,0.0,0.0,0,2,0,0.00,0.00,0.00,0.00,0.00,0.00,0.00,0.00,0.00,0.00
Florian Neuhaus,de GER,MF,M'Gladbach,26-309,1997,14,7,607,6.7,3,0,3,3,0,0,1,0,1.7,1.7,0.5,2.2,15,36,19,0.44,0.00,0.44,0.44,0.44,0.25,0.08,0.33,0.25,0.33
Jessic Ngankam,de GER,FW,Eint Frankfurt,23-183,2000,14,2,278,3.1,0,0,0,0,0,1,2,0,1.5,0.7,0.0,0.7,2,1,16,0.00,0.00,0.00,0.00,0.00,0.48,0.01,0.49,0.23,0.24
Moritz Nicolas,de GER,GK,M'Gladbach,26-090,1997,15,15,"1,350",15.0,0,0,0,0,0,0,2,0,0.0,0.0,0.0,0.0,0,0,0,0.00,0.00,0.00,0.00,0.00,0.00,0.00,0.00,0.00,0.00
Justin Njinmah,de GER,"FW,MF",Werder Bremen,23-065,2000,15,3,433,4.8,3,2,5,3,0,0,1,0,2.6,2.6,1.6,4.2,11,6,48,0.62,0.42,1.04,0.62,1.04,0.53,0.34,0.87,0.53,0.87
Niels Nkounkou,fr FRA,"DF,MF",Eint Frankfurt,23-079,2000,13,4,507,5.6,1,2,3,1,0,0,0,0,0.3,0.3,1.1,1.4,18,15,27,0.18,0.36,0.53,0.18,0.53,0.05,0.20,0.25,0.05,0.25
Felix Nmecha,de GER,MF,Dortmund,23-101,2000,10,6,605,6.7,0,2,2,0,0,0,2,0,1.0,1.0,0.6,1.5,11,29,18,0.00,0.30,0.30,0.00,0.30,0.14,0.09,0.23,0.14,0.23
Alexander Nübel,de GER,GK,Stuttgart,27-111,1996,17,17,"1,530",17.0,0,0,0,0,0,0,0,0,0.0,0.0,0.0,0.0,0,0,0,0.00,0.00,0.00,0.00,0.00,0.00,0.00,0.00,0.00,0.00
Fabian Nürnberger,de GER,"DF,MF",Darmstadt 98,24-175,1999,12,11,955,10.6,1,1,2,1,0,0,2,0,0.5,0.5,1.4,1.9,16,41,56,0.09,0.09,0.19,0.09,0.19,0.05,0.13,0.18,0.05,0.18
Tim Oermann,de GER,"DF,MF",Bochum,20-105,2003,6,1,109,1.2,0,0,0,0,0,0,0,0,0.0,0.0,0.1,0.1,3,7,0,0.00,0.00,0.00,0.00,0.00,0.00,0.08,0.09,0.00,0.09
Masaya Okugawa,jp JPN,"FW,DF",Augsburg,27-280,1996,2,0,32,0.4,0,0,0,0,0,0,0,0,0.0,0.0,0.0,0.0,0,1,2,0.00,0.00,0.00,0.00,0.00,0.00,0.00,0.00,0.00,0.00
Finn Ole Becker,de GER,MF,Hoffenheim,23-225,2000,13,3,347,3.9,0,0,0,0,0,0,1,0,0.2,0.2,0.3,0.5,10,19,19,0.00,0.00,0.00,0.00,0.00,0.06,0.07,0.13,0.06,0.13
Mathias Olesen,lu LUX,"MF,FW",Köln,22-304,2001,6,0,112,1.2,0,0,0,0,0,0,2,1,0.0,0.0,0.0,0.0,2,7,2,0.00,0.00,0.00,0.00,0.00,0.02,0.01,0.03,0.02,0.03
Dani Olmo,es ESP,"MF,FW",RB Leipzig,25-257,1998,6,3,305,3.4,2,1,3,2,0,0,0,0,0.7,0.7,1.4,2.1,7,12,23,0.59,0.30,0.89,0.59,0.89,0.21,0.41,0.62,0.21,0.62
Jonas Omlin,ch SUI,GK,M'Gladbach,30-009,1994,2,2,180,2.0,0,1,1,0,0,0,0,0,0.0,0.0,0.4,0.4,0,0,0,0.00,0.50,0.50,0.00,0.50,0.00,0.18,0.18,0.00,0.18
Karim Onisiwo,at AUT,"FW,MF",Mainz 05,31-308,1992,13,10,887,9.9,0,3,3,0,0,0,0,0,1.0,1.0,1.1,2.1,17,18,73,0.00,0.30,0.30,0.00,0.30,0.11,0.11,0.22,0.11,0.22
Loïs Openda,be BEL,FW,RB Leipzig,23-337,2000,17,17,"1,345",14.9,11,4,15,9,2,2,4,0,12.0,10.4,3.2,13.6,42,22,123,0.74,0.27,1.00,0.60,0.87,0.80,0.22,1.02,0.69,0.91
Leon Opitz,de GER,"FW,DF",Werder Bremen,18-283,2005,2,0,17,0.2,0,0,0,0,0,0,0,0,0.0,0.0,0.0,0.0,1,0,2,0.00,0.00,0.00,0.00,0.00,0.00,0.00,0.00,0.00,0.00
Willi Orban,hu HUN,DF,RB Leipzig,31-077,1992,3,3,270,3.0,0,0,0,0,0,0,0,0,0.1,0.1,0.0,0.1,3,25,2,0.00,0.00,0.00,0.00,0.00,0.05,0.00,0.05,0.05,0.05
Ivan Ordets,ua UKR,DF,Bochum,31-195,1992,9,9,753,8.4,0,0,0,0,0,0,2,0,0.5,0.5,0.3,0.8,3,16,4,0.00,0.00,0.00,0.00,0.00,0.06,0.03,0.09,0.06,0.09
Patrick Osterhage,de GER,"MF,DF",Bochum,23-352,2000,12,9,862,9.6,2,0,2,2,0,0,2,0,0.7,0.7,0.2,0.9,12,32,38,0.21,0.00,0.21,0.21,0.21,0.07,0.02,0.09,0.07,0.09
Salih Özcan,tr TUR,MF,Dortmund,26-008,1998,10,7,638,7.1,0,0,0,0,0,0,2,0,0.1,0.1,0.7,0.9,9,30,11,0.00,0.00,0.00,0.00,0.00,0.02,0.10,0.12,0.02,0.12
Willian Pacho,ec ECU,DF,Eint Frankfurt,22-095,2001,17,17,"1,530",17.0,0,0,0,0,0,0,4,0,0.7,0.7,0.1,0.8,12,66,3,0.00,0.00,0.00,0.00,0.00,0.04,0.01,0.05,0.04,0.05
Gonçalo Paciência,pt POR,FW,Bochum,29-171,1994,11,5,479,5.3,3,0,3,3,0,0,2,0,2.0,2.0,0.8,2.8,8,17,34,0.56,0.00,0.56,0.56,0.56,0.38,0.14,0.52,0.38,0.52
Exequiel Palacios,ar ARG,MF,Leverkusen,25-106,1998,16,15,"1,295",14.4,3,2,5,2,1,1,5,0,1.8,1.0,2.8,3.8,21,112,34,0.21,0.14,0.35,0.14,0.28,0.13,0.19,0.32,0.07,0.26
Miloš Pantović,rs SRB,MF,Union Berlin,27-196,1996,1,0,15,0.2,1,0,1,1,0,0,0,0,0.8,0.8,0.0,0.8,1,0,1,6.00,0.00,6.00,6.00,6.00,4.55,0.00,4.55,4.55,4.55
Antonios Papadopoulos,de GER,DF,Dortmund,24-131,1999,1,0,27,0.3,0,0,0,0,0,0,0,0,0.0,0.0,0.0,0.0,0,1,0,0.00,0.00,0.00,0.00,0.00,0.00,0.00,0.00,0.00,0.00
Matondo-Merveille Papela,de GER,"MF,DF",Mainz 05,23-001,2001,8,2,202,2.2,0,0,0,0,0,0,1,0,0.1,0.1,0.3,0.4,6,8,8,0.00,0.00,0.00,0.00,0.00,0.04,0.14,0.18,0.04,0.18
Leart Paqarada,xk KVX,DF,Köln,29-103,1994,12,9,864,9.6,0,0,0,0,0,0,0,0,0.2,0.2,1.3,1.5,20,42,22,0.00,0.00,0.00,0.00,0.00,0.02,0.14,0.16,0.02,0.16
Kevin Paredes,us USA,"MF,FW",Wolfsburg,20-257,2003,13,3,350,3.9,1,0,1,1,0,0,1,0,0.9,0.9,0.3,1.2,9,12,32,0.26,0.00,0.26,0.26,0.26,0.23,0.08,0.31,0.23,0.31
Felix Passlack,de GER,DF,Bochum,25-235,1998,7,6,434,4.8,0,0,0,0,0,0,1,0,0.2,0.2,0.4,0.6,2,16,25,0.00,0.00,0.00,0.00,0.00,0.05,0.08,0.13,0.05,0.13
Jiří Pavlenka,cz CZE,GK,Werder Bremen,31-280,1992,7,7,630,7.0,0,0,0,0,0,0,0,0,0.0,0.0,0.0,0.0,0,0,0,0.00,0.00,0.00,0.00,0.00,0.00,0.00,0.00,0.00,0.00
Aleksandar Pavlovic,de GER,MF,Bayern Munich,19-261,2004,6,3,312,3.5,0,2,2,0,0,0,2,0,0.3,0.3,0.6,0.9,7,27,3,0.00,0.58,0.58,0.00,0.58,0.09,0.18,0.27,0.09,0.27
Mads Pedersen,dk DEN,DF,Augsburg,27-140,1996,15,13,"1,113",12.4,1,1,2,1,0,0,5,0,0.3,0.3,1.4,1.7,31,29,38,0.08,0.08,0.16,0.08,0.16,0.03,0.11,0.14,0.03,0.14
Jordan Pefok,us USA,FW,M'Gladbach,27-268,1996,10,7,522,5.8,3,1,4,3,0,0,0,0,3.1,3.1,0.9,4.0,3,11,30,0.52,0.17,0.69,0.52,0.69,0.54,0.15,0.69,0.54,0.69
Jordan Pefok,us USA,FW,Union Berlin,27-268,1996,1,0,27,0.3,0,0,0,0,0,0,0,0,0.0,0.0,0.1,0.1,0,0,1,0.00,0.00,0.00,0.00,0.00,0.00,0.40,0.40,0.00,0.40
Pavao Pervan,at AUT,GK,Wolfsburg,36-067,1987,3,3,270,3.0,0,0,0,0,0,0,0,0,0.0,0.0,0.0,0.0,0,0,0,0.00,0.00,0.00,0.00,0.00,0.00,0.00,0.00,0.00,0.00
Jens Petter Hauge,no NOR,"MF,FW",Eint Frankfurt,24-099,1999,9,0,145,1.6,0,0,0,0,0,0,0,0,0.1,0.1,0.1,0.1,7,6,14,0.00,0.00,0.00,0.00,0.00,0.05,0.05,0.09,0.05,0.09
Luca Pfeiffer,de GER,"FW,MF",Darmstadt 98,27-152,1996,17,14,"1,090",12.1,1,3,4,1,0,0,3,0,2.7,2.7,1.0,3.7,9,26,51,0.08,0.25,0.33,0.08,0.33,0.22,0.09,0.31,0.22,0.31
Patric Pfeiffer,de GER,DF,Augsburg,24-152,1999,6,4,371,4.1,0,1,1,0,0,0,0,0,0.2,0.2,0.6,0.8,1,12,3,0.00,0.24,0.24,0.00,0.24,0.06,0.14,0.19,0.06,0.19
Maximilian Philipp,de GER,"FW,MF",Freiburg,29-324,1994,7,1,235,2.6,1,0,1,1,0,0,1,0,0.4,0.4,0.1,0.5,2,4,24,0.38,0.00,0.38,0.38,0.38,0.14,0.04,0.18,0.14,0.18
Florian Pick,de GER,"MF,FW",Heidenheim,28-133,1995,12,1,216,2.4,0,0,0,0,0,0,1,0,0.1,0.1,0.2,0.3,7,7,18,0.00,0.00,0.00,0.00,0.00,0.06,0.08,0.14,0.06,0.14
Amos Pieper,de GER,DF,Werder Bremen,26-002,1998,6,6,540,6.0,0,0,0,0,0,0,0,0,0.2,0.2,0.8,1.0,3,23,3,0.00,0.00,0.00,0.00,0.00,0.04,0.13,0.17,0.04,0.17
Marvin Pieringer,de GER,"FW,MF",Heidenheim,24-107,1999,15,10,778,8.6,2,0,2,2,0,0,5,0,1.3,1.3,0.8,2.1,14,18,41,0.23,0.00,0.23,0.23,0.23,0.15,0.09,0.24,0.15,0.24
Alassane Pléa,fr FRA,"FW,MF",M'Gladbach,30-315,1993,17,16,"1,234",13.7,7,3,10,6,1,1,1,0,5.5,4.7,2.6,7.4,37,70,99,0.51,0.22,0.73,0.44,0.66,0.40,0.19,0.59,0.35,0.54
Yussuf Poulsen,dk DEN,FW,RB Leipzig,29-218,1994,16,9,874,9.7,3,1,4,3,0,0,0,0,3.7,3.7,0.8,4.5,8,13,62,0.31,0.10,0.41,0.31,0.41,0.38,0.08,0.47,0.38,0.47
Grischa Prömel,de GER,MF,Hoffenheim,29-010,1995,16,16,"1,295",14.4,2,5,7,2,0,0,8,1,2.7,2.7,2.6,5.3,20,60,38,0.14,0.35,0.49,0.14,0.49,0.19,0.18,0.37,0.19,0.37
Gustavo Puerta,co COL,"DF,MF",Leverkusen,20-180,2003,4,0,26,0.3,0,0,0,0,0,0,0,0,0.1,0.1,0.0,0.1,0,1,0,0.00,0.00,0.00,0.00,0.00,0.23,0.00,0.23,0.23,0.23
Luca Raimund,de GER,"FW,MF",Stuttgart,18-285,2005,2,0,29,0.3,0,0,0,0,0,0,1,0,0.9,0.9,0.0,0.9,0,1,2,0.00,0.00,0.00,0.00,0.00,2.88,0.00,2.88,2.88,2.88
Grant Ranos,am ARM,"FW,MF",M'Gladbach,20-183,2003,6,0,42,0.5,0,0,0,0,0,0,0,0,0.0,0.0,0.0,0.0,0,2,2,0.00,0.00,0.00,0.00,0.00,0.06,0.00,0.06,0.06,0.06
Nicolai Rapp,de GER,DF,Werder Bremen,27-037,1996,2,1,76,0.8,0,0,0,0,0,0,1,0,0.0,0.0,0.0,0.0,1,2,0,0.00,0.00,0.00,0.00,0.00,0.00,0.00,0.00,0.00,0.00
David Raum,de GER,DF,RB Leipzig,25-272,1998,17,17,"1,499",16.7,2,3,5,2,0,0,2,0,0.7,0.7,3.9,4.6,48,73,152,0.12,0.18,0.30,0.12,0.30,0.04,0.23,0.27,0.04,0.27
Rocco Reitz,de GER,MF,M'Gladbach,21-235,2002,17,14,"1,193",13.3,4,2,6,4,0,0,1,0,2.1,2.1,1.3,3.4,24,60,31,0.30,0.15,0.45,0.30,0.45,0.16,0.09,0.25,0.16,0.25
Marco Reus,de GER,"MF,FW",Dortmund,34-233,1989,14,11,927,10.3,4,2,6,4,0,0,1,0,3.9,3.9,2.4,6.4,11,29,42,0.39,0.19,0.58,0.39,0.58,0.38,0.23,0.62,0.38,0.62
Elvis Rexhbeçaj,de GER,MF,Augsburg,26-079,1997,17,17,"1,462",16.2,2,0,2,1,1,1,3,0,1.4,0.6,0.4,1.0,10,63,35,0.12,0.00,0.12,0.06,0.06,0.09,0.02,0.11,0.04,0.06
Gio Reyna,us USA,"MF,FW",Dortmund,21-067,2002,9,1,238,2.6,0,0,0,0,0,0,1,0,0.7,0.7,0.8,1.5,5,14,19,0.00,0.00,0.00,0.00,0.00,0.27,0.29,0.57,0.27,0.57
Marco Richter,de GER,"FW,MF",Mainz 05,26-056,1997,13,6,532,5.9,1,0,1,1,0,0,2,0,1.8,1.8,0.7,2.4,15,25,39,0.17,0.00,0.17,0.17,0.17,0.30,0.12,0.41,0.30,0.41
Clemens Riedel,de GER,DF,Darmstadt 98,20-184,2003,8,5,455,5.1,0,0,0,0,0,0,2,0,0.3,0.3,0.6,0.9,2,27,26,0.00,0.00,0.00,0.00,0.00,0.05,0.13,0.18,0.05,0.18
Manuel Riemann,de GER,GK,Bochum,35-132,1988,17,17,"1,530",17.0,0,0,0,0,0,0,3,0,0.0,0.0,0.1,0.1,0,6,0,0.00,0.00,0.00,0.00,0.00,0.00,0.00,0.00,0.00,0.00
Sebastian Rode,de GER,MF,Eint Frankfurt,33-100,1990,2,1,23,0.3,0,0,0,0,0,0,0,0,0.0,0.0,0.0,0.0,2,6,2,0.00,0.00,0.00,0.00,0.00,0.00,0.00,0.00,0.00,0.00
Rogério,br BRA,"DF,MF",Wolfsburg,26-006,1998,8,6,552,6.1,1,0,1,1,0,0,0,0,0.3,0.3,0.1,0.4,21,34,29,0.16,0.00,0.16,0.16,0.16,0.05,0.02,0.07,0.05,0.07
Merlin Röhl,de GER,"MF,FW",Freiburg,21-198,2002,13,10,851,9.5,1,4,5,1,0,0,3,0,1.8,1.8,1.8,3.6,25,21,45,0.11,0.42,0.53,0.11,0.53,0.19,0.19,0.38,0.19,0.38
Frank Ronstadt,de GER,"DF,MF",Darmstadt 98,26-182,1997,4,0,76,0.8,0,0,0,0,0,0,0,0,0.1,0.1,0.1,0.2,3,2,4,0.00,0.00,0.00,0.00,0.00,0.09,0.12,0.21,0.09,0.21
Anthony Rouault,fr FRA,DF,Stuttgart,22-235,2001,12,5,503,5.6,0,1,1,0,0,0,2,0,0.1,0.1,0.4,0.5,4,29,6,0.00,0.18,0.18,0.00,0.18,0.01,0.07,0.08,0.01,0.08
Jérôme Roussillon,fr FRA,DF,Union Berlin,31-013,1993,13,6,543,6.0,0,1,1,0,0,0,1,0,0.1,0.1,0.4,0.5,5,30,17,0.00,0.17,0.17,0.00,0.17,0.02,0.07,0.09,0.02,0.09
Fabian Rüdlin,de GER,MF,Freiburg,27-006,1997,1,0,7,0.1,0,0,0,0,0,0,0,0,0.0,0.0,0.0,0.0,0,1,0,0.00,0.00,0.00,0.00,0.00,0.00,0.00,0.00,0.00,0.00
Julian Ryerson,no NOR,DF,Dortmund,26-063,1997,10,10,893,9.9,3,1,4,3,0,0,1,0,1.0,1.0,1.8,2.8,19,31,62,0.30,0.10,0.40,0.30,0.40,0.10,0.19,0.29,0.10,0.29
Frederik Rønnow,dk DEN,GK,Union Berlin,31-168,1992,16,16,"1,440",16.0,0,0,0,0,0,0,2,0,0.0,0.0,0.0,0.0,0,0,0,0.00,0.00,0.00,0.00,0.00,0.00,0.00,0.00,0.00,0.00
Marcel Sabitzer,at AUT,MF,Dortmund,29-308,1994,12,11,928,10.3,2,1,3,2,0,0,2,0,1.7,1.7,0.9,2.6,19,52,27,0.19,0.10,0.29,0.19,0.29,0.17,0.08,0.25,0.17,0.25
Roland Sallai,hu HUN,"FW,MF",Freiburg,26-242,1997,13,10,849,9.4,2,0,2,2,0,0,2,0,4.0,4.0,1.7,5.6,21,19,70,0.21,0.00,0.21,0.21,0.21,0.42,0.18,0.60,0.42,0.60
Diadie Samassékou,ml MLI,MF,Hoffenheim,28-008,1996,1,0,1,0.0,0,0,0,0,0,0,0,0,0.0,0.0,0.0,0.0,0,0,0,0.00,0.00,0.00,0.00,0.00,0.00,0.00,0.00,0.00,0.00
Jadon Sancho,eng ENG,FW,Dortmund,23-300,2000,1,0,36,0.4,0,1,1,0,0,0,0,0,0.1,0.1,1.3,1.4,2,0,7,0.00,2.50,2.50,0.00,2.50,0.21,3.19,3.40,0.21,3.40
Leroy Sané,de GER,FW,Bayern Munich,28-008,1996,16,16,"1,386",15.4,8,10,18,8,0,0,2,0,8.8,8.8,9.1,17.8,85,74,182,0.52,0.65,1.17,0.52,1.17,0.57,0.59,1.16,0.57,1.16
Amin Sarr,se SWE,"FW,MF",Wolfsburg,22-314,2001,5,0,98,1.1,0,0,0,0,0,0,0,0,0.0,0.0,0.0,0.0,1,2,7,0.00,0.00,0.00,0.00,0.00,0.00,0.00,0.00,0.00,0.00
Bouna Sarr,sn SEN,DF,Bayern Munich,31-353,1992,2,1,106,1.2,0,0,0,0,0,0,0,0,0.2,0.2,0.0,0.2,3,2,4,0.00,0.00,0.00,0.00,0.00,0.19,0.00,0.19,0.19,0.19
Joe Scally,us USA,DF,M'Gladbach,21-019,2002,17,14,"1,250",13.9,1,1,2,1,0,0,4,0,0.1,0.1,0.4,0.5,15,49,32,0.07,0.07,0.14,0.07,0.14,0.01,0.03,0.03,0.01,0.03
András Schäfer,hu HUN,MF,Union Berlin,24-281,1999,5,1,191,2.1,0,0,0,0,0,0,0,0,0.1,0.1,0.1,0.2,9,11,15,0.00,0.00,0.00,0.00,0.00,0.03,0.05,0.08,0.03,0.08
Patrik Schick,cz CZE,FW,Leverkusen,27-360,1996,6,2,206,2.3,3,0,3,2,1,1,0,0,2.2,1.4,0.2,1.6,3,2,19,1.31,0.00,1.31,0.87,0.87,0.95,0.07,1.03,0.61,0.68
Stefan Schimmer,de GER,"MF,FW",Heidenheim,29-266,1994,9,0,73,0.8,0,1,1,0,0,0,0,0,0.2,0.2,0.9,1.0,1,1,4,0.00,1.23,1.23,0.00,1.23,0.19,1.07,1.26,0.19,1.26
Xaver Schlager,at AUT,MF,RB Leipzig,26-113,1997,15,15,"1,324",14.7,0,1,1,0,0,0,1,0,0.6,0.6,1.5,2.1,41,122,26,0.00,0.07,0.07,0.00,0.07,0.04,0.10,0.14,0.04,0.14
Keven Schlotterbeck,de GER,DF,Bochum,26-266,1997,12,10,902,10.0,1,0,1,1,0,0,6,0,0.7,0.7,0.3,0.9,3,28,4,0.10,0.00,0.10,0.10,0.10,0.07,0.03,0.09,0.07,0.09
Nico Schlotterbeck,de GER,DF,Dortmund,24-049,1999,16,16,"1,391",15.5,1,0,1,1,0,0,0,0,1.1,1.1,0.7,1.9,31,84,7,0.06,0.00,0.06,0.06,0.06,0.07,0.05,0.12,0.07,0.12
Romano Schmid,at AUT,MF,Werder Bremen,23-357,2000,17,14,"1,242",13.8,1,2,3,1,0,0,2,0,2.7,2.7,2.8,5.5,41,75,78,0.07,0.14,0.22,0.07,0.22,0.20,0.20,0.40,0.20,0.40
Kenneth Schmidt,de GER,DF,Freiburg,21-230,2002,5,0,68,0.8,0,0,0,0,0,0,0,0,0.0,0.0,0.1,0.1,2,4,3,0.00,0.00,0.00,0.00,0.00,0.02,0.09,0.12,0.02,0.12
Benno Schmitz,de GER,DF,Köln,29-063,1994,9,6,537,6.0,0,0,0,0,0,0,1,0,0.1,0.1,0.2,0.2,13,38,25,0.00,0.00,0.00,0.00,0.00,0.01,0.03,0.04,0.01,0.04
Fabian Schnellhardt,de GER,MF,Darmstadt 98,30-007,1994,6,2,208,2.3,0,0,0,0,0,0,1,0,0.2,0.2,0.0,0.2,5,14,9,0.00,0.00,0.00,0.00,0.00,0.10,0.01,0.11,0.10,0.11
Jan Schöppner,de GER,MF,Heidenheim,24-221,1999,9,7,626,7.0,2,0,2,2,0,0,2,0,0.8,0.8,0.4,1.3,7,19,16,0.29,0.00,0.29,0.29,0.29,0.12,0.06,0.18,0.12,0.18
Marcel Schuhen,de GER,GK,Darmstadt 98,31-006,1993,16,16,"1,440",16.0,0,0,0,0,0,0,1,0,0.0,0.0,0.0,0.0,0,4,0,0.00,0.00,0.00,0.00,0.00,0.00,0.00,0.00,0.00,0.00
Marvin Schwäbe,de GER,GK,Köln,28-269,1995,17,17,"1,530",17.0,0,0,0,0,0,0,0,0,0.0,0.0,0.0,0.0,0,0,0,0.00,0.00,0.00,0.00,0.00,0.00,0.00,0.00,0.00,0.00
Nicolas Seiwald,at AUT,MF,RB Leipzig,22-260,2001,6,1,147,1.6,0,0,0,0,0,0,1,0,0.0,0.0,0.0,0.0,0,3,0,0.00,0.00,0.00,0.00,0.00,0.00,0.00,0.00,0.00,0.00
Davie Selke,de GER,FW,Köln,28-364,1995,15,14,"1,083",12.0,5,0,5,5,0,0,2,0,4.0,4.0,0.3,4.3,9,13,41,0.42,0.00,0.42,0.42,0.42,0.33,0.03,0.36,0.33,0.36
Benjamin Šeško,si SVN,FW,RB Leipzig,20-233,2003,14,4,417,4.6,3,0,3,3,0,0,0,0,2.2,2.2,0.3,2.5,8,5,29,0.65,0.00,0.65,0.65,0.65,0.47,0.07,0.53,0.47,0.53
Kevin Sessa,de GER,"MF,FW",Heidenheim,23-197,2000,13,0,263,2.9,0,0,0,0,0,0,0,0,0.8,0.8,0.2,1.0,7,15,19,0.00,0.00,0.00,0.00,0.00,0.27,0.06,0.33,0.27,0.33
Aaron Seydel,de GER,FW,Darmstadt 98,27-346,1996,6,3,258,2.9,0,0,0,0,0,0,1,0,0.4,0.4,0.2,0.6,3,7,7,0.00,0.00,0.00,0.00,0.00,0.13,0.09,0.21,0.13,0.21
Tim Siersleben,de GER,DF,Heidenheim,23-316,2000,10,9,811,9.0,0,0,0,0,0,0,1,0,0.2,0.2,0.5,0.7,7,44,1,0.00,0.00,0.00,0.00,0.00,0.02,0.06,0.08,0.02,0.08
Kiliann Sildillia,fr FRA,DF,Freiburg,21-248,2002,16,13,"1,128",12.5,0,1,1,0,0,0,2,0,0.1,0.1,0.8,1.0,14,43,42,0.00,0.08,0.08,0.00,0.08,0.01,0.07,0.08,0.01,0.08
Mohamed Simakan,fr FRA,DF,RB Leipzig,23-261,2000,17,16,"1,415",15.7,1,1,2,1,0,0,4,0,2.4,2.4,1.2,3.6,18,78,24,0.06,0.06,0.13,0.06,0.13,0.15,0.08,0.23,0.15,0.23
Xavi Simons,nl NED,MF,RB Leipzig,20-273,2003,17,17,"1,357",15.1,4,7,11,4,0,1,4,0,4.0,3.2,4.0,7.2,67,85,114,0.27,0.46,0.73,0.27,0.73,0.27,0.27,0.53,0.21,0.48
Tim Skarke,de GER,"FW,MF",Darmstadt 98,27-134,1996,15,14,"1,170",13.0,6,0,6,6,0,0,4,0,1.8,1.8,0.7,2.5,29,33,88,0.46,0.00,0.46,0.46,0.46,0.14,0.05,0.19,0.14,0.19
Ellyes Skhiri,tn TUN,MF,Eint Frankfurt,28-254,1995,14,13,"1,197",13.3,2,1,3,2,0,0,0,0,1.9,1.9,0.8,2.6,6,64,17,0.15,0.08,0.23,0.15,0.23,0.14,0.06,0.20,0.14,0.20
Robert Skov,dk DEN,"DF,FW",Hoffenheim,27-244,1996,15,10,835,9.3,3,3,6,3,0,0,2,0,1.1,1.1,1.6,2.7,15,35,62,0.32,0.32,0.65,0.32,0.65,0.12,0.17,0.29,0.12,0.29
Hrvoje Smolčić,hr CRO,DF,Eint Frankfurt,23-155,2000,7,2,248,2.8,1,0,1,1,0,0,0,0,1.0,1.0,0.0,1.0,0,7,0,0.36,0.00,0.36,0.36,0.36,0.37,0.01,0.37,0.37,0.37
Danilo Soares,br BRA,DF,Bochum,32-082,1991,5,3,351,3.9,0,0,0,0,0,0,0,0,0.0,0.0,0.1,0.1,3,15,8,0.00,0.00,0.00,0.00,0.00,0.01,0.03,0.04,0.01,0.04
Borna Sosa,hr CRO,"FW,DF",Stuttgart,25-363,1998,2,0,46,0.5,0,0,0,0,0,0,0,0,0.0,0.0,0.3,0.3,5,2,10,0.00,0.00,0.00,0.00,0.00,0.06,0.57,0.63,0.06,0.63
Anton Stach,de GER,MF,Hoffenheim,25-065,1998,14,12,"1,123",12.5,1,0,1,1,0,0,2,0,0.8,0.8,1.5,2.3,26,64,24,0.08,0.00,0.08,0.08,0.08,0.07,0.12,0.19,0.07,0.19
Anton Stach,de GER,MF,Mainz 05,25-065,1998,2,2,170,1.9,0,0,0,0,0,0,0,0,0.2,0.2,0.1,0.3,3,8,10,0.00,0.00,0.00,0.00,0.00,0.10,0.06,0.16,0.10,0.16
Jens Stage,dk DEN,MF,Werder Bremen,27-072,1996,17,16,"1,432",15.9,2,1,3,2,0,0,4,0,2.6,2.6,1.0,3.7,10,50,30,0.13,0.06,0.19,0.13,0.19,0.16,0.07,0.23,0.16,0.23
Josip Stanišić,hr CRO,DF,Leverkusen,23-292,2000,7,3,345,3.8,0,0,0,0,0,0,0,0,0.0,0.0,0.4,0.4,16,30,10,0.00,0.00,0.00,0.00,0.00,0.00,0.10,0.10,0.00,0.10
Niklas Stark,de GER,DF,Werder Bremen,28-280,1995,9,7,666,7.4,2,0,2,2,0,0,2,0,0.2,0.2,0.0,0.2,3,20,0,0.27,0.00,0.27,0.27,0.27,0.03,0.00,0.03,0.03,0.03
Pascal Stenzel,de GER,DF,Stuttgart,27-305,1996,12,11,803,8.9,0,3,3,0,0,0,1,0,0.2,0.2,2.0,2.2,27,65,35,0.00,0.34,0.34,0.00,0.34,0.03,0.23,0.25,0.03,0.25
Leonidas Stergiou,ch SUI,DF,Stuttgart,21-322,2002,5,0,43,0.5,0,0,0,0,0,0,0,0,0.0,0.0,0.0,0.0,1,2,1,0.00,0.00,0.00,0.00,0.00,0.00,0.00,0.00,0.00,0.00
Angelo Stiller,de GER,MF,Hoffenheim,22-290,2001,1,1,84,0.9,0,0,0,0,0,0,0,0,0.1,0.1,0.0,0.1,2,7,3,0.00,0.00,0.00,0.00,0.00,0.09,0.03,0.12,0.09,0.12
Angelo Stiller,de GER,MF,Stuttgart,22-290,2001,15,14,"1,280",14.2,0,3,3,0,0,0,1,0,0.5,0.5,2.4,3.0,16,110,33,0.00,0.21,0.21,0.00,0.21,0.04,0.17,0.21,0.04,0.21
Kevin Stöger,at AUT,MF,Bochum,30-145,1993,16,16,"1,265",14.1,4,4,8,1,3,3,6,0,3.7,1.4,3.4,4.7,40,140,50,0.28,0.28,0.57,0.07,0.36,0.27,0.24,0.51,0.10,0.34
Filip Stojilković,ch SUI,"FW,MF",Darmstadt 98,24-015,2000,6,0,154,1.7,0,0,0,0,0,0,1,0,0.2,0.2,0.0,0.2,4,3,10,0.00,0.00,0.00,0.00,0.00,0.11,0.00,0.11,0.11,0.11
Niklas Süle,de GER,DF,Dortmund,28-138,1995,12,4,620,6.9,1,0,1,1,0,0,0,0,0.3,0.3,0.1,0.4,12,43,6,0.15,0.00,0.15,0.15,0.15,0.04,0.02,0.06,0.04,0.06
Mattias Svanberg,se SWE,MF,Wolfsburg,25-014,1999,16,15,"1,223",13.6,1,3,4,1,0,0,5,0,2.1,2.1,1.4,3.5,20,64,36,0.07,0.22,0.29,0.07,0.29,0.15,0.10,0.25,0.15,0.25
Attila Szalai,hu HUN,DF,Hoffenheim,25-364,1998,4,4,288,3.2,0,0,0,0,0,0,1,0,0.0,0.0,0.5,0.5,2,13,3,0.00,0.00,0.00,0.00,0.00,0.00,0.16,0.16,0.00,0.16
Jonathan Tah,de GER,DF,Leverkusen,27-342,1996,15,15,"1,307",14.5,3,0,3,3,0,0,4,0,1.2,1.2,0.1,1.3,8,53,1,0.21,0.00,0.21,0.21,0.21,0.09,0.00,0.09,0.09,0.09
Edmond Tapsoba,bf BFA,DF,Leverkusen,24-351,1999,14,13,"1,173",13.0,0,0,0,0,0,0,3,0,0.6,0.6,0.8,1.4,27,85,6,0.00,0.00,0.00,0.00,0.00,0.05,0.06,0.11,0.05,0.11
Mathys Tel,fr FRA,"FW,MF",Bayern Munich,18-267,2005,12,0,231,2.6,3,2,5,3,0,0,1,0,0.7,0.7,0.3,1.1,11,7,27,1.17,0.78,1.95,1.17,1.95,0.28,0.13,0.41,0.28,0.41
Nathan Tella,ng NGA,DF,Leverkusen,24-198,1999,8,0,79,0.9,1,0,1,1,0,0,0,0,0.1,0.1,0.5,0.7,3,6,11,1.14,0.00,1.14,1.14,1.14,0.17,0.61,0.78,0.17,0.78
Norman Theuerkauf,de GER,"MF,DF",Heidenheim,36-360,1987,13,10,772,8.6,0,1,1,0,0,0,2,0,0.3,0.3,0.3,0.6,2,25,13,0.00,0.12,0.12,0.00,0.12,0.03,0.04,0.07,0.03,0.07
Jan Thielmann,de GER,"FW,MF",Köln,21-238,2002,8,6,527,5.9,0,0,0,0,0,0,1,0,0.7,0.7,0.3,1.0,17,25,25,0.00,0.00,0.00,0.00,0.00,0.13,0.04,0.17,0.13,0.17
Denis Thomalla,de GER,"MF,FW",Heidenheim,31-156,1992,14,3,353,3.9,0,0,0,0,0,0,0,0,0.3,0.3,0.3,0.6,3,19,14,0.00,0.00,0.00,0.00,0.00,0.07,0.08,0.15,0.07,0.15
Phillip Tietz,de GER,FW,Augsburg,26-194,1997,17,14,"1,134",12.6,3,2,5,3,0,0,0,0,5.2,5.2,1.2,6.3,8,17,50,0.24,0.16,0.40,0.24,0.40,0.41,0.09,0.50,0.41,0.50
Steffen Tigges,de GER,"FW,MF",Köln,25-172,1998,12,4,392,4.4,0,0,0,0,0,0,0,0,0.5,0.5,0.4,0.8,3,6,27,0.00,0.00,0.00,0.00,0.00,0.10,0.09,0.19,0.10,0.19
Umut Tohumcu,de GER,MF,Hoffenheim,19-161,2004,5,3,215,2.4,0,1,1,0,0,0,2,0,0.1,0.1,0.4,0.5,3,9,7,0.00,0.42,0.42,0.00,0.42,0.05,0.17,0.22,0.05,0.22
Tiago Tomás,pt POR,"FW,MF",Wolfsburg,21-217,2002,15,6,603,6.7,1,0,1,1,0,0,2,0,1.9,1.9,0.3,2.3,16,13,73,0.15,0.00,0.15,0.15,0.15,0.28,0.05,0.34,0.28,0.34
Fabio Torsiello,it ITA,"FW,DF",Darmstadt 98,18-351,2005,4,0,30,0.3,0,0,0,0,0,0,0,0,0.1,0.1,0.0,0.1,1,1,3,0.00,0.00,0.00,0.00,0.00,0.26,0.00,0.26,0.26,0.26
Lucas Tousart,fr FRA,MF,Union Berlin,26-265,1997,7,3,306,3.4,0,0,0,0,0,0,1,0,0.1,0.1,0.4,0.5,2,8,11,0.00,0.00,0.00,0.00,0.00,0.04,0.12,0.16,0.04,0.16
Omar Traoré,de GER,DF,Heidenheim,25-349,1998,15,13,"1,136",12.6,0,1,1,0,0,0,2,0,0.1,0.1,0.7,0.7,29,36,40,0.00,0.08,0.08,0.00,0.08,0.01,0.05,0.06,0.01,0.06
Kevin Trapp,de GER,GK,Eint Frankfurt,33-195,1990,16,16,"1,440",16.0,0,0,0,0,0,0,1,0,0.0,0.0,0.0,0.0,0,0,0,0.00,0.00,0.00,0.00,0.00,0.00,0.00,0.00,0.00,0.00
Christopher Trimmel,at AUT,"DF,MF",Union Berlin,36-329,1987,12,8,752,8.4,0,1,1,0,0,0,0,0,0.4,0.4,0.8,1.2,9,40,38,0.00,0.12,0.12,0.00,0.12,0.05,0.10,0.15,0.05,0.14
Tuta,br BRA,DF,Eint Frankfurt,24-199,1999,16,16,"1,351",15.0,0,1,1,0,0,0,0,0,0.4,0.4,1.2,1.6,10,57,16,0.00,0.07,0.07,0.00,0.07,0.03,0.08,0.11,0.03,0.11
Lukas Ullrich,de GER,DF,M'Gladbach,19-309,2004,2,0,21,0.2,0,0,0,0,0,0,0,0,0.0,0.0,0.0,0.0,0,0,5,0.00,0.00,0.00,0.00,0.00,0.00,0.00,0.00,0.00,0.00
Sven Ulreich,de GER,GK,Bayern Munich,35-169,1988,8,8,720,8.0,0,0,0,0,0,0,1,0,0.0,0.0,0.0,0.0,0,0,0,0.00,0.00,0.00,0.00,0.00,0.00,0.00,0.00,0.00,0.00
Deniz Undav,de GER,FW,Stuttgart,27-184,1996,14,9,870,9.7,9,3,12,9,0,1,3,0,8.4,7.6,2.5,10.0,21,38,78,0.93,0.31,1.24,0.93,1.24,0.86,0.25,1.12,0.78,1.04
Dayot Upamecano,fr FRA,DF,Bayern Munich,25-084,1998,14,13,"1,140",12.7,1,0,1,1,0,0,1,0,0.9,0.9,0.4,1.3,14,79,2,0.08,0.00,0.08,0.08,0.08,0.07,0.03,0.10,0.07,0.10
Mark Uth,de GER,"MF,FW",Köln,32-148,1991,7,3,258,2.9,0,0,0,0,0,0,1,0,1.2,1.2,0.7,1.8,6,9,20,0.00,0.00,0.00,0.00,0.00,0.41,0.23,0.64,0.41,0.64
Josha Vagnoman,de GER,"DF,FW",Stuttgart,23-039,2000,7,3,350,3.9,1,1,2,1,0,0,0,0,0.7,0.7,0.8,1.4,7,7,25,0.26,0.26,0.51,0.26,0.51,0.17,0.20,0.37,0.17,0.37
Ruben Vargas,ch SUI,"MF,FW",Augsburg,25-167,1998,15,9,794,8.8,1,1,2,1,0,0,1,0,1.1,1.1,1.0,2.1,16,24,47,0.11,0.11,0.23,0.11,0.23,0.12,0.12,0.24,0.12,0.24
Miloš Veljković,rs SRB,DF,Werder Bremen,28-115,1995,13,12,"1,097",12.2,1,1,2,1,0,0,2,0,0.9,0.9,0.5,1.4,7,47,7,0.08,0.08,0.16,0.08,0.16,0.07,0.04,0.12,0.07,0.12
Oscar Vilhelmsson,se SWE,"FW,MF",Darmstadt 98,20-109,2003,10,5,490,5.4,1,0,1,1,0,0,1,0,0.8,0.8,0.0,0.8,3,1,27,0.18,0.00,0.18,0.18,0.18,0.15,0.00,0.15,0.15,0.15
Kevin Vogt,de GER,DF,Hoffenheim,32-118,1991,16,14,"1,319",14.7,0,0,0,0,0,0,2,0,0.7,0.7,0.1,0.8,16,84,12,0.00,0.00,0.00,0.00,0.00,0.05,0.01,0.05,0.05,0.05
Kevin Vogt,de GER,DF,Union Berlin,32-118,1991,1,1,90,1.0,0,0,0,0,0,0,0,0,0.0,0.0,0.0,0.0,0,2,0,0.00,0.00,0.00,0.00,0.00,0.00,0.00,0.00,0.00,0.00
Kevin Volland,de GER,"MF,FW",Union Berlin,31-173,1992,11,7,584,6.5,2,3,5,1,1,1,0,1,1.9,1.1,1.5,2.6,5,21,51,0.31,0.46,0.77,0.15,0.62,0.30,0.22,0.52,0.18,0.40
Aster Vranckx,be BEL,MF,Wolfsburg,21-107,2002,13,7,706,7.8,0,0,0,0,0,0,5,0,0.0,0.0,0.2,0.2,3,31,6,0.00,0.00,0.00,0.00,0.00,0.01,0.02,0.03,0.01,0.03
Luca Waldschmidt,de GER,"MF,FW",Köln,27-245,1996,15,10,848,9.4,2,0,2,2,0,0,0,0,1.7,1.7,1.0,2.7,26,37,42,0.21,0.00,0.21,0.21,0.21,0.18,0.11,0.29,0.18,0.29
Wout Weghorst,nl NED,FW,Hoffenheim,31-165,1992,13,13,"1,050",11.7,4,0,4,3,1,1,3,0,3.8,3.0,1.7,4.7,9,21,51,0.34,0.00,0.34,0.26,0.26,0.33,0.15,0.47,0.26,0.41
Julian Weigl,de GER,MF,M'Gladbach,28-133,1995,16,16,"1,431",15.9,1,2,3,0,1,1,5,0,1.2,0.4,1.6,1.9,8,60,5,0.06,0.13,0.19,0.00,0.13,0.07,0.10,0.17,0.02,0.12
Nelson Weiper,de GER,"FW,MF",Mainz 05,18-308,2005,3,1,104,1.2,0,0,0,0,0,0,0,0,0.0,0.0,0.2,0.2,3,2,17,0.00,0.00,0.00,0.00,0.00,0.04,0.13,0.17,0.04,0.17
Mitchell Weiser,de GER,"DF,FW",Werder Bremen,29-273,1994,17,17,"1,474",16.4,1,4,5,1,0,0,3,0,1.2,1.2,1.7,2.9,39,60,98,0.06,0.24,0.31,0.06,0.31,0.07,0.11,0.18,0.07,0.18
Noah Weißhaupt,de GER,"DF,MF",Freiburg,22-121,2001,14,5,533,5.9,1,1,2,1,0,0,1,0,0.4,0.4,1.1,1.5,31,17,59,0.17,0.17,0.34,0.17,0.34,0.07,0.19,0.26,0.07,0.26
Timo Werner,de GER,"FW,MF",RB Leipzig,27-319,1996,8,2,207,2.3,2,0,2,1,1,1,0,0,2.4,1.6,0.0,1.6,10,6,32,0.87,0.00,0.87,0.43,0.43,1.02,0.02,1.04,0.68,0.70
Silvan Widmer,ch SUI,"DF,FW",Mainz 05,30-320,1993,5,5,443,4.9,1,0,1,1,0,0,2,0,0.1,0.1,1.4,1.5,13,24,30,0.20,0.00,0.20,0.20,0.20,0.03,0.28,0.31,0.03,0.31
Patrick Wimmer,at AUT,FW,Wolfsburg,22-234,2001,6,4,280,3.1,0,0,0,0,0,0,1,0,0.3,0.3,0.1,0.4,3,7,15,0.00,0.00,0.00,0.00,0.00,0.08,0.04,0.12,0.08,0.12
Jonas Wind,dk DEN,FW,Wolfsburg,24-346,1999,17,17,"1,492",16.6,9,4,13,9,0,1,3,0,6.5,5.6,3.0,8.6,6,43,72,0.54,0.24,0.78,0.54,0.78,0.39,0.18,0.58,0.34,0.52
Florian Wirtz,de GER,MF,Leverkusen,20-261,2003,17,15,"1,291",14.3,5,7,12,5,0,0,1,0,4.0,4.0,4.0,8.0,76,113,147,0.35,0.49,0.84,0.35,0.84,0.28,0.28,0.56,0.28,0.56
Maximilian Wittek,de GER,"DF,MF",Bochum,28-151,1995,9,7,497,5.5,0,1,1,0,0,0,1,0,0.3,0.3,0.5,0.8,10,34,20,0.00,0.18,0.18,0.00,0.18,0.05,0.09,0.14,0.05,0.14
Maximilian Wöber,at AUT,DF,M'Gladbach,25-349,1998,15,15,"1,321",14.7,1,2,3,1,0,0,3,1,0.8,0.8,1.0,1.8,23,84,17,0.07,0.14,0.20,0.07,0.20,0.05,0.06,0.12,0.05,0.12
Marius Wolf,de GER,DF,Dortmund,28-237,1995,12,7,630,7.0,0,1,1,0,0,0,2,0,0.2,0.2,1.0,1.2,24,28,51,0.00,0.14,0.14,0.00,0.14,0.03,0.14,0.18,0.03,0.18
Nick Woltemade,de GER,"FW,MF",Werder Bremen,21-339,2002,13,1,268,3.0,0,0,0,0,0,0,0,0,0.7,0.7,0.4,1.1,5,9,26,0.00,0.00,0.00,0.00,0.00,0.22,0.14,0.35,0.22,0.35
Jeong Woo-yeong,kr KOR,MF,Stuttgart,24-121,1999,12,4,380,4.2,0,2,2,0,0,0,0,0,0.8,0.8,0.9,1.7,9,12,29,0.00,0.47,0.47,0.00,0.47,0.20,0.21,0.41,0.20,0.41
Granit Xhaka,ch SUI,MF,Leverkusen,31-114,1992,17,17,"1,505",16.7,0,0,0,0,0,0,3,0,0.9,0.9,1.2,2.1,33,198,21,0.00,0.00,0.00,0.00,0.00,0.05,0.07,0.12,0.05,0.12
Dan-Axel Zagadou,fr FRA,DF,Stuttgart,24-230,1999,17,14,"1,273",14.1,1,0,1,1,0,0,1,0,0.9,0.9,0.1,1.1,2,67,2,0.07,0.00,0.07,0.07,0.07,0.07,0.01,0.07,0.07,0.07
Robin Zentner,de GER,GK,Mainz 05,29-083,1994,13,13,"1,170",13.0,0,0,0,0,0,0,2,0,0.0,0.0,0.0,0.0,0,1,0,0.00,0.00,0.00,0.00,0.00,0.00,0.00,0.00,0.00,0.00
Cedric Zesiger,ch SUI,DF,Wolfsburg,25-209,1998,13,11,936,10.4,0,0,0,0,0,0,4,0,0.9,0.9,0.0,0.9,8,49,0,0.00,0.00,0.00,0.00,0.00,0.09,0.00,0.09,0.09,0.09
Michael Zetterer,de GER,GK,Werder Bremen,28-191,1995,10,10,900,10.0,0,0,0,0,0,0,1,0,0.0,0.0,0.0,0.0,0,0,0,0.00,0.00,0.00,0.00,0.00,0.00,0.00,0.00,0.00,0.00
Christoph Zimmermann,de GER,DF,Darmstadt 98,31-007,1993,7,5,445,4.9,0,0,0,0,0,0,0,0,0.0,0.0,0.0,0.0,1,9,0,0.00,0.00,0.00,0.00,0.00,0.00,0.00,0.00,0.00,0.00
Simon Zoller,de GER,"FW,MF",Bochum,32-207,1991,1,0,45,0.5,0,0,0,0,0,0,0,0,0.0,0.0,0.0,0.0,0,0,0,0.00,0.00,0.00,0.00,0.00,0.00,0.00,0.00,0.00,0.00
